TestName,Tool,Group,Pass,ExitCode,Tags,InputBytes,AllowedTimeout,TimeUser,TimeSystem,TimeWall,RamUsageMiB
sanity,VerihoggFormat,,True,1,sanity,653,30,0.001379,0.006347,0.007095,19.82
discarding_soft_constraints_0,VerihoggFormat,,True,0,18.5.14.2,521,30,0.007333,0.002919,0.010805,17.836
in-line_constraints--randomize_5,VerihoggFormat,,True,0,18.7,496,30,0.005061,0.007671,0.013589,19.898
soft_constraint_priorities_3,VerihoggFormat,,False,1,uvm uvm-random,3902,300,1.186824,0.460567,12.29158,1013.727
randomization_of_scope_variables_0,VerihoggFormat,,True,0,18.12,524,30,0.005666,0.006839,0.012821,17.703
static_constraint_blocks_0,VerihoggFormat,,True,0,18.5.11,431,30,0.006754,0.004317,0.011284,17.773
discarding_soft_constraints_5,VerihoggFormat,,False,1,uvm uvm-random,3853,300,1.170895,0.468144,12.289777,1013.953
behavior_of_randomization_methods_0,VerihoggFormat,,True,0,18.6.3,443,30,0.005216,0.007437,0.013044,17.586
get_randstate_0,VerihoggFormat,,False,1,uvm uvm-random,3819,300,1.200887,0.418218,12.119153,1011.637
distribution_0,VerihoggFormat,,True,0,18.5.4,395,30,0.004818,0.007392,0.012743,17.574
disabling-random-variables-with-rand_mode_0,VerihoggFormat,,False,1,uvm uvm-random,3871,300,1.198196,0.427572,12.189722,1012.828
constraint_blocks_1,VerihoggFormat,,False,1,uvm uvm-random,3714,300,1.198323,0.43593,12.152125,1012.613
foreach_iterative_constraints_0,VerihoggFormat,,True,0,18.5.8.1,459,30,0.004335,0.007505,0.012316,17.762
constraint_guards_0,VerihoggFormat,,True,0,18.5.13,453,30,0.00119,0.010996,0.012944,17.898
implication_0,VerihoggFormat,,True,0,18.5.6,425,30,0.004523,0.007497,0.012509,17.57
manually_seeding_randomize_1,VerihoggFormat,,False,1,uvm uvm-random,3919,300,1.176634,0.465717,12.265506,1013.562
in-line_constraints--randomize_1,VerihoggFormat,,True,0,18.7,577,30,0.00758,0.003794,0.012477,19.887
adding_constraints_to_scope_variables_0,VerihoggFormat,,True,0,18.12.1,569,30,0.005013,0.006897,0.012829,19.941
random_weighted_case_randcase_0,VerihoggFormat,,True,0,18.16,597,30,0.008643,0.004277,0.013871,19.996
pure_constraint_1,VerihoggFormat,,False,1,uvm uvm-random,3779,300,1.22082,0.424364,12.185668,1014.082
post_randomize_method_0,VerihoggFormat,,True,0,18.6.2,477,30,0.005459,0.006662,0.012665,17.648
urandom_range_1,VerihoggFormat,,False,1,uvm uvm-random,3931,300,1.192721,0.445391,12.230744,1013.359
in-line_constraints--randomize_4,VerihoggFormat,,False,1,uvm uvm-random,3868,300,1.187349,0.442085,12.17773,1013.688
random_stability_3,VerihoggFormat,,False,1,uvm uvm-random,4043,300,1.160365,0.482748,12.189799,1012.754
uniqueness_constraints_0,VerihoggFormat,,True,0,18.5.5,494,30,0.001259,0.009753,0.012015,17.641
interleaving_productions_rand_join_2,VerihoggFormat,,True,0,18.17.5,718,30,0.004665,0.007887,0.013935,20.156
global_constraints_0,VerihoggFormat,,True,0,18.5.9,446,30,0.001447,0.010413,0.012378,17.605
case_production_statements_0,VerihoggFormat,,True,0,18.17.3,866,30,0.001543,0.010092,0.013621,20.016
discarding_soft_constraints_1,VerihoggFormat,,False,1,uvm uvm-random,3853,300,1.208886,0.426378,12.175736,1013.617
adding_constraints_to_scope_variables_1,VerihoggFormat,,False,1,uvm uvm-random,3922,300,1.169496,0.468378,12.285396,1012.832
set_membership_1,VerihoggFormat,,False,1,uvm uvm-random,3728,300,1.221807,0.406362,12.277543,1014.469
distribution_1,VerihoggFormat,,False,1,uvm uvm-random,3723,300,1.183437,0.456152,12.571085,1014.512
object_stability_1,VerihoggFormat,,False,1,uvm uvm-random,4123,300,1.192871,0.450323,12.218442,1014.312
rand_modifier,VerihoggFormat,,True,0,18.4.1,348,30,0.0,0.011933,0.011875,17.578
array_reduction_iterative_constraints_0,VerihoggFormat,,True,0,18.5.8.2,438,30,0.009142,0.003379,0.012805,17.613
pure_constraint_0,VerihoggFormat,,True,0,18.5.2,466,30,0.008335,0.002917,0.011687,17.738
controlling-constraints-with-constraint_mode_0,VerihoggFormat,,False,1,uvm uvm-random,3962,300,1.175783,0.462113,12.154569,1012.828
set_randstate_0,VerihoggFormat,,False,1,uvm uvm-random,3889,300,1.167711,0.478805,12.189139,1014.355
pure_constraint_3,VerihoggFormat,,True,0,18.5.2,407,30,0.005199,0.00648,0.011827,17.832
randomize_method_0,VerihoggFormat,,False,1,uvm uvm-random,3739,300,1.184479,0.446231,12.222577,1014.551
disabling-random-variables-with-rand_mode_2,VerihoggFormat,,False,1,uvm uvm-random,3963,300,1.17149,0.470462,12.194526,1013.676
constraint_inheritance_1,VerihoggFormat,,False,1,uvm uvm-random,3808,300,1.20729,0.427686,12.210814,1015.355
interleaving_productions_rand_join_0,VerihoggFormat,,True,0,18.17.5,712,30,0.00136,0.01139,0.013993,20.148
post_randomize_method_1,VerihoggFormat,,False,1,uvm uvm-random,3865,300,1.179256,0.443746,12.145669,1013.922
set_membership_0,VerihoggFormat,,True,0,18.5.3,391,30,0.00855,0.003331,0.012076,17.93
in-line_constraint_checker_1,VerihoggFormat,,False,1,uvm uvm-random,3887,300,1.201253,0.437382,12.238895,1013.891
in-line_constraints--randomize_3,VerihoggFormat,,True,0,18.7,480,30,0.003074,0.007694,0.011315,17.828
array_reduction_iterative_constraints_1,VerihoggFormat,,False,1,uvm uvm-random,3785,300,1.193159,0.453333,12.173542,1013.949
soft_constraints_1,VerihoggFormat,,False,1,uvm uvm-random,3771,300,1.195524,0.447985,12.22591,1012.746
implicit_external_constraint_2,VerihoggFormat,,False,1,uvm uvm-random,3754,300,1.168456,0.472411,12.270539,1015.531
if_else_constraints_4,VerihoggFormat,,False,1,uvm uvm-random,3882,300,1.179967,0.458004,12.205458,1013.637
urandom_range_2,VerihoggFormat,,False,1,uvm uvm-random,4016,300,1.188677,0.454238,12.18411,1011.918
functions_in_constraint_1,VerihoggFormat,,False,1,uvm uvm-random,3845,300,1.214608,0.421766,12.158546,1013.812
uniqueness_constraints_1,VerihoggFormat,,False,1,uvm uvm-random,3926,300,1.207039,0.426305,12.229088,1014.941
if_else_constraints_1,VerihoggFormat,,True,0,18.5.7,477,30,0.0,0.012473,0.012952,17.469
if_else_production_statements_2,VerihoggFormat,,True,0,18.17.2,742,30,0.006641,0.005064,0.0133,20.008
behavior_of_randomization_methods_3,VerihoggFormat,,False,1,uvm uvm-random,3902,300,1.208943,0.442008,12.193855,1015.098
in-line_random_variable-control_0,VerihoggFormat,,False,1,uvm uvm-random,3983,300,1.165546,0.475659,12.211033,1013.82
srandom_0,VerihoggFormat,,False,1,uvm uvm-random,3959,300,1.164047,0.467402,12.205872,1012.824
constraint_guards_1,VerihoggFormat,,False,1,uvm uvm-random,3799,300,1.18222,0.457701,12.238846,1013.957
random_stability_0,VerihoggFormat,,False,1,uvm uvm-random,3900,300,1.182006,0.459946,12.207924,1011.715
urandom_range_0,VerihoggFormat,,True,0,18.13.2,522,30,0.001468,0.00999,0.012177,18.008
repeat_production_statements_0,VerihoggFormat,,True,0,18.17.4,687,30,0.007738,0.003449,0.0125,20.094
constraint_blocks_0,VerihoggFormat,,True,0,18.5,385,30,0.004168,0.006397,0.010897,17.918
soft_constraint_priorities_4,VerihoggFormat,,False,1,uvm uvm-random,3925,300,1.18559,0.453582,12.301523,1013.816
random_production_weights_0,VerihoggFormat,,True,0,18.17.1,702,30,0.007199,0.005714,0.013999,19.871
random_sequence_generation_randsequence_0,VerihoggFormat,,True,0,18.17,737,30,0.004691,0.007576,0.013711,20.016
behavior_of_randomization_methods_2,VerihoggFormat,,False,1,uvm uvm-random,4021,300,1.192955,0.449965,12.219318,1013.723
random_stability_1,VerihoggFormat,,False,1,uvm uvm-random,3897,300,1.161124,0.467683,12.189025,1013.066
explicit_external_constraint_2,VerihoggFormat,,False,1,uvm uvm-random,3761,300,1.181318,0.453691,12.267161,1015.027
soft_constraints_0,VerihoggFormat,,True,0,18.5.14,421,30,0.003446,0.008989,0.012664,17.594
local_scope_resolution_1,VerihoggFormat,,False,1,uvm uvm-random,3840,300,1.170686,0.468943,12.20878,1014.602
urandom_0,VerihoggFormat,,True,0,18.13.1,447,30,0.001235,0.010405,0.012056,17.957
urandom_2,VerihoggFormat,,True,0,18.13.1,459,30,0.007425,0.004639,0.012428,17.848
soft_constraint_priorities_2,VerihoggFormat,,True,0,18.5.14.1,569,30,0.001857,0.011542,0.013944,19.789
if_else_constraints_2,VerihoggFormat,,True,0,18.5.7,525,30,0.01276,0.0,0.013599,19.559
object_stability_0,VerihoggFormat,,False,1,uvm uvm-random,3971,300,1.192772,0.45275,12.253591,1014.172
implicit_external_constraint_1,VerihoggFormat,,True,0,18.5.1,398,30,0.004289,0.006632,0.011156,17.77
disabling-random-variables-with-rand_mode_1,VerihoggFormat,,False,1,uvm uvm-random,3878,300,1.168697,0.462011,12.338592,1012.961
random_sequence_generation_randsequence_2,VerihoggFormat,,True,0,18.17,691,30,0.009099,0.003784,0.01427,20.113
in-line_random_variable-control_1,VerihoggFormat,,False,1,uvm uvm-random,3996,300,1.175443,0.463193,12.208543,1013.801
explicit_external_constraint_0,VerihoggFormat,,True,0,18.5.1,434,30,0.004273,0.007198,0.011783,17.574
discarding_soft_constraints_2,VerihoggFormat,,True,0,18.5.14.2,499,30,0.012752,0.0,0.012712,17.457
urandom_1,VerihoggFormat,,False,1,uvm uvm-random,3798,300,1.189246,0.443686,12.135998,1012.684
in-line_constraints--randomize_0,VerihoggFormat,,False,1,uvm uvm-random,3888,300,1.168357,0.454712,12.24625,1013.699
foreach_iterative_constraints_1,VerihoggFormat,,False,1,uvm uvm-random,3787,300,1.209642,0.425793,12.244547,1013.879
value_passing_between_productions_0,VerihoggFormat,,True,0,18.17.7,762,30,0.001281,0.011794,0.014539,19.773
randomization_of_scope_variables_1,VerihoggFormat,,False,1,uvm uvm-random,3870,300,1.206808,0.430358,12.272152,1014.172
aborting_productions_break_and_return_2,VerihoggFormat,,True,0,18.17.6,794,30,0.003453,0.008823,0.013927,20.141
if_else_constraints_3,VerihoggFormat,,True,0,18.5.7,549,30,0.005268,0.007792,0.013521,19.52
local_scope_resolution_0,VerihoggFormat,,True,0,18.7.1,460,30,0.007717,0.004124,0.012495,17.863
behavior_of_randomization_methods_1,VerihoggFormat,,False,1,uvm uvm-random,4113,300,1.173092,0.45646,12.220382,1015.172
variable_ordering_0,VerihoggFormat,,True,0,18.5.10,458,30,0.008617,0.003492,0.012531,17.684
thread_stability_0,VerihoggFormat,,False,1,uvm uvm-random,3954,300,1.188594,0.439749,12.18669,1013.48
dynamic_constraint_modification_0,VerihoggFormat,,False,1,uvm uvm-random,3807,300,1.201062,0.447273,12.128389,1013.816
global_constraints_1,VerihoggFormat,,False,1,uvm uvm-random,3812,300,1.225952,0.424791,12.234776,1014.828
pre_randomize_method_0,VerihoggFormat,,True,0,18.6.2,474,30,0.0,0.01267,0.012948,17.699
urandom_3,VerihoggFormat,,False,1,uvm uvm-random,3917,300,1.198262,0.436593,12.215306,1013.043
implicit_external_constraint_0,VerihoggFormat,,True,0,18.5.1,427,30,0.013139,0.0,0.013544,17.758
in-line_constraints--randomize_2,VerihoggFormat,,False,1,uvm uvm-random,4166,300,1.191043,0.440089,12.336796,1013.617
soft_constraint_priorities_1,VerihoggFormat,,False,1,uvm uvm-random,3845,300,1.200357,0.435759,12.283771,1015.289
randc_modifier,VerihoggFormat,,True,0,18.4.2,351,30,0.004933,0.007647,0.012661,17.617
random_weighted_case_randcase_2,VerihoggFormat,,True,0,18.16,611,30,0.009014,0.003765,0.014161,19.934
thread_stability_1,VerihoggFormat,,False,1,uvm uvm-random,4047,300,1.180318,0.448877,12.185835,1011.91
if_else_production_statements_0,VerihoggFormat,,True,0,18.17.2,678,30,0.004897,0.006614,0.013051,19.977
disabling-random-variables-with-rand_mode_3,VerihoggFormat,,False,1,uvm uvm-random,3901,300,1.198999,0.446621,12.199368,1012.754
in-line_constraint_checker_0,VerihoggFormat,,False,1,uvm uvm-random,3874,300,1.157929,0.470836,12.210652,1013.605
pre_randomize_method_1,VerihoggFormat,,False,1,uvm uvm-random,3862,300,1.22565,0.422867,12.223449,1014.961
soft_constraint_priorities_0,VerihoggFormat,,True,0,18.5.14.1,512,30,0.00475,0.007357,0.012681,17.613
urandom_range_3,VerihoggFormat,,False,1,uvm uvm-random,3886,300,1.191025,0.44775,12.160034,1011.688
discarding_soft_constraints_3,VerihoggFormat,,False,1,uvm uvm-random,3853,300,1.202471,0.437489,12.212002,1013.797
aborting_productions_break_and_return_0,VerihoggFormat,,True,0,18.17.6,813,30,0.00478,0.007845,0.014242,20.016
if_else_constraints_0,VerihoggFormat,,True,0,18.5.7,442,30,0.007459,0.005046,0.013023,17.867
constraint_inheritance_0,VerihoggFormat,,True,0,18.5.2,475,30,0.005561,0.006539,0.012325,17.695
in-line_constraints--randomize_6,VerihoggFormat,,False,1,uvm uvm-random,3884,300,1.150669,0.485234,12.23355,1015.078
implication_1,VerihoggFormat,,False,1,uvm uvm-random,3807,300,1.182322,0.455633,12.249925,1013.93
random_stability_2,VerihoggFormat,,False,1,uvm uvm-random,3784,300,1.176388,0.450653,12.182369,1011.645
manually_seeding_randomize_0,VerihoggFormat,,True,0,18.15,468,30,0.008771,0.001239,0.010558,17.941
functions_in_constraints_0,VerihoggFormat,,True,0,18.5.12,508,30,0.004792,0.00769,0.013254,19.602
static_constraint_blocks_1,VerihoggFormat,,False,1,uvm uvm-random,3966,300,1.191616,0.442271,12.248374,1013.688
file_tasks,VerihoggFormat,,True,0,21.3 uvm-req,468,30,0.003314,0.008461,0.012074,17.992
value_plusargs,VerihoggFormat,,True,0,21.6 uvm-req,501,30,0.001443,0.009395,0.011326,17.5
write_task,VerihoggFormat,,True,0,21.2 uvm-req,434,30,0.007844,0.003587,0.011717,18.012
file_pos_tasks,VerihoggFormat,,True,0,21.3 uvm-req,650,30,0.007185,0.00363,0.012502,19.855
feof_function,VerihoggFormat,,True,0,21.3 uvm-req,460,30,0.011194,0.0,0.012203,20.121
vcd_dump_test,VerihoggFormat,,True,0,21.7,599,30,0.006566,0.005507,0.013179,20.066
fread_task,VerihoggFormat,,True,0,21.3 uvm-req,486,30,0.004194,0.007387,0.012475,19.77
fdisplay_task,VerihoggFormat,,True,0,21.3 uvm-req,510,30,0.004111,0.007047,0.012037,19.934
vcd_dumpports_test,VerihoggFormat,,True,0,21.7,686,30,0.004403,0.00773,0.013873,20.164
test_plusargs,VerihoggFormat,,True,0,21.6 uvm-req,499,30,0.004633,0.006185,0.011419,17.449
strobe_task,VerihoggFormat,,True,0,21.2 uvm-req,493,30,0.008009,0.00361,0.012389,20.098
readmemh_task,VerihoggFormat,,True,0,21.4,450,30,0.004813,0.006305,0.011846,17.695
readmemb_task,VerihoggFormat,,True,0,21.4,450,30,0.006932,0.003232,0.011144,17.555
fgetc_function,VerihoggFormat,,True,0,21.3 uvm-req,471,30,0.007586,0.003805,0.012205,19.602
display_task,VerihoggFormat,,True,0,21.2 uvm-req,440,30,0.00814,0.002838,0.011006,17.734
fwrite_boh,VerihoggFormat,,True,0,21.3 uvm-req,524,30,0.001374,0.009981,0.01248,19.926
ferror_function,VerihoggFormat,,True,0,21.3 uvm-req,532,30,0.001514,0.009858,0.012397,19.629
fwrite_task,VerihoggFormat,,True,0,21.3 uvm-req,504,30,0.006822,0.003699,0.011523,19.848
fmonitor_task,VerihoggFormat,,True,0,21.3 uvm-req,578,30,0.007863,0.003511,0.012533,20.0
fflush_task,VerihoggFormat,,True,0,21.3 uvm-req,470,30,0.00433,0.0069,0.011532,17.977
fgets_function,VerihoggFormat,,True,0,21.3 uvm-req,477,30,0.002923,0.008616,0.012153,19.777
display_boh,VerihoggFormat,,True,0,21.2 uvm-req,454,30,0.001454,0.009578,0.011293,17.832
fscanf_task,VerihoggFormat,,True,0,21.3 uvm-req,495,30,0.00352,0.007971,0.012058,20.117
fstrobe_task,VerihoggFormat,,True,0,21.3 uvm-req,593,30,0.007718,0.002748,0.011908,19.969
sscanf_task,VerihoggFormat,,True,0,21.3 uvm-req,500,30,0.008223,0.002912,0.011905,17.73
ungetc_function,VerihoggFormat,,True,0,21.3 uvm-req,519,30,0.007574,0.003603,0.01244,20.102
monitor_task,VerihoggFormat,,True,0,21.2 uvm-req,501,30,0.004089,0.0066,0.011708,17.918
fdisplay_boh,VerihoggFormat,,True,0,21.3 uvm-req,534,30,0.00771,0.003582,0.01237,20.02
write_boh,VerihoggFormat,,True,0,21.2 uvm-req,444,30,0.004303,0.006922,0.011891,18.086
task,VerihoggFormat,,True,0,13.3 uvm-req,425,30,0.00436,0.006629,0.01126,17.742
task_static,VerihoggFormat,,True,0,13.3.1,611,30,0.011043,0.0,0.012596,20.105
const_function,VerihoggFormat,,True,0,13.4.3,504,30,0.001431,0.010016,0.012109,17.812
function_automatic,VerihoggFormat,,True,0,13.4.2,662,30,0.005126,0.006699,0.013418,19.93
function_fork_valid,VerihoggFormat,,True,0,13.4.4,554,30,0.007792,0.003479,0.011873,19.922
function,VerihoggFormat,,True,0,13.4 uvm-req,473,30,0.007353,0.003201,0.011278,17.777
task_automatic,VerihoggFormat,,True,0,13.3.1,526,30,0.007701,0.003548,0.011666,17.883
function_return,VerihoggFormat,,True,0,13.4.1,502,30,0.0092,0.001279,0.011357,17.742
function_return_assignment,VerihoggFormat,,True,0,13.4.1,523,30,0.004436,0.006936,0.01183,17.855
task-label,VerihoggFormat,,True,0,13.3 uvm-req,464,30,0.010119,0.0,0.010644,17.906
function_static,VerihoggFormat,,True,0,13.4.2,638,30,0.004228,0.007264,0.013093,19.789
function_recursive,VerihoggFormat,,True,0,13.4.2,1024,30,0.008397,0.002911,0.013548,20.004
debug-line,VerihoggFormat,,True,0,5.6.4,407,30,0.004776,0.006329,0.011333,17.555
arrays-key-index,VerihoggFormat,,True,0,5.11,397,30,0.006961,0.003386,0.011013,17.73
nonescaped-access,VerihoggFormat,,False,1,5.6.1,480,30,0.01078,0.0,0.011002,17.48
integers-left-padding,VerihoggFormat,,True,0,5.7.1,689,30,0.004461,0.007631,0.013165,19.789
compiler_directives_preprocessor_macro_1,VerihoggFormat,,True,0,5.6.4,558,30,0.009512,0.001542,0.011695,17.547
structure-arrays,VerihoggFormat,,True,0,5.10,443,30,0.001469,0.010008,0.012232,17.527
integers-sized-illegal,VerihoggFormat,,True,1,5.7.1,484,30,0.006007,0.001265,0.006842,17.461
integers-token,VerihoggFormat,,True,0,5.7.1,365,30,0.001335,0.009165,0.010712,17.613
system-functions,VerihoggFormat,,True,0,5.6.3,533,30,0.004355,0.006654,0.011215,17.66
structure-replication,VerihoggFormat,,True,0,5.10,535,30,0.0,0.011409,0.012871,19.926
resetall-directive,VerihoggFormat,,True,0,5.6.4,366,30,0.004539,0.006707,0.011383,17.574
integers-left-padding-bit,VerihoggFormat,,True,0,5.7.1,593,30,0.004253,0.006815,0.012018,19.859
wrong-identifiers,VerihoggFormat,,True,1,5.6 uvm-req,488,30,0.005849,0.001519,0.006591,17.609
comments,VerihoggFormat,,True,0,5.4 uvm-req,421,30,0.007375,0.003202,0.0107,17.648
begin-keywords,VerihoggFormat,,True,0,5.6.4,484,30,0.006389,0.004676,0.011118,17.5
string-word-assignment,VerihoggFormat,,True,0,5.9,530,30,0.007614,0.003608,0.012162,17.855
celldefine,VerihoggFormat,,True,0,5.6.4,383,30,0.010839,0.0,0.011078,17.609
string-assignment,VerihoggFormat,,True,0,5.9,457,30,0.00785,0.003551,0.012309,20.066
identifiers,VerihoggFormat,,True,0,5.6 uvm-req,573,30,0.00168,0.0095,0.011769,17.68
real-constants,VerihoggFormat,,False,1,5.7.2,620,30,0.007566,0.00387,0.012513,19.992
define-directive,VerihoggFormat,,True,0,5.6.4,482,30,0.004157,0.006673,0.011647,17.82
timescale-directive,VerihoggFormat,,False,1,5.6.4,361,30,0.008063,0.003085,0.011235,17.59
string-broken-line,VerihoggFormat,,True,0,5.9,422,30,0.0,0.010637,0.011,17.836
real-constants-illegal,VerihoggFormat,,True,1,5.7.2,565,30,0.002526,0.005023,0.006783,17.895
attributes-case,VerihoggFormat,,True,0,5.12,899,30,0.008446,0.002743,0.013658,19.863
real-token,VerihoggFormat,,True,0,5.7.2,375,30,0.0,0.010813,0.010905,17.824
integers-underscores,VerihoggFormat,,True,0,5.7.1,647,30,0.004516,0.007089,0.012506,19.914
include-directive,VerihoggFormat,,True,0,5.6.4,365,30,0.006497,0.004282,0.011043,17.625
builtin-methods-string,VerihoggFormat,,True,0,5.13,454,30,0.004205,0.005562,0.010412,17.688
integers-unsized-illegal,VerihoggFormat,,True,1,5.7.1,509,30,0.007719,0.0,0.00758,17.766
default-nettype,VerihoggFormat,,True,0,5.6.4,385,30,0.004087,0.006619,0.011024,17.418
integers-unsized,VerihoggFormat,,True,0,5.7.1,515,30,0.00425,0.006798,0.011764,17.824
integers-sized,VerihoggFormat,,False,1,5.7.1,747,30,0.003675,0.007991,0.01299,19.672
string-basic,VerihoggFormat,,True,0,5.3 5.9,389,30,0.00337,0.007307,0.010761,17.734
arrays,VerihoggFormat,,True,0,5.11,368,30,0.012089,0.0,0.012514,17.734
string-special-chars,VerihoggFormat,,True,0,5.9.1,628,30,0.009226,0.00127,0.01196,19.992
attributes-variable,VerihoggFormat,,True,0,5.12,460,30,0.004657,0.006059,0.011699,19.871
time-literals,VerihoggFormat,,True,0,5.8,529,30,0.00506,0.006569,0.012357,20.105
attributes-conditional,VerihoggFormat,,True,0,5.12,447,30,0.004204,0.006591,0.011436,17.574
integers-signed,VerihoggFormat,,True,0,5.7.1,847,30,0.004077,0.007607,0.012969,19.992
pragma-directive,VerihoggFormat,,False,1,5.6.4,399,30,0.004744,0.006344,0.011137,17.777
attributes-module,VerihoggFormat,,True,0,5.12,471,30,0.003917,0.006616,0.01116,17.836
attributes-operator,VerihoggFormat,,True,0,5.12,465,30,0.007541,0.003547,0.01211,19.793
structure,VerihoggFormat,,True,0,5.10,505,30,0.01121,0.0,0.012405,19.934
escaped-identifiers,VerihoggFormat,,False,1,5.6.1,496,30,0.004393,0.006644,0.011181,17.59
arrays-replication,VerihoggFormat,,True,0,5.11,377,30,0.004767,0.006287,0.011712,17.852
debug-directives,VerihoggFormat,,False,1,5.6.4,417,30,0.007358,0.003275,0.011238,17.863
reorder_stream_sim,VerihoggFormat,,True,0,11.4.14.2,523,30,0.0052,0.006255,0.012001,17.805
unpack_stream_sim,VerihoggFormat,,True,0,11.4.14.3,559,30,0.004926,0.006344,0.012682,20.098
empty_string_sim,VerihoggFormat,,True,0,11.10.3,479,30,0.001214,0.010085,0.011917,17.863
signed_func_sim,VerihoggFormat,,True,0,11.7,488,30,0.001688,0.010205,0.012259,17.82
arith_shift_assignment_unsigned,VerihoggFormat,,True,0,11.4.10,600,30,0.00395,0.006882,0.011756,19.887
arith_shift_assignment_signed,VerihoggFormat,,True,0,11.4.10,624,30,0.007338,0.003536,0.012217,20.254
dynamic_array_unpack_stream_sim,VerihoggFormat,,True,0,11.4.14.4,973,30,0.005005,0.006273,0.013834,19.984
dynamic_array_unpack_stream_with,VerihoggFormat,,True,0,11.4.14.4,723,30,0.004698,0.006255,0.012639,20.051
two_assignments_in_expression,VerihoggFormat,,True,0,11.3.6,503,30,0.004559,0.006411,0.011631,20.023
assignment_in_expression_sim,VerihoggFormat,,True,0,11.3.6,559,30,0.0,0.010869,0.011585,19.742
set_member,VerihoggFormat,,True,0,11.4.13,435,30,0.004032,0.006815,0.011772,17.5
array_addressing_sim,VerihoggFormat,,True,0,11.5.2,533,30,0.004659,0.006265,0.011616,20.105
idx_select_sim,VerihoggFormat,,True,0,11.5.1,558,30,0.005039,0.006477,0.012238,19.902
unpack_stream,VerihoggFormat,,True,0,11.4.14.3,425,30,0.001236,0.010192,0.012177,19.508
stream_concat,VerihoggFormat,,True,0,11.4.14.1,464,30,0.010263,0.0,0.011588,19.797
expr_short_circuit,VerihoggFormat,,True,0,11.3.5,615,30,0.001452,0.010459,0.013183,19.945
repl_op,VerihoggFormat,,True,0,11.4.12.1,411,30,0.008063,0.003351,0.012133,17.773
signed_func,VerihoggFormat,,True,0,11.7,395,30,0.009997,0.0,0.010555,17.57
empty_string,VerihoggFormat,,True,0,11.10.3,399,30,0.004647,0.006158,0.011501,17.906
stream_concat_sim,VerihoggFormat,,True,0,11.4.14.1,579,30,0.007842,0.003487,0.012538,20.016
assign_in_expr,VerihoggFormat,,True,0,11.3.6,412,30,0.002686,0.008169,0.011325,17.57
reorder_stream,VerihoggFormat,,True,0,11.4.14.2,420,30,0.008532,0.001355,0.010429,17.918
idx_pos_part_select,VerihoggFormat,,True,0,11.5.1,428,30,0.008936,0.001497,0.010959,17.609
unary_op_inc_sim,VerihoggFormat,,True,0,11.4.2,465,30,0.005742,0.004381,0.010458,17.957
idx_pos_part_select_sim,VerihoggFormat,,True,0,11.5.1,535,30,0.003883,0.006765,0.01152,19.809
unary_op_dec_sim,VerihoggFormat,,True,0,11.4.2,465,30,0.006512,0.004176,0.010942,18.203
string_concat,VerihoggFormat,,True,0,11.10.1,558,30,0.004818,0.006623,0.012309,20.188
assignment_sim,VerihoggFormat,,True,0,11.4.1,547,30,0.0,0.011042,0.011892,20.117
unary_op_inc,VerihoggFormat,,True,0,11.4.2,373,30,0.006506,0.004527,0.011143,17.742
idx_select,VerihoggFormat,,True,0,11.5.1,396,30,0.005782,0.005136,0.011561,17.645
idx_neg_part_select_sim,VerihoggFormat,,True,0,11.5.1,536,30,0.006139,0.004999,0.011904,19.715
unpack_stream_pad,VerihoggFormat,,True,0,11.4.14.3,437,30,0.007163,0.004609,0.012531,19.484
assign_in_expression,VerihoggFormat,,True,0,11.3.6,424,30,0.00645,0.003793,0.010491,17.582
assign_in_exp_sim,VerihoggFormat,,True,0,11.3.6,548,30,0.007455,0.003719,0.011897,19.973
arith_shift_unsigned,VerihoggFormat,,True,0,11.4.10,566,30,0.0,0.011399,0.012415,20.051
idx_neg_part_select,VerihoggFormat,,True,0,11.5.1,428,30,0.001221,0.009321,0.011196,17.676
string_copy,VerihoggFormat,,True,0,11.10.1,489,30,0.008045,0.003403,0.012401,19.785
string_compare,VerihoggFormat,,True,0,11.10.1,503,30,0.0,0.011427,0.012163,20.074
string_bit_array,VerihoggFormat,,True,0,11.10,402,30,0.001459,0.008867,0.010592,17.613
unpack_stream_pad_sim,VerihoggFormat,,True,0,11.4.14.3,608,30,0.0,0.011152,0.012544,20.098
assignment_in_expression,VerihoggFormat,,True,0,11.3.6,429,30,0.011334,0.0,0.011647,17.574
string_concat_op,VerihoggFormat,,True,0,11.4.12.2,519,30,0.007049,0.003271,0.011044,18.137
concat_op_sim,VerihoggFormat,,True,0,11.4.12,531,30,0.007817,0.002923,0.011491,19.859
set_member_sim,VerihoggFormat,,True,0,11.4.13,490,30,0.005962,0.004401,0.010893,17.656
equality_op,VerihoggFormat,,True,0,11.4.5,821,30,0.008085,0.00391,0.014105,19.777
multi_dim_array_addressing_sim,VerihoggFormat,,True,0,11.5.2,572,30,0.008058,0.003944,0.013169,20.195
unary_op_dec,VerihoggFormat,,True,0,11.4.2,373,30,0.007676,0.003368,0.011161,17.473
assign_in_exp,VerihoggFormat,,True,0,11.3.6,418,30,0.004514,0.006736,0.01141,17.645
multi_dim_array_addressing,VerihoggFormat,,True,0,11.5.2,455,30,0.009359,0.001223,0.011538,19.738
min_max_avg_delay,VerihoggFormat,,True,0,11.11,427,30,0.007796,0.002939,0.011153,17.598
nested_repl_op,VerihoggFormat,,True,0,11.4.12.1,477,30,0.003995,0.006848,0.011641,19.734
nested_repl_op_sim,VerihoggFormat,,True,0,11.4.12.1,586,30,0.004433,0.006432,0.011986,20.016
tagged_union,VerihoggFormat,,True,0,11.9,470,30,0.004895,0.006285,0.011669,17.863
unsigned_func_sim,VerihoggFormat,,True,0,11.7,490,30,0.003442,0.008092,0.012247,18.082
string_bit_array_sim,VerihoggFormat,,True,0,11.10,502,30,0.007302,0.003002,0.01077,17.938
reorder_stream_byte_sim,VerihoggFormat,,True,0,11.4.14.2,531,30,0.0078,0.003669,0.012374,17.84
non_idx_part_select_sim,VerihoggFormat,,True,0,11.5.1,525,30,0.00252,0.008657,0.011835,19.762
cond_op,VerihoggFormat,,True,0,11.4.11,405,30,0.008516,0.003025,0.012069,17.75
assign_in_expr_inv,VerihoggFormat,,False,0,11.3.6,513,30,0.003345,0.007446,0.010681,17.602
unsigned_func,VerihoggFormat,,True,0,11.7,389,30,0.008291,0.00289,0.011614,17.75
reorder_stream_byte,VerihoggFormat,,True,0,11.4.14.2,428,30,0.011052,0.0,0.011814,17.781
assign_in_expression_sim,VerihoggFormat,,True,0,11.3.6,554,30,0.009872,0.001448,0.012093,19.934
let_construct,VerihoggFormat,,True,0,11.12 uvm-req,490,30,0.001759,0.009989,0.012813,19.754
tagged_union_member_access_sim,VerihoggFormat,,True,0,11.9,589,30,0.007643,0.00359,0.012184,19.871
dynamic_array_unpack_stream,VerihoggFormat,,True,0,11.4.14.4,689,30,0.00794,0.003549,0.013178,20.113
non_idx_part_select,VerihoggFormat,,True,0,11.5.1,422,30,0.003923,0.006366,0.010763,17.652
repl_op_sim,VerihoggFormat,,True,0,11.4.12.1,520,30,0.003245,0.008056,0.012014,19.773
concat_op,VerihoggFormat,,True,0,11.4.12,446,30,0.002921,0.008496,0.012357,19.68
assign_in_expr_sim,VerihoggFormat,,True,0,11.3.6,582,30,0.010576,0.0,0.011452,19.781
two_assignments_in_expression_sim,VerihoggFormat,,True,0,11.3.6,665,30,0.004716,0.006082,0.012244,20.039
cond_op_sim,VerihoggFormat,,True,0,11.4.11,498,30,0.008093,0.003602,0.012293,19.836
array_addressing,VerihoggFormat,,True,0,11.5.2,419,30,0.004195,0.00621,0.010984,17.762
string_repl_op,VerihoggFormat,,True,0,11.4.12.2,502,30,0.007415,0.002926,0.010837,18.004
tagged_union_member_access,VerihoggFormat,,True,0,11.9,520,30,0.005175,0.006475,0.011827,19.988
arith_shift_signed,VerihoggFormat,,True,0,11.4.10,590,30,0.003706,0.00703,0.01196,20.012
concat_op-bit_select,VerihoggFormat,,True,0,11.4.12,488,30,0.00779,0.003555,0.012367,19.672
simple_idx_select_sim,VerihoggFormat,,True,0,11.5.1,483,30,0.0,0.011294,0.011561,17.453
simple_cond_op_sim,VerihoggFormat,,True,0,11.4.11,471,30,0.010883,0.0,0.011211,17.555
simple_array_addressing_sim,VerihoggFormat,,True,0,11.5.2,515,30,0.004804,0.006085,0.011602,19.547
simple_concat_op_sim,VerihoggFormat,,True,0,11.4.12,506,30,0.011098,0.0,0.011726,17.73
simple_unpack_stream_sim,VerihoggFormat,,True,0,11.4.14.3,531,30,0.00757,0.0035,0.011884,19.68
simple_non_idx_part_select_sim,VerihoggFormat,,True,0,11.5.1,505,30,0.001212,0.009201,0.010983,17.762
simple_set_member_sim,VerihoggFormat,,True,0,11.4.13,496,30,0.004419,0.006787,0.012032,17.676
simple_repl_op_sim,VerihoggFormat,,True,0,11.4.12.1,490,30,0.0,0.01148,0.011799,17.738
simple_idx_neg_part_select_sim,VerihoggFormat,,True,0,11.5.1,517,30,0.002855,0.00753,0.010788,17.555
simple_idx_pos_part_select_sim,VerihoggFormat,,True,0,11.5.1,516,30,0.00504,0.006247,0.011998,17.574
enum_num,VerihoggFormat,,True,0,6.19.5.5,422,30,0.007484,0.002815,0.011044,17.746
enum_sequence,VerihoggFormat,,True,0,6.19.2,368,30,0.007898,0.003654,0.011602,17.555
string_itoa,VerihoggFormat,,True,0,6.16.11,372,30,0.006132,0.00479,0.011091,17.684
implicit_port,VerihoggFormat,,True,0,6.10,405,30,0.007115,0.003359,0.011297,17.773
typedef,VerihoggFormat,,True,0,6.18 uvm-req,364,30,0.010575,0.0,0.010684,17.77
string_compare_fn,VerihoggFormat,,True,0,6.16.6,409,30,0.00804,0.003646,0.012226,17.875
localparam_logic,VerihoggFormat,,True,0,6.20.4,416,30,0.010418,0.0,0.011119,17.73
type_op_compare,VerihoggFormat,,True,0,6.23 uvm-req,715,30,0.004337,0.007427,0.013828,19.859
string_tolower,VerihoggFormat,,True,0,6.16.5,388,30,0.002872,0.008049,0.011141,17.484
specparam,VerihoggFormat,,True,0,6.20.5,353,30,0.011342,0.0,0.011465,17.758
enum_typedef,VerihoggFormat,,True,0,6.19.1,371,30,0.001388,0.009797,0.011482,17.816
type_op,VerihoggFormat,,True,0,6.23 uvm-req,400,30,0.004084,0.006964,0.01141,17.508
vector_vectored_inv,VerihoggFormat,,True,1,6.9.2,485,30,0.0,0.007865,0.007191,17.445
string_getc,VerihoggFormat,,True,0,6.16.3,378,30,0.006832,0.003361,0.010461,17.707
bitstream_cast,VerihoggFormat,,True,0,6.24.3,435,30,0.0,0.01143,0.01223,19.527
parameter_aggregate,VerihoggFormat,,True,0,6.20.2,404,30,0.007739,0.003405,0.011579,17.547
enum_name,VerihoggFormat,,True,0,6.19.5.6,428,30,0.004305,0.00616,0.011059,17.652
enum_last,VerihoggFormat,,True,0,6.19.5.2,423,30,0.007361,0.003494,0.011608,17.957
string_toupper,VerihoggFormat,,True,0,6.16.4,388,30,0.009174,0.001233,0.010972,17.699
enum_prev,VerihoggFormat,,True,0,6.19.5.4,423,30,0.005142,0.00662,0.01214,17.906
string_icompare,VerihoggFormat,,True,0,6.16.7,409,30,0.011353,0.0,0.01182,17.508
enum_numerical_expr_cast,VerihoggFormat,,True,0,6.19.4,458,30,0.01103,0.0,0.011899,17.898
real,VerihoggFormat,,True,0,6.12 uvm-req,358,30,0.001272,0.009394,0.010986,17.652
enum_anon,VerihoggFormat,,True,0,6.19 uvm-req,354,30,0.004316,0.006857,0.011362,17.543
string_atoi,VerihoggFormat,,True,0,6.16.9,376,30,0.010802,0.0,0.011164,17.836
string,VerihoggFormat,,True,0,6.16 uvm-req,338,30,0.001331,0.009425,0.01089,17.617
enum_type_checking,VerihoggFormat,,True,0,6.19.3,419,30,0.007087,0.003477,0.010826,17.801
implicit_port_connection,VerihoggFormat,,True,0,6.10,501,30,0.0052,0.006232,0.012496,19.762
localparam_type_decl,VerihoggFormat,,True,0,6.23 uvm-req,404,30,0.001453,0.009288,0.010843,17.453
implicit_continuous_assignment,VerihoggFormat,,True,0,6.10,447,30,0.004782,0.005947,0.011463,17.746
string_atohex,VerihoggFormat,,True,0,6.16.9,382,30,0.004226,0.006798,0.011311,17.605
string_atoreal,VerihoggFormat,,True,0,6.16.10,407,30,0.006149,0.003947,0.010418,17.59
vector_vectored,VerihoggFormat,,True,0,6.9.2,367,30,0.004317,0.006625,0.011212,17.91
string_bintoa,VerihoggFormat,,True,0,6.16.14,378,30,0.0044,0.006586,0.011234,17.801
string_atooct,VerihoggFormat,,True,0,6.16.9,381,30,0.006747,0.003009,0.010106,17.797
variable_assignment,VerihoggFormat,,True,0,6.5,372,30,0.004228,0.006306,0.010886,17.66
parameter_port_list,VerihoggFormat,,True,0,6.20.2,358,30,0.004273,0.00592,0.010651,17.883
string_hextoa,VerihoggFormat,,True,0,6.16.12,378,30,0.001386,0.008923,0.010594,17.598
cast_fn,VerihoggFormat,,True,0,6.24.2,401,30,0.006543,0.004413,0.011518,17.859
string_substr,VerihoggFormat,,True,0,6.16.8,389,30,0.008036,0.002718,0.010822,17.727
event,VerihoggFormat,,True,0,6.17 uvm-req,355,30,0.004094,0.006468,0.010727,17.477
parameter_real,VerihoggFormat,,True,0,6.20.2,371,30,0.008152,0.00327,0.011589,17.516
parameter_type,VerihoggFormat,,True,0,6.20.3,375,30,0.007892,0.003215,0.011331,17.465
localparam_int,VerihoggFormat,,True,0,6.20.4,368,30,0.007778,0.003586,0.011569,17.703
shortreal,VerihoggFormat,,True,0,6.12 uvm-req,373,30,0.001345,0.010008,0.011624,17.574
parameter_dep,VerihoggFormat,,True,0,6.20.2,410,30,0.006504,0.00422,0.011037,17.609
nettype,VerihoggFormat,,True,0,6.6.7,362,30,0.001409,0.009253,0.010772,17.598
localparam_uint,VerihoggFormat,,True,0,6.20.4,380,30,0.001199,0.009894,0.011315,17.684
parameter_range,VerihoggFormat,,True,0,6.20.2,380,30,0.003208,0.007881,0.011094,17.863
string_putc,VerihoggFormat,,True,0,6.16.2,384,30,0.004312,0.006772,0.011516,17.461
string_len,VerihoggFormat,,True,0,6.16.1,373,30,0.010452,0.0,0.010588,17.645
const,VerihoggFormat,,True,0,6.20.6,490,30,0.003787,0.007962,0.012385,17.832
string_realtoa,VerihoggFormat,,True,0,6.16.15,383,30,0.003561,0.007809,0.01165,17.656
cast_op,VerihoggFormat,,True,0,6.24.1,352,30,0.004858,0.00645,0.011468,17.613
localparam_string,VerihoggFormat,,True,0,6.20.4,401,30,0.009441,0.001274,0.011152,17.645
nettype_resolution_fn,VerihoggFormat,,True,0,6.6.7,572,30,0.007936,0.002857,0.011694,17.816
logic_vector,VerihoggFormat,,True,0,6.9.1,352,30,0.006104,0.004413,0.010851,17.508
enum_next,VerihoggFormat,,True,0,6.19.5.3,423,30,0.004929,0.006311,0.011863,17.84
enum_xx,VerihoggFormat,,True,0,6.19 uvm-req,372,30,0.007343,0.003287,0.011126,17.828
interconnect,VerihoggFormat,,True,0,6.6.8,469,30,0.010206,0.0,0.011075,17.766
enum_numerical_expr,VerihoggFormat,,True,0,6.19.4,455,30,0.002902,0.007316,0.01073,17.922
void,VerihoggFormat,,True,0,6.13 uvm-req,445,30,0.007051,0.003308,0.010949,17.77
cast_task,VerihoggFormat,,True,0,6.24.2 8.16 uvm-req,370,30,0.001349,0.00961,0.01141,17.852
parameter,VerihoggFormat,,True,0,6.20.2,350,30,0.006226,0.005151,0.01151,17.578
enum_sequence_range,VerihoggFormat,,True,0,6.19.2,383,30,0.00487,0.006638,0.011841,17.727
string_atobin,VerihoggFormat,,True,0,6.16.9,383,30,0.011531,0.0,0.011415,17.617
chandle,VerihoggFormat,,True,0,6.14 uvm-req,361,30,0.004287,0.006504,0.010842,17.648
realtime,VerihoggFormat,,True,0,6.12 uvm-req,370,30,0.0,0.010844,0.010939,17.469
vector_scalared,VerihoggFormat,,True,0,6.9.2,371,30,0.006007,0.004272,0.010414,17.656
localparam,VerihoggFormat,,True,0,6.20.4,370,30,0.007923,0.003328,0.011363,17.832
string_octtoa,VerihoggFormat,,True,0,6.16.13,378,30,0.008448,0.002804,0.011526,17.758
enum_first,VerihoggFormat,,True,0,6.19.5.1,426,30,0.007639,0.003622,0.01194,17.723
dowhile_loop,VerihoggFormat,,False,1,12.7.5,521,30,0.0051,0.005646,0.011268,19.93
unique_if,VerihoggFormat,,False,1,12.4.2,465,30,0.004097,0.007474,0.011804,19.812
foreach_loop,VerihoggFormat,,True,0,12.7.3,489,30,0.00799,0.003412,0.012216,19.645
while_loop,VerihoggFormat,,True,0,12.7.4,502,30,0.008006,0.003618,0.013068,19.77
if_else_if,VerihoggFormat,,False,1,12.4.1,477,30,0.008054,0.003558,0.011672,19.812
casex_pattern,VerihoggFormat,,False,1,12.6.1,792,30,0.003396,0.008149,0.012778,19.656
case,VerihoggFormat,,False,1,12.5 uvm-req,490,30,0.003463,0.007884,0.011959,19.598
forever_loop,VerihoggFormat,,True,0,12.7.6,452,30,0.009089,0.001511,0.010707,17.508
foreach_loop_synth,VerihoggFormat,,True,0,12.7.3,535,30,0.004799,0.006272,0.012053,19.945
case_pattern,VerihoggFormat,,True,0,12.6.1,777,30,0.003894,0.007386,0.013258,19.797
conditional_pattern,VerihoggFormat,,True,0,12.6.3,659,30,0.00497,0.006877,0.013619,19.742
for_loop,VerihoggFormat,,True,0,12.7.1,417,30,0.003984,0.007024,0.01179,17.57
if_pattern,VerihoggFormat,,True,0,12.6.2,621,30,0.007552,0.002748,0.011782,19.633
case_constant,VerihoggFormat,,False,1,12.5.2,545,30,0.005036,0.005993,0.011394,19.609
jump_continue,VerihoggFormat,,True,0,12.8 uvm-req,527,30,0.007632,0.003333,0.011574,19.969
repeat_loop,VerihoggFormat,,True,0,12.7.2,421,30,0.00415,0.006502,0.011283,17.711
priority_if,VerihoggFormat,,False,1,12.4.2,477,30,0.0,0.011766,0.012153,19.797
casex,VerihoggFormat,,False,1,12.5.1,528,30,0.001385,0.008773,0.010667,19.605
jump_return_expr,VerihoggFormat,,True,0,12.8 uvm-req,510,30,0.003246,0.007787,0.011439,19.645
casez_pattern,VerihoggFormat,,False,1,12.6.1,792,30,0.004294,0.006635,0.01231,19.719
unique0_if,VerihoggFormat,,False,1,12.4.2,468,30,0.006641,0.00396,0.01092,19.797
if,VerihoggFormat,,False,1,12.4 uvm-req,400,30,0.003901,0.006704,0.010804,17.801
case_set,VerihoggFormat,,False,1,12.5.4,500,30,0.010286,0.0,0.010796,19.785
jump_break,VerihoggFormat,,True,0,12.8 uvm-req,521,30,0.007965,0.003868,0.012669,19.895
if_else,VerihoggFormat,,False,1,12.4 uvm-req,424,30,0.008102,0.002603,0.010748,17.746
jump_return,VerihoggFormat,,True,0,12.8 uvm-req,540,30,0.00741,0.003556,0.011881,19.879
casez,VerihoggFormat,,False,1,12.5.1,528,30,0.00147,0.00961,0.011558,19.984
22.3--resetall_basic,VerihoggFormat,,True,0,22.3,368,30,0.004775,0.005442,0.010236,17.672
22.3--resetall_multiple,VerihoggFormat,,True,0,22.3,393,30,0.007974,0.003941,0.012072,17.57
22.4--check_included_definitions,VerihoggFormat,,True,0,22.4 uvm-req,540,30,0.001353,0.010573,0.012798,19.93
22.3--resetall_illegal,VerihoggFormat,,True,1,22.3,575,30,0.004251,0.003265,0.00705,17.734
22.4--include_basic,VerihoggFormat,,True,0,22.4 uvm-req,385,30,0.004498,0.007012,0.01183,17.688
22.4--include_with_comment,VerihoggFormat,,True,0,22.4 uvm-req,439,30,0.001501,0.009418,0.011075,17.602
22.4--include_from_other_directory,VerihoggFormat,,True,0,22.4 uvm-req,409,30,0.006807,0.004221,0.011468,17.438
22.4--include_via_define,VerihoggFormat,,False,1,22.4 uvm-req,704,30,0.004281,0.007119,0.011906,19.66
22.4--include_basic_rpath,VerihoggFormat,,True,0,22.4 uvm-req,391,30,0.005481,0.006485,0.012048,17.527
uvm_test_run_test,VerihoggFormat,,False,1,uvm-classes uvm,3759,300,1.231022,0.408596,12.172265,1011.734
uvm_monitor_env,VerihoggFormat,,False,1,uvm-classes uvm,6851,300,1.174057,0.471938,12.203658,1014.488
uvm_agent_env,VerihoggFormat,,False,1,uvm-agents uvm,5776,300,1.16342,0.469483,12.134033,1013.375
uvm_scoreboard_monitor_agent_env,VerihoggFormat,,False,1,uvm-scoreboards uvm,8339,300,1.164364,0.487264,12.328441,1015.43
uvm_scoreboard_monitor_env,VerihoggFormat,,False,1,uvm-scoreboards uvm,7794,300,1.211549,0.440877,12.137515,1015.262
uvm_sequence,VerihoggFormat,,False,1,uvm-classes uvm,3917,300,1.218396,0.42779,12.19101,1011.73
uvm_driver_sequencer_env,VerihoggFormat,,False,1,uvm-classes uvm,7232,300,1.196064,0.448525,12.230801,1012.82
uvm_resource_db_read_by_name,VerihoggFormat,,False,1,uvm,4198,300,1.196135,0.425678,12.161216,1014.406
uvm_agent_passive,VerihoggFormat,,False,1,uvm-agents uvm,7401,300,1.162191,0.483333,12.237229,1013.844
uvm_scoreboard_env,VerihoggFormat,,False,1,uvm-scoreboards uvm,6879,300,1.20004,0.437765,12.195789,1012.625
uvm_agent_active,VerihoggFormat,,False,1,uvm-agents uvm,9132,300,1.211208,0.449126,12.332517,1012.742
interface,VerihoggFormat,,True,0,25.3 uvm-req,486,30,0.012348,0.0,0.012838,17.57
printtimescale_task,VerihoggFormat,,False,1,20.4 uvm-req,454,30,0.007124,0.003187,0.010553,17.648
info_task,VerihoggFormat,,True,0,20.10,419,30,0.004219,0.006272,0.010782,17.891
dist_poisson_function,VerihoggFormat,,True,0,20.15 uvm-req,468,30,0.004265,0.006515,0.011202,17.988
onehot_function,VerihoggFormat,,True,0,20.9 uvm-req,639,30,0.001375,0.010051,0.013019,20.016
isunbounded_function,VerihoggFormat,,True,0,20.6 uvm-req,521,30,0.008738,0.001294,0.010761,19.707
printtimescale_hier_task,VerihoggFormat,,False,1,20.4 uvm-req,615,30,0.008439,0.002855,0.012311,19.609
array_queries,VerihoggFormat,,True,0,20.7 uvm-req,810,30,0.004904,0.006543,0.013493,19.855
timeformat_task,VerihoggFormat,,False,1,20.4 uvm-req,497,30,0.007363,0.003219,0.011216,17.859
countbits_function,VerihoggFormat,,True,0,20.9 uvm-req,706,30,0.004801,0.00625,0.012493,19.801
stop_task,VerihoggFormat,,True,0,20.2 uvm-req,361,30,0.004683,0.006407,0.011364,17.602
dist_exponential_function,VerihoggFormat,,True,0,20.15 uvm-req,480,30,0.007435,0.00338,0.011286,17.719
fatal_task,VerihoggFormat,,True,0,20.10,516,30,0.006852,0.003333,0.010261,17.652
exp_function,VerihoggFormat,,True,0,20.8,455,30,0.005055,0.00633,0.012054,17.754
dist_normal_function,VerihoggFormat,,True,0,20.15 uvm-req,468,30,0.003479,0.007678,0.011845,17.906
typename_type_function,VerihoggFormat,,True,0,20.6 uvm-req,478,30,0.006669,0.004197,0.011302,17.762
dist_t_function,VerihoggFormat,,True,0,20.15 uvm-req,448,30,0.004356,0.005994,0.01068,17.887
bits_type_function,VerihoggFormat,,True,0,20.6 uvm-req,522,30,0.005466,0.004991,0.010942,17.707
random_function,VerihoggFormat,,True,0,20.15 uvm-req,417,30,0.003903,0.006583,0.010952,17.719
finish_task,VerihoggFormat,,True,0,20.2 uvm-req,367,30,0.0,0.011031,0.011388,17.477
pow_function,VerihoggFormat,,True,0,20.8,437,30,0.0,0.010962,0.011404,17.602
dist_erlang_function,VerihoggFormat,,True,0,20.15 uvm-req,469,30,0.007351,0.003537,0.011338,17.863
typename_function,VerihoggFormat,,True,0,20.6 uvm-req,463,30,0.007766,0.003609,0.011803,17.801
itor_function,VerihoggFormat,,True,0,20.5 uvm-req,433,30,0.006923,0.00333,0.010411,17.566
bits_function,VerihoggFormat,,True,0,20.6 uvm-req,451,30,0.004279,0.006769,0.011776,18.062
warning_task,VerihoggFormat,,True,0,20.10,521,30,0.002802,0.006749,0.009971,17.633
isunknown_function,VerihoggFormat,,True,0,20.9 uvm-req,732,30,0.004936,0.005582,0.012156,19.969
floor_function,VerihoggFormat,,True,0,20.8,434,30,0.0,0.011081,0.011465,17.918
hypot_function,VerihoggFormat,,True,0,20.8,423,30,0.010308,0.0,0.010548,17.84
ln_function,VerihoggFormat,,True,0,20.8,423,30,0.008272,0.002916,0.011538,17.73
ceil_function,VerihoggFormat,,True,0,20.8,431,30,0.0,0.010679,0.011032,17.598
exit_task,VerihoggFormat,,True,0,20.2 uvm-req,361,30,0.010971,0.0,0.011173,17.762
shortrealtobits_bitstoshortreal_functions,VerihoggFormat,,True,0,20.5 uvm-req,591,30,0.001197,0.009923,0.012095,20.078
onehot0_function,VerihoggFormat,,True,0,20.9 uvm-req,644,30,0.002879,0.008409,0.012567,20.102
coverage_routines,VerihoggFormat,,True,0,20.14,1340,30,0.006036,0.005271,0.014502,21.699
realtime_task,VerihoggFormat,,True,0,20.3 uvm-req,383,30,0.008681,0.002949,0.011733,17.594
log10_function,VerihoggFormat,,True,0,20.8,434,30,0.003761,0.006845,0.011194,17.418
atan2_function,VerihoggFormat,,True,0,20.8,423,30,0.00761,0.002546,0.010834,17.645
dist_chi_square_function,VerihoggFormat,,True,0,20.15 uvm-req,475,30,0.010706,0.0,0.011327,17.734
rtoi_function,VerihoggFormat,,True,0,20.5 uvm-req,434,30,0.004342,0.006575,0.011276,17.68
dist_uniform_function,VerihoggFormat,,True,0,20.15 uvm-req,471,30,0.004934,0.006361,0.011872,17.902
clog2_function,VerihoggFormat,,True,0,20.8,433,30,0.002968,0.007297,0.010444,17.453
realtobits_bitstoreal_functions,VerihoggFormat,,True,0,20.5 uvm-req,496,30,0.004453,0.006658,0.011585,17.773
time_task,VerihoggFormat,,True,0,20.3 uvm-req,371,30,0.001444,0.009572,0.011177,17.688
stime_task,VerihoggFormat,,True,0,20.3 uvm-req,374,30,0.008093,0.002878,0.011245,17.688
array_queries_multi_dim,VerihoggFormat,,True,0,20.7 uvm-req,901,30,0.003678,0.007411,0.013895,20.008
sqrt_function,VerihoggFormat,,True,0,20.8,429,30,0.001601,0.009445,0.011362,17.859
error_task,VerihoggFormat,,True,0,20.10,513,30,0.005798,0.004982,0.010978,17.797
priority_casex,VerihoggFormat,,True,0,12.5.3,254,30,0.003423,0.008149,0.012375,19.293
unique_casez,VerihoggFormat,,True,0,12.5.3,248,30,0.005675,0.006701,0.013189,19.406
unique0_casex,VerihoggFormat,,True,0,12.5.3,251,30,0.009608,0.001519,0.011851,19.41
unique0_case,VerihoggFormat,,True,0,12.5.3,248,30,0.008264,0.002602,0.011768,19.352
unique0_casez,VerihoggFormat,,True,0,12.5.3,251,30,0.001476,0.010051,0.012434,19.219
unique_case,VerihoggFormat,,True,0,12.5.3,245,30,0.001463,0.009769,0.012079,19.418
unique_casex,VerihoggFormat,,True,0,12.5.3,248,30,0.004144,0.007082,0.012104,19.277
priority_casez,VerihoggFormat,,True,0,12.5.3,254,30,0.008384,0.003823,0.012872,19.219
priority_case,VerihoggFormat,,True,0,12.5.3,251,30,0.005041,0.006424,0.012485,19.184
equality_operator_sim_6,VerihoggFormat,,True,0,11.4.5,359,30,0.007907,0.003623,0.012441,19.336
equality_operator_sim_19,VerihoggFormat,,True,0,11.4.5,361,30,0.003684,0.007969,0.012578,19.285
equality_operator_sim_9,VerihoggFormat,,True,0,11.4.5,359,30,0.004854,0.007175,0.012975,19.469
equality_operator_sim_18,VerihoggFormat,,True,0,11.4.5,361,30,0.004326,0.007008,0.012411,19.191
equality_operator_sim_23,VerihoggFormat,,True,0,11.4.5,361,30,0.006742,0.005067,0.012874,19.434
equality_operator_sim_0,VerihoggFormat,,True,0,11.4.5,359,30,0.007779,0.003566,0.01227,19.363
equality_operator_sim_7,VerihoggFormat,,True,0,11.4.5,359,30,0.007481,0.003936,0.0125,19.207
equality_operator_sim_3,VerihoggFormat,,True,0,11.4.5,359,30,0.008113,0.003607,0.013495,19.379
equality_operator_sim_10,VerihoggFormat,,True,0,11.4.5,360,30,0.010675,0.0,0.011653,19.289
equality_operator_sim_2,VerihoggFormat,,True,0,11.4.5,359,30,0.007776,0.003656,0.012312,19.41
equality_operator_sim_11,VerihoggFormat,,True,0,11.4.5,360,30,0.003485,0.007449,0.011802,19.434
equality_operator_sim_16,VerihoggFormat,,True,0,11.4.5,361,30,0.004448,0.006445,0.011923,19.238
equality_operator_sim_12,VerihoggFormat,,True,0,11.4.5,361,30,0.010389,0.001489,0.012978,19.336
equality_operator_sim_5,VerihoggFormat,,True,0,11.4.5,359,30,0.005099,0.006097,0.012264,19.434
equality_operator_sim_24,VerihoggFormat,,True,0,11.4.5,361,30,0.006989,0.003472,0.011591,19.336
equality_operator_sim_15,VerihoggFormat,,True,0,11.4.5,361,30,0.007295,0.003148,0.011437,19.387
equality_operator_sim_14,VerihoggFormat,,True,0,11.4.5,361,30,0.003124,0.008745,0.012925,19.223
equality_operator_sim_17,VerihoggFormat,,True,0,11.4.5,361,30,0.007689,0.003419,0.012115,19.383
equality_operator_sim_25,VerihoggFormat,,True,0,11.4.5,360,30,0.003577,0.007658,0.012537,19.184
equality_operator_sim_21,VerihoggFormat,,True,0,11.4.5,361,30,0.004463,0.007175,0.012628,19.156
equality_operator_sim_1,VerihoggFormat,,True,0,11.4.5,359,30,0.005333,0.006477,0.012592,19.441
equality_operator_sim_4,VerihoggFormat,,True,0,11.4.5,359,30,0.008181,0.003765,0.012985,19.309
equality_operator_sim_22,VerihoggFormat,,True,0,11.4.5,361,30,0.004021,0.006737,0.011765,19.285
equality_operator_sim_8,VerihoggFormat,,True,0,11.4.5,359,30,0.006354,0.004979,0.012386,19.434
equality_operator_sim_13,VerihoggFormat,,True,0,11.4.5,361,30,0.005066,0.006447,0.012504,19.434
equality_operator_sim_20,VerihoggFormat,,True,0,11.4.5,361,30,0.0,0.011548,0.012767,19.219
acos_function,VerihoggFormat,,True,0,20.8,159,30,0.004881,0.006086,0.011189,17.273
cos_function,VerihoggFormat,,True,0,20.8,156,30,0.003996,0.006276,0.010609,17.184
sin_function,VerihoggFormat,,True,0,20.8,156,30,0.004079,0.006477,0.010741,17.32
tan_function,VerihoggFormat,,True,0,20.8,156,30,0.007237,0.003338,0.010746,17.27
asinh_function,VerihoggFormat,,True,0,20.8,162,30,0.007469,0.003432,0.011083,17.215
cosh_function,VerihoggFormat,,True,0,20.8,159,30,0.006899,0.004215,0.011292,17.277
atan_function,VerihoggFormat,,True,0,20.8,159,30,0.009421,0.001233,0.010797,17.395
tanh_function,VerihoggFormat,,True,0,20.8,159,30,0.004128,0.006288,0.010527,17.332
acosh_function,VerihoggFormat,,True,0,20.8,162,30,0.0,0.010563,0.010593,17.273
asin_function,VerihoggFormat,,True,0,20.8,159,30,0.005848,0.004798,0.010572,17.258
atanh_function,VerihoggFormat,,True,0,20.8,162,30,0.003033,0.007151,0.010161,17.055
sinh_function,VerihoggFormat,,True,0,20.8,159,30,0.002407,0.008204,0.010586,17.312
xor_assignment_sim_0,VerihoggFormat,,True,0,11.4.1,295,30,0.004277,0.007139,0.012002,19.551
div_assignment_sim_1,VerihoggFormat,,True,0,11.4.1,295,30,0.004221,0.007392,0.012613,19.598
plus_assignment_sim_0,VerihoggFormat,,True,0,11.4.1,296,30,0.001455,0.010618,0.012945,19.727
mul_assignment_sim_1,VerihoggFormat,,True,0,11.4.1,295,30,0.001252,0.009883,0.012145,19.777
or_assignment_sim_1,VerihoggFormat,,True,0,11.4.1,294,30,0.005063,0.005943,0.012221,19.672
log_shr_assignment_sim_0,VerihoggFormat,,True,0,11.4.1,302,30,0.004426,0.006791,0.012094,19.691
or_assignment_sim_0,VerihoggFormat,,True,0,11.4.1,294,30,0.003497,0.007661,0.012205,19.578
plus_assignment_sim_1,VerihoggFormat,,True,0,11.4.1,296,30,0.004322,0.006255,0.011373,19.488
mod_assignment_sim_0,VerihoggFormat,,True,0,11.4.1,295,30,0.005197,0.006611,0.012547,19.562
minus_assignment_sim_1,VerihoggFormat,,True,0,11.4.1,297,30,0.00146,0.01095,0.013141,19.492
and_assignment_sim_1,VerihoggFormat,,True,0,11.4.1,295,30,0.006071,0.003794,0.010721,19.477
and_assignment_sim_0,VerihoggFormat,,True,0,11.4.1,295,30,0.00417,0.006761,0.011458,19.574
xor_assignment_sim_1,VerihoggFormat,,True,0,11.4.1,295,30,0.003681,0.006569,0.011221,19.523
div_assignment_sim_0,VerihoggFormat,,True,0,11.4.1,295,30,0.0,0.011476,0.012485,19.672
minus_assignment_sim_0,VerihoggFormat,,True,0,11.4.1,297,30,0.011394,0.0,0.01228,19.469
mul_assignment_sim_0,VerihoggFormat,,True,0,11.4.1,295,30,0.0,0.010995,0.011554,19.516
mod_assignment_sim_1,VerihoggFormat,,True,0,11.4.1,295,30,0.001404,0.009758,0.012008,19.531
log_shr_assignment_sim_1,VerihoggFormat,,True,0,11.4.1,302,30,0.004104,0.007092,0.012059,19.48
log_shl_assignment_sim_0,VerihoggFormat,,True,0,11.4.1,302,30,0.009722,0.001462,0.011947,19.66
log_shl_assignment_sim_1,VerihoggFormat,,True,0,11.4.1,302,30,0.008109,0.002794,0.011712,19.645
simple_equiv_logical_operator_sim,VerihoggFormat,,True,0,11.4.7,253,30,0.004909,0.005861,0.011818,17.32
simple_impl_logical_operator_sim,VerihoggFormat,,True,0,11.4.7,250,30,0.007634,0.003672,0.011631,17.258
simple_and_logical_operator_sim,VerihoggFormat,,True,0,11.4.7,249,30,0.00821,0.003364,0.011834,17.426
simple_or_logical_operator_sim,VerihoggFormat,,True,0,11.4.7,248,30,0.004158,0.006407,0.010847,17.344
simple_unary_op_xnor_1,VerihoggFormat,,True,0,11.4.9,202,30,0.001461,0.009869,0.011706,17.332
unary_op_and,VerihoggFormat,,True,0,11.4.9,146,30,0.004052,0.006633,0.011115,17.18
simple_unary_op_nand,VerihoggFormat,,True,0,11.4.9,200,30,0.002681,0.008305,0.011064,17.332
simple_unary_op_minus,VerihoggFormat,,True,0,11.3 uvm-req,197,30,0.002931,0.008182,0.01125,17.156
unary_op_xnor_2,VerihoggFormat,,True,0,11.4.9,151,30,0.007811,0.003163,0.011233,17.254
unary_op_xor,VerihoggFormat,,True,0,11.4.9,146,30,0.00771,0.003306,0.011458,17.301
unary_op_nand,VerihoggFormat,,True,0,11.4.9,149,30,0.001204,0.008446,0.010042,17.207
simple_unary_op_nor,VerihoggFormat,,True,0,11.4.9,199,30,0.001408,0.009673,0.01158,17.34
simple_unary_op_and,VerihoggFormat,,True,0,11.4.9,197,30,0.00425,0.005881,0.010373,17.434
unary_op_xnor_1,VerihoggFormat,,True,0,11.4.9,151,30,0.004081,0.006612,0.011236,17.426
simple_unary_op_not_bit,VerihoggFormat,,True,0,11.4.8,201,30,0.004984,0.006338,0.011653,17.328
unary_op_not_bit,VerihoggFormat,,True,0,11.4.8,150,30,0.004551,0.005818,0.010735,17.215
simple_unary_op_plus,VerihoggFormat,,True,0,11.3 uvm-req,196,30,0.007357,0.003284,0.011101,17.246
simple_unary_op_xnor_2,VerihoggFormat,,True,0,11.4.9,202,30,0.00285,0.007645,0.010985,17.441
unary_op_nor,VerihoggFormat,,True,0,11.4.9,148,30,0.004305,0.007257,0.011845,17.383
unary_op_or,VerihoggFormat,,True,0,11.4.9,145,30,0.00307,0.007464,0.010841,17.285
unary_op_not_log,VerihoggFormat,,True,0,11.3 uvm-req,148,30,0.003019,0.008618,0.011866,17.129
unary_op_minus,VerihoggFormat,,True,0,11.3 uvm-req,146,30,0.008001,0.003221,0.01167,17.465
simple_unary_op_xor,VerihoggFormat,,True,0,11.4.9,197,30,0.00416,0.005986,0.01043,17.324
unary_op_plus,VerihoggFormat,,True,0,11.3 uvm-req,145,30,0.011276,0.0,0.011785,17.133
simple_unary_op_not_log,VerihoggFormat,,True,0,11.3 uvm-req,199,30,0.0,0.0111,0.011447,17.395
simple_unary_op_or,VerihoggFormat,,True,0,11.4.9,196,30,0.001419,0.009259,0.010762,17.164
binary_op_case_neq,VerihoggFormat,,True,0,11.4.5,166,30,0.00944,0.001208,0.011204,17.375
binary_op_log_equiv,VerihoggFormat,,True,0,11.4.7,167,30,0.011068,0.0,0.011635,17.246
binary_op_bit_xnor,VerihoggFormat,,True,0,11.4.8,164,30,0.007625,0.003285,0.011258,17.496
binary_op_bit_or,VerihoggFormat,,True,0,11.4.8,160,30,0.004385,0.006703,0.011551,17.469
binary_op_minus,VerihoggFormat,,True,0,11.4.3,159,30,0.008025,0.002771,0.011322,17.34
binary_op_arith_shl,VerihoggFormat,,True,0,11.4.10,168,30,0.004665,0.0061,0.011243,17.336
binary_op_le,VerihoggFormat,,True,0,11.4.4,158,30,0.001313,0.009498,0.011357,17.504
binary_op_bit_xor,VerihoggFormat,,True,0,11.4.8,161,30,0.007813,0.003085,0.011243,17.152
binary_op_case_eq,VerihoggFormat,,True,0,11.4.5,165,30,0.008163,0.002942,0.011613,17.039
binary_op_bit_and,VerihoggFormat,,True,0,11.4.8,161,30,0.007484,0.002841,0.010929,17.504
binary_op_ge,VerihoggFormat,,True,0,11.4.4,158,30,0.006781,0.004293,0.011447,17.441
binary_op_arith_shr,VerihoggFormat,,True,0,11.4.10,168,30,0.009314,0.001403,0.011204,17.43
binary_op_gt,VerihoggFormat,,True,0,11.4.4,156,30,0.004216,0.006706,0.011727,17.332
binary_op_wild_neq,VerihoggFormat,,True,0,11.4.6,166,30,0.007687,0.003382,0.011347,17.094
binary_op_log_eq,VerihoggFormat,,True,0,11.4.5,162,30,0.001206,0.009533,0.011187,17.301
binary_op_plus,VerihoggFormat,,True,0,11.4.3,158,30,0.008333,0.00284,0.011273,17.125
binary_op_div,VerihoggFormat,,True,0,11.4.3,157,30,0.009514,0.001383,0.011383,17.344
binary_op_log_neq,VerihoggFormat,,True,0,11.4.5,163,30,0.001215,0.00962,0.01125,17.422
binary_op_lt,VerihoggFormat,,True,0,11.4.4,156,30,0.0,0.010465,0.011034,17.328
binary_op_log_or,VerihoggFormat,,True,0,11.4.7,162,30,0.00811,0.002851,0.011394,17.289
binary_op_mod,VerihoggFormat,,True,0,11.4.3,157,30,0.00238,0.007951,0.010736,17.227
binary_op_mul,VerihoggFormat,,True,0,11.4.3,157,30,0.004797,0.006414,0.011307,17.277
binary_op_log_imp,VerihoggFormat,,True,0,11.4.7,163,30,0.005993,0.00478,0.011215,17.398
binary_op_wild_eq,VerihoggFormat,,True,0,11.4.6,165,30,0.001408,0.009131,0.011103,17.188
binary_op_log_and,VerihoggFormat,,True,0,11.4.7,163,30,0.001578,0.009456,0.011359,17.258
binary_op_pow,VerihoggFormat,,True,0,11.4.3,159,30,0.007511,0.002742,0.010759,17.348
binary_op_log_shl,VerihoggFormat,,True,0,11.4.10,164,30,0.004064,0.006881,0.011438,17.336
binary_op_log_shr,VerihoggFormat,,True,0,11.4.10,164,30,0.004049,0.007022,0.011787,17.312
bit_or_operator_sim_1,VerihoggFormat,,True,0,11.4.8,321,30,0.00244,0.008119,0.011684,19.438
simple_mod_operator_sim,VerihoggFormat,,True,0,11.4.3,257,30,0.008007,0.002905,0.01137,17.484
div_operator_sim_0,VerihoggFormat,,True,0,11.4.3,318,30,0.004486,0.007447,0.013103,19.406
simple_le_operator_sim,VerihoggFormat,,True,0,11.4.4,258,30,0.009895,0.0,0.01047,17.184
lt_operator_sim_0,VerihoggFormat,,True,0,11.4.4,317,30,0.007367,0.00362,0.012342,19.379
simple_eq_xz_operator_sim,VerihoggFormat,,True,0,11.4.5,263,30,0.001348,0.009331,0.011147,17.246
gt_operator_sim_1,VerihoggFormat,,True,0,11.4.4,317,30,0.008146,0.003618,0.012782,19.309
ge_operator_sim_0,VerihoggFormat,,True,0,11.4.4,320,30,0.01109,0.0,0.012171,19.281
mul_operator_sim_0,VerihoggFormat,,True,0,11.4.3,318,30,0.00794,0.003482,0.012514,19.176
minus_operator_sim_1,VerihoggFormat,,True,0,11.4.3,320,30,0.002516,0.008249,0.011523,19.461
log_shr_operator_sim_1,VerihoggFormat,,True,0,11.4.10,326,30,0.007753,0.00391,0.012474,19.223
simple_gt_operator_sim,VerihoggFormat,,True,0,11.4.4,256,30,0.003322,0.007556,0.011433,17.426
ge_operator_sim_1,VerihoggFormat,,True,0,11.4.4,320,30,0.00316,0.008455,0.012583,19.332
simple_lt_operator_sim,VerihoggFormat,,True,0,11.4.4,256,30,0.004724,0.005919,0.011005,17.309
gt_operator_sim_0,VerihoggFormat,,True,0,11.4.4,317,30,0.007966,0.003811,0.012881,19.164
simple_exp_operator_sim,VerihoggFormat,,True,0,11.4.3,259,30,0.004017,0.007288,0.011944,17.32
simple_eq_operator_sim,VerihoggFormat,,True,0,11.4.5,258,30,0.004242,0.00597,0.010787,17.34
simple_minus_operator_sim,VerihoggFormat,,True,0,11.4.3,259,30,0.003006,0.007358,0.010883,17.41
simple_neq_operator_sim,VerihoggFormat,,True,0,11.4.5,259,30,0.004503,0.006225,0.011963,17.238
log_shl_operator_sim_1,VerihoggFormat,,True,0,11.4.10,326,30,0.007535,0.003525,0.012019,19.074
simple_bit_and_operator_sim,VerihoggFormat,,True,0,11.4.8,261,30,0.008481,0.002892,0.01195,17.191
bit_and_operator_sim_0,VerihoggFormat,,True,0,11.4.8,322,30,0.00142,0.009517,0.011991,19.477
mod_operator_sim_1,VerihoggFormat,,True,0,11.4.3,318,30,0.007993,0.003478,0.012714,19.34
bit_xor_operator_sim_1,VerihoggFormat,,True,0,11.4.8,322,30,0.004734,0.006427,0.012144,19.121
minus_operator_sim_0,VerihoggFormat,,True,0,11.4.3,320,30,0.011774,0.0,0.012936,19.484
bit_xor_operator_sim_0,VerihoggFormat,,True,0,11.4.8,322,30,0.004627,0.006366,0.011845,19.082
le_operator_sim_0,VerihoggFormat,,True,0,11.4.4,320,30,0.011115,0.0,0.012274,19.148
simple_plus_operator_sim,VerihoggFormat,,True,0,11.4.3,258,30,0.001388,0.009632,0.011666,17.504
log_eq_operator_sim_1,VerihoggFormat,,True,0,11.4.5,324,30,0.0,0.011704,0.013072,19.289
log_shl_operator_sim_0,VerihoggFormat,,True,0,11.4.10,326,30,0.008354,0.003061,0.011571,19.141
simple_bit_xor_operator_sim,VerihoggFormat,,True,0,11.4.8,261,30,0.004963,0.006096,0.011747,17.41
simple_div_operator_sim,VerihoggFormat,,True,0,11.4.3,257,30,0.009041,0.001395,0.011149,17.188
mod_operator_sim_0,VerihoggFormat,,True,0,11.4.3,318,30,0.006518,0.00405,0.01159,19.48
simple_log_shl_operator_sim,VerihoggFormat,,True,0,11.4.10,264,30,0.0113,0.0,0.012116,17.289
plus_operator_sim_0,VerihoggFormat,,True,0,11.4.3,319,30,0.004783,0.00628,0.012192,19.211
log_shr_operator_sim_0,VerihoggFormat,,True,0,11.4.10,326,30,0.0,0.011207,0.012135,19.328
plus_operator_sim_1,VerihoggFormat,,True,0,11.4.3,319,30,0.011701,0.0,0.012895,19.379
simple_mul_operator_sim,VerihoggFormat,,True,0,11.4.3,257,30,0.004226,0.006785,0.011615,17.387
bit_or_operator_sim_0,VerihoggFormat,,True,0,11.4.8,321,30,0.007495,0.003197,0.011764,19.32
log_neq_operator_sim_0,VerihoggFormat,,True,0,11.4.5,325,30,0.007482,0.003717,0.012366,19.363
lt_operator_sim_1,VerihoggFormat,,True,0,11.4.4,317,30,0.00118,0.00979,0.011938,19.281
simple_log_shr_operator_sim,VerihoggFormat,,True,0,11.4.10,264,30,0.006823,0.004165,0.01154,17.367
exp_operator_sim_0,VerihoggFormat,,True,0,11.4.3,321,30,0.003797,0.008071,0.012831,19.434
log_eq_operator_sim_0,VerihoggFormat,,True,0,11.4.5,324,30,0.0,0.010632,0.011694,19.211
mul_operator_sim_1,VerihoggFormat,,True,0,11.4.3,318,30,0.011067,0.0,0.012192,19.379
simple_bit_or_operator_sim,VerihoggFormat,,True,0,11.4.8,260,30,0.007139,0.003491,0.011379,17.332
le_operator_sim_1,VerihoggFormat,,True,0,11.4.4,320,30,0.001451,0.009085,0.0114,19.445
exp_operator_sim_1,VerihoggFormat,,True,0,11.4.3,321,30,0.002912,0.008723,0.012605,19.434
simple_ge_operator_sim,VerihoggFormat,,True,0,11.4.4,258,30,0.003835,0.006881,0.011387,17.375
div_operator_sim_1,VerihoggFormat,,True,0,11.4.3,318,30,0.010776,0.0,0.011991,19.375
bit_and_operator_sim_1,VerihoggFormat,,True,0,11.4.8,322,30,0.004459,0.006326,0.011791,19.168
log_neq_operator_sim_1,VerihoggFormat,,True,0,11.4.5,325,30,0.003726,0.006498,0.011168,19.449
simple_neq_xz_operator_sim,VerihoggFormat,,True,0,11.4.5,264,30,0.00706,0.003512,0.011111,17.379
easyUVM,VerihoggFormat,,True,0,uvm,3734,300,1.202184,0.47443,12.219512,1014.852
uvm_agent_0,VerihoggFormat,,False,1,uvm-classes uvm,4760,300,1.158923,0.49291,12.452347,1014.312
uvm_test_0,VerihoggFormat,,False,1,uvm-classes uvm,4756,300,1.168671,0.491918,12.430944,1014.199
uvm_scoreboard_0,VerihoggFormat,,False,1,uvm-classes uvm,4780,300,1.186211,0.456526,12.394802,1012.648
uvm_monitor_0,VerihoggFormat,,False,1,uvm-classes uvm,4768,300,1.19153,0.4627,12.445105,1014.102
uvm_component_0,VerihoggFormat,,False,1,uvm-classes uvm,4776,300,1.201059,0.446948,12.339414,1013.496
uvm_env_0,VerihoggFormat,,False,1,uvm-classes uvm,4752,300,1.220242,0.431068,12.415312,1012.586
uvm_sequencer_0,VerihoggFormat,,False,1,uvm-classes uvm,4776,300,1.178912,0.471764,12.375667,1012.66
uvm_driver_0,VerihoggFormat,,False,1,uvm-classes uvm,4764,300,1.183607,0.473407,12.42521,1013.559
logical_impl_operator_sim_2,VerihoggFormat,,True,0,11.4.7,325,30,0.004075,0.007232,0.012366,19.004
logical_impl_operator_sim_1,VerihoggFormat,,True,0,11.4.7,325,30,0.009804,0.001474,0.0119,19.246
logical_impl_operator_sim_3,VerihoggFormat,,True,0,11.4.7,325,30,0.001383,0.011046,0.013169,19.164
logical_impl_operator_sim_0,VerihoggFormat,,True,0,11.4.7,325,30,0.004634,0.006024,0.011435,19.273
logical_equiv_operator_sim_3,VerihoggFormat,,True,0,11.4.7,348,30,0.0044,0.00712,0.012079,19.359
logical_equiv_operator_sim_1,VerihoggFormat,,True,0,11.4.7,348,30,0.008006,0.002955,0.011685,19.281
logical_equiv_operator_sim_2,VerihoggFormat,,True,0,11.4.7,348,30,0.0,0.011231,0.011829,19.441
logical_equiv_operator_sim_0,VerihoggFormat,,True,0,11.4.7,348,30,0.005978,0.004474,0.011007,19.188
wildcard_const_operator_sim_5,VerihoggFormat,,True,0,11.4.6,307,30,0.001394,0.009802,0.012269,17.496
wildcard_const_operator_sim_0,VerihoggFormat,,True,0,11.4.6,307,30,0.007279,0.002765,0.01081,17.41
wildcard_const_operator_sim_1,VerihoggFormat,,True,0,11.4.6,307,30,0.004653,0.006143,0.011597,17.758
wildcard_const_operator_sim_7,VerihoggFormat,,True,0,11.4.6,307,30,0.008052,0.001299,0.009986,17.449
wildcard_const_operator_sim_3,VerihoggFormat,,True,0,11.4.6,307,30,0.009875,0.0,0.010579,17.508
wildcard_const_operator_sim_2,VerihoggFormat,,True,0,11.4.6,307,30,0.00146,0.008774,0.010782,17.531
wildcard_const_operator_sim_4,VerihoggFormat,,True,0,11.4.6,307,30,0.00763,0.00328,0.011637,17.453
wildcard_const_operator_sim_6,VerihoggFormat,,True,0,11.4.6,307,30,0.004843,0.005936,0.011393,17.496
uvm_priority_arbitration,VerihoggFormat,,False,1,uvm-examples uvm,11037,900,1.18831,0.466941,12.450737,1014.059
uvm_register_spi_bl_tb,VerihoggFormat,,False,1,uvm-examples uvm,87213,900,1.566218,0.763769,15.410001,1064.562
uvm_tb_build_ss_tb,VerihoggFormat,,False,1,uvm-examples uvm,308348,900,2.098943,1.52061,21.059633,1233.18
uvm_virt_seq_find_all,VerihoggFormat,,False,1,uvm-1.2 uvm-examples,13518,900,1.094473,0.40212,10.670475,869.418
uvm_interrupts_parallel_processing,VerihoggFormat,,True,0,uvm-examples uvm,15473,900,1.256049,0.555683,12.857926,1014.258
uvm_priority_grab_lock,VerihoggFormat,,False,1,uvm-examples uvm,14206,900,1.19153,0.462879,12.379662,1012.742
biquad_example,VerihoggFormat,,True,0,uvm-1.2 uvm-examples,5834,900,1.07542,0.461566,10.706669,872.109
uvm_alu_config_analysis,VerihoggFormat,,True,0,uvm-examples uvm,2602,900,1.140011,0.377375,11.469709,716.957
uvm_c_stimulus_bl_example,VerihoggFormat,,False,1,uvm-examples uvm,89815,900,1.557605,0.783693,15.646066,1066.914
uvm_tb_build_bl_tb,VerihoggFormat,,False,1,uvm-examples uvm,87555,900,1.527233,0.816627,15.330534,1064.492
uvm_id_register,VerihoggFormat,,False,1,uvm-examples uvm,25080,900,1.370811,0.516723,13.407244,1032.902
uvm_slave_agent_multi_seq_item,VerihoggFormat,,False,1,uvm-examples uvm,20500,900,1.244437,0.553121,12.550784,1033.492
uvm_use_models_bidir_get_put,VerihoggFormat,,False,1,uvm-examples uvm,16710,900,1.195786,0.469191,12.49555,1016.355
uvm_use_models_unidirectional,VerihoggFormat,,False,1,uvm-examples uvm,10488,900,1.205364,0.451297,12.327651,1014.004
uvm_vif_config_db,VerihoggFormat,,True,0,uvm-examples uvm,14529,900,1.310518,0.521469,12.706862,1013.055
uvm_register_mem_example,VerihoggFormat,,False,1,uvm-examples uvm,37241,900,1.330616,0.723375,13.825515,1033.484
uvm_messaging_example,VerihoggFormat,,False,1,uvm-examples uvm,8810,900,1.189636,0.469404,12.453128,1012.707
uvm_use_models_bidir_item_done,VerihoggFormat,,False,1,uvm-examples uvm,16268,900,1.152277,0.514678,12.445098,1014.68
uvm_slave_agent,VerihoggFormat,,False,1,uvm-examples uvm,20376,900,1.269931,0.523403,12.538614,1033.785
uvm_param_vif_config_db,VerihoggFormat,,True,0,uvm-examples uvm,21864,900,1.301273,0.552554,12.826472,1012.066
uvm_wait_for_signal,VerihoggFormat,,False,1,uvm-examples uvm,19232,900,1.195515,0.477741,12.447276,1013.652
uvm_test_init,VerihoggFormat,,False,1,uvm-examples uvm,19133,900,1.449477,0.561954,14.787511,1011.332
uvm_use_models_pipelined_get_put,VerihoggFormat,,False,1,uvm-examples uvm,22685,900,1.324025,0.514289,12.885447,1031.723
uvm_use_models_pipelined_item_done,VerihoggFormat,,False,1,uvm-1.2 uvm-examples,16340,900,1.094084,0.427594,10.709994,869.75
uvm_generation_seq_poly,VerihoggFormat,,False,1,uvm-examples uvm,31561,900,1.298848,0.524005,13.085831,1032.945
uart_example,VerihoggFormat,,False,1,uvm-examples uvm,76046,900,1.536097,0.808702,15.416586,1066.645
uvm_generation_seq_persistence,VerihoggFormat,,False,1,uvm-examples uvm,31561,900,1.297605,0.522224,13.1033,1033.109
uvm_generation_seq_randomization,VerihoggFormat,,False,1,uvm-examples uvm,31561,900,1.29015,0.535067,13.160207,1032.941
uvm_ef_vif_config_db,VerihoggFormat,,True,0,uvm-examples uvm,18358,900,1.325624,0.525179,12.798826,1013.004
uvm_interrupts_prioritized,VerihoggFormat,,False,1,uvm-examples uvm,25572,900,1.323994,0.531805,13.337867,1012.598
uvm_ac_config_db,VerihoggFormat,,True,0,uvm-examples uvm,19573,900,1.263613,0.580048,12.702103,1012.797
uvm_many_to_one,VerihoggFormat,,False,1,uvm-examples uvm,14716,900,1.390601,0.549643,14.348564,1029.352
apb_protocol_monitor,VerihoggFormat,,False,1,uvm-examples uvm,7453,900,1.12416,0.446955,11.557123,1013.988
uvm_overriding,VerihoggFormat,,False,1,uvm-examples uvm,9489,900,1.211434,0.482133,12.424281,1033.07
uvm_interrupts_simple,VerihoggFormat,,False,1,uvm-examples uvm,26587,900,1.332553,0.518089,13.302991,1012.664
cont_assignment_strength_highz1_pull0,VerihoggFormat,,True,0,10.3.4,179,30,0.006974,0.003342,0.010595,17.328
cont_assignment_strength_pull1_pull0,VerihoggFormat,,True,0,10.3.4,176,30,0.004652,0.006415,0.011159,17.328
cont_assignment_strength_weak1_highz0,VerihoggFormat,,True,0,10.3.4,179,30,0.007907,0.003617,0.011719,17.066
cont_assignment_strength_pull1_supply0,VerihoggFormat,,True,0,10.3.4,182,30,0.009811,0.001459,0.011475,17.344
cont_assignment_strength_weak1_strong0,VerihoggFormat,,True,0,10.3.4,182,30,0.00802,0.002981,0.011243,17.301
cont_assignment_strength_pull1_highz0,VerihoggFormat,,True,0,10.3.4,179,30,0.003279,0.007759,0.011429,17.426
cont_assignment_strength_strong1_highz0,VerihoggFormat,,True,0,10.3.4,185,30,0.007564,0.003665,0.011476,17.234
cont_assignment_strength_weak1_weak0,VerihoggFormat,,True,0,10.3.4,176,30,0.009613,0.001488,0.011266,17.156
cont_assignment_strength_pull1_weak0,VerihoggFormat,,True,0,10.3.4,176,30,0.0,0.01128,0.011418,17.34
cont_assignment_strength_strong1_pull0,VerihoggFormat,,True,0,10.3.4,182,30,0.004087,0.006179,0.010697,17.125
cont_assignment_strength_supply1_highz0,VerihoggFormat,,True,0,10.3.4,185,30,0.009103,0.001476,0.010848,17.254
cont_assignment_strength_highz1_supply0,VerihoggFormat,,True,0,10.3.4,185,30,0.003264,0.00798,0.012488,17.199
cont_assignment_strength_supply1_weak0,VerihoggFormat,,True,0,10.3.4,182,30,0.004195,0.007039,0.011658,17.328
cont_assignment_strength_strong1_weak0,VerihoggFormat,,True,0,10.3.4,182,30,0.007715,0.00333,0.011351,17.238
cont_assignment_strength_supply1_pull0,VerihoggFormat,,True,0,10.3.4,182,30,0.007914,0.002792,0.010968,17.395
cont_assignment_strength_highz1_weak0,VerihoggFormat,,True,0,10.3.4,179,30,0.001443,0.008924,0.010601,17.422
cont_assignment_strength_pull1_strong0,VerihoggFormat,,True,0,10.3.4,182,30,0.004087,0.006336,0.010967,17.148
cont_assignment_strength_weak1_supply0,VerihoggFormat,,True,0,10.3.4,182,30,0.004301,0.006595,0.011095,17.426
cont_assignment_strength_supply1_strong0,VerihoggFormat,,True,0,10.3.4,188,30,0.006295,0.003902,0.010342,17.188
cont_assignment_strength_strong1_strong0,VerihoggFormat,,True,0,10.3.4,188,30,0.0,0.011092,0.011317,17.492
cont_assignment_strength_weak1_pull0,VerihoggFormat,,True,0,10.3.4,176,30,0.01052,0.0,0.0109,17.348
cont_assignment_strength_strong1_supply0,VerihoggFormat,,True,0,10.3.4,188,30,0.004246,0.006655,0.011117,17.301
cont_assignment_strength_highz1_strong0,VerihoggFormat,,True,0,10.3.4,185,30,0.006116,0.003887,0.01012,17.395
cont_assignment_strength_supply1_supply0,VerihoggFormat,,True,0,10.3.4,188,30,0.003842,0.006382,0.010297,17.379
inherited_prot_from_inside,VerihoggFormat,,True,0,8.18,505,30,0.001185,0.009957,0.012869,19.59
local_from_inside,VerihoggFormat,,True,0,8.18,495,30,0.007575,0.004591,0.013167,19.762
prot_from_inside,VerihoggFormat,,True,0,8.18,495,30,0.004679,0.006648,0.012936,19.613
wildcard_operator_sim_7,VerihoggFormat,,True,0,11.4.6,306,30,0.008653,0.003254,0.012046,19.676
wildcard_operator_sim_0,VerihoggFormat,,True,0,11.4.6,306,30,0.00491,0.006523,0.012267,19.539
wildcard_operator_sim_6,VerihoggFormat,,True,0,11.4.6,306,30,0.004461,0.007267,0.012725,19.414
wildcard_operator_sim_5,VerihoggFormat,,True,0,11.4.6,306,30,0.006198,0.005397,0.01235,19.484
wildcard_operator_sim_4,VerihoggFormat,,True,0,11.4.6,306,30,0.00144,0.010354,0.012677,19.734
wildcard_operator_sim_2,VerihoggFormat,,True,0,11.4.6,306,30,0.002871,0.00798,0.011611,19.566
wildcard_operator_sim_1,VerihoggFormat,,True,0,11.4.6,306,30,0.002808,0.008789,0.012408,19.723
wildcard_operator_sim_3,VerihoggFormat,,True,0,11.4.6,306,30,0.007939,0.003506,0.012349,19.559
uvm_monitor_1,VerihoggFormat,,False,1,uvm-classes uvm,5029,300,1.179576,0.472249,12.449001,1014.066
uvm_test_1,VerihoggFormat,,False,1,uvm-classes uvm,5020,300,1.221773,0.440925,12.406506,1014.145
uvm_env_1,VerihoggFormat,,False,1,uvm-classes uvm,5017,300,1.208484,0.443875,12.356777,1014.242
uvm_scoreboard_1,VerihoggFormat,,False,1,uvm-classes uvm,5038,300,1.184983,0.466905,12.445931,1014.285
uvm_driver_1,VerihoggFormat,,False,1,uvm-classes uvm,5026,300,1.193542,0.459453,12.404394,1012.66
uvm_agent_1,VerihoggFormat,,False,1,uvm-classes uvm,5023,300,1.200843,0.460243,12.410237,1013.648
uvm_component_1,VerihoggFormat,,False,1,uvm-classes uvm,5035,300,1.218144,0.431862,12.395767,1012.539
uvm_sequencer_1,VerihoggFormat,,False,1,uvm-classes uvm,5035,300,1.187306,0.467364,12.387382,1014.285
keyword_input,VerihoggFormat,,True,1,5.6.2,192,30,0.003682,0.003366,0.006522,17.387
keyword_rand,VerihoggFormat,,True,1,5.6.2,188,30,0.004325,0.003407,0.007117,17.391
keyword_table,VerihoggFormat,,True,1,5.6.2,192,30,0.0,0.007842,0.007061,17.348
keyword_highz1,VerihoggFormat,,True,1,5.6.2,196,30,0.007623,0.0,0.00714,17.211
keyword_join,VerihoggFormat,,True,1,5.6.2,188,30,0.003892,0.003382,0.00649,17.102
keyword_include,VerihoggFormat,,True,1,5.6.2,200,30,0.005069,0.002885,0.007216,17.145
keyword_integer,VerihoggFormat,,True,1,5.6.2,200,30,0.001413,0.005902,0.006719,17.5
keyword_instance,VerihoggFormat,,True,1,5.6.2,204,30,0.004702,0.002816,0.007003,17.438
keyword_trireg,VerihoggFormat,,True,1,5.6.2,196,30,0.004634,0.002746,0.006816,17.012
keyword_enum,VerihoggFormat,,True,1,5.6.2,188,30,0.001379,0.006256,0.00713,17.297
keyword_localparam,VerihoggFormat,,True,1,5.6.2,212,30,0.00734,0.0,0.00668,17.094
keyword_longint,VerihoggFormat,,True,1,5.6.2,200,30,0.004711,0.002933,0.00707,17.25
keyword_modport,VerihoggFormat,,True,1,5.6.2,200,30,0.0076,0.0,0.00698,17.273
keyword_library,VerihoggFormat,,True,1,5.6.2,200,30,0.00423,0.003327,0.006848,17.379
keyword_endgroup,VerihoggFormat,,True,1,5.6.2,204,30,0.004341,0.003347,0.007041,16.938
keyword_checker,VerihoggFormat,,True,1,5.6.2,200,30,0.004466,0.002821,0.006668,16.965
keyword_nand,VerihoggFormat,,True,1,5.6.2,188,30,0.006059,0.001314,0.006853,16.977
keyword_sync_reject_on,VerihoggFormat,,True,1,5.6.2,228,30,0.0,0.007677,0.006921,17.094
keyword_or,VerihoggFormat,,True,1,5.6.2,180,30,0.004285,0.003508,0.007217,16.973
keyword_struct,VerihoggFormat,,True,1,5.6.2,196,30,0.00139,0.006382,0.007181,17.172
keyword_xnor,VerihoggFormat,,True,1,5.6.2,188,30,0.001464,0.006236,0.006961,17.137
keyword_restrict,VerihoggFormat,,True,1,5.6.2,204,30,0.004274,0.003418,0.007159,17.332
keyword_defparam,VerihoggFormat,,True,1,5.6.2,204,30,0.001369,0.006455,0.007223,17.086
keyword_untyped,VerihoggFormat,,True,1,5.6.2,200,30,0.004202,0.003381,0.006931,17.16
keyword_var,VerihoggFormat,,True,1,5.6.2,184,30,0.001513,0.006354,0.007193,17.121
keyword_endprogram,VerihoggFormat,,True,1,5.6.2,212,30,0.004847,0.002913,0.007034,17.312
keyword_assign,VerihoggFormat,,True,1,5.6.2,196,30,0.002788,0.004586,0.006954,17.18
keyword_rtran,VerihoggFormat,,True,1,5.6.2,192,30,0.003416,0.004078,0.006827,16.949
keyword_let,VerihoggFormat,,True,1,5.6.2,184,30,0.001419,0.006124,0.006855,17.34
keyword_macromodule,VerihoggFormat,,True,1,5.6.2,216,30,0.0,0.007494,0.006865,17.098
keyword_soft,VerihoggFormat,,True,1,5.6.2,188,30,0.00379,0.003422,0.006437,17.059
keyword_sequence,VerihoggFormat,,True,1,5.6.2,204,30,0.004247,0.003343,0.007079,17.027
keyword_endtable,VerihoggFormat,,True,1,5.6.2,204,30,0.008194,0.0,0.007473,17.332
keyword_pure,VerihoggFormat,,True,1,5.6.2,188,30,0.004136,0.002835,0.006381,17.176
keyword_time,VerihoggFormat,,True,1,5.6.2,188,30,0.003767,0.003375,0.006629,17.375
keyword_repeat,VerihoggFormat,,True,1,5.6.2,196,30,0.007283,0.0,0.006556,16.918
keyword_wait,VerihoggFormat,,True,1,5.6.2,188,30,0.003948,0.0033,0.006572,17.23
keyword_endpackage,VerihoggFormat,,True,1,5.6.2,212,30,0.004714,0.002754,0.006845,17.02
keyword_endproperty,VerihoggFormat,,True,1,5.6.2,216,30,0.0,0.008347,0.007115,17.184
keyword_strong1,VerihoggFormat,,True,1,5.6.2,200,30,0.004557,0.003145,0.006941,17.082
keyword_const,VerihoggFormat,,True,1,5.6.2,192,30,0.001438,0.006274,0.007156,17.266
keyword_endcase,VerihoggFormat,,True,1,5.6.2,200,30,0.005719,0.002579,0.006975,16.969
keyword_wor,VerihoggFormat,,True,1,5.6.2,184,30,0.004063,0.003484,0.006818,17.43
keyword_typedef,VerihoggFormat,,True,1,5.6.2,200,30,0.004219,0.003519,0.007091,17.008
keyword_weak,VerihoggFormat,,True,1,5.6.2,188,30,0.00752,0.0,0.006944,17.184
keyword_reject_on,VerihoggFormat,,True,1,5.6.2,208,30,0.004565,0.002823,0.006753,17.035
keyword_specify,VerihoggFormat,,True,1,5.6.2,200,30,0.00379,0.004403,0.007636,17.242
keyword_incdir,VerihoggFormat,,True,1,5.6.2,196,30,0.005031,0.002787,0.007077,17.188
keyword_posedge,VerihoggFormat,,True,1,5.6.2,200,30,0.00336,0.004293,0.007059,17.207
keyword_pmos,VerihoggFormat,,True,1,5.6.2,188,30,0.001481,0.006331,0.007207,17.207
keyword_deassign,VerihoggFormat,,True,1,5.6.2,204,30,0.001454,0.006421,0.007154,17.047
keyword_chandle,VerihoggFormat,,True,1,5.6.2,200,30,0.004119,0.003241,0.006869,17.434
keyword_fork,VerihoggFormat,,True,1,5.6.2,188,30,0.004254,0.003521,0.00704,17.156
keyword_endgenerate,VerihoggFormat,,True,1,5.6.2,216,30,0.004573,0.002764,0.006823,17.082
keyword_force,VerihoggFormat,,True,1,5.6.2,192,30,0.0,0.00793,0.007153,17.23
keyword_ignore_bins,VerihoggFormat,,True,1,5.6.2,216,30,0.004029,0.00327,0.006842,17.117
keyword_nexttime,VerihoggFormat,,True,1,5.6.2,204,30,0.003718,0.003417,0.006557,16.961
keyword_null,VerihoggFormat,,True,1,5.6.2,188,30,0.004551,0.002869,0.006692,17.352
keyword_extends,VerihoggFormat,,True,1,5.6.2,200,30,0.007337,0.0,0.006959,17.121
keyword_dist,VerihoggFormat,,True,1,5.6.2,188,30,0.00411,0.003427,0.007061,17.504
keyword_package,VerihoggFormat,,True,1,5.6.2,200,30,0.004697,0.002568,0.006761,16.957
keyword_super,VerihoggFormat,,True,1,5.6.2,192,30,0.004993,0.002906,0.007276,17.16
keyword_if,VerihoggFormat,,True,1,5.6.2,180,30,0.001387,0.005998,0.006744,17.395
keyword_s_always,VerihoggFormat,,True,1,5.6.2,204,30,0.004416,0.002696,0.006649,17.27
keyword_wire,VerihoggFormat,,True,1,5.6.2,188,30,0.004507,0.002745,0.006757,17.258
keyword_string,VerihoggFormat,,True,1,5.6.2,196,30,0.006137,0.001223,0.00696,17.254
keyword_bind,VerihoggFormat,,True,1,5.6.2,188,30,0.00143,0.005697,0.006435,17.223
keyword_real,VerihoggFormat,,True,1,5.6.2,188,30,0.001355,0.006116,0.006885,17.086
keyword_buf,VerihoggFormat,,True,1,5.6.2,184,30,0.00385,0.003589,0.006694,17.191
keyword_triand,VerihoggFormat,,True,1,5.6.2,196,30,0.0,0.007616,0.006869,17.184
keyword_covergroup,VerihoggFormat,,True,1,5.6.2,212,30,0.007509,0.0,0.006886,17.188
keyword_cross,VerihoggFormat,,True,1,5.6.2,192,30,0.007501,0.0,0.006819,17.219
keyword_pulldown,VerihoggFormat,,True,1,5.6.2,204,30,0.00748,0.0,0.00708,17.156
keyword_highz0,VerihoggFormat,,True,1,5.6.2,196,30,0.00428,0.003445,0.007076,17.27
keyword_endspecify,VerihoggFormat,,True,1,5.6.2,212,30,0.0,0.007724,0.006964,16.914
keyword_tri0,VerihoggFormat,,True,1,5.6.2,188,30,0.007787,0.0,0.007126,17.086
keyword_task,VerihoggFormat,,True,1,5.6.2,188,30,0.004246,0.003036,0.006626,17.566
keyword_int,VerihoggFormat,,True,1,5.6.2,184,30,0.0,0.007745,0.007103,17.199
keyword_reg,VerihoggFormat,,True,1,5.6.2,184,30,0.007374,0.0,0.006864,17.09
keyword_ref,VerihoggFormat,,True,1,5.6.2,184,30,0.007231,0.0,0.006604,17.137
keyword_tranif1,VerihoggFormat,,True,1,5.6.2,200,30,0.0,0.007406,0.006915,16.969
keyword_return,VerihoggFormat,,True,1,5.6.2,196,30,0.003877,0.003415,0.006826,17.371
keyword_always_latch,VerihoggFormat,,True,1,5.6.2,220,30,0.004273,0.003295,0.006967,17.242
keyword_begin,VerihoggFormat,,True,1,5.6.2,192,30,0.0,0.007767,0.007012,17.156
keyword_accept_on,VerihoggFormat,,True,1,5.6.2,208,30,0.001433,0.005288,0.006113,17.297
keyword_event,VerihoggFormat,,True,1,5.6.2,192,30,0.007169,0.0,0.006843,17.348
keyword_illegal_bins,VerihoggFormat,,True,1,5.6.2,220,30,0.004689,0.002839,0.006984,17.121
keyword_matches,VerihoggFormat,,True,1,5.6.2,200,30,0.001276,0.006405,0.007266,17.215
keyword_assume,VerihoggFormat,,True,1,5.6.2,196,30,0.004346,0.003511,0.007313,17.0
keyword_while,VerihoggFormat,,True,1,5.6.2,192,30,0.004283,0.003476,0.007076,17.207
keyword_bufif0,VerihoggFormat,,True,1,5.6.2,196,30,0.001428,0.005994,0.006819,17.203
keyword_large,VerihoggFormat,,True,1,5.6.2,192,30,0.004868,0.003022,0.007144,17.219
keyword_endfunction,VerihoggFormat,,True,1,5.6.2,216,30,0.004561,0.003413,0.0071,17.129
keyword_tranif0,VerihoggFormat,,True,1,5.6.2,200,30,0.00145,0.006379,0.007408,16.977
keyword_uwire,VerihoggFormat,,True,1,5.6.2,192,30,0.003444,0.004334,0.007164,17.25
keyword_packed,VerihoggFormat,,True,1,5.6.2,196,30,0.004254,0.003011,0.006705,17.156
keyword_endprimitive,VerihoggFormat,,True,1,5.6.2,220,30,0.004817,0.002871,0.007221,17.133
keyword_endconfig,VerihoggFormat,,True,1,5.6.2,208,30,0.004585,0.002772,0.006813,17.414
keyword_rnmos,VerihoggFormat,,True,1,5.6.2,192,30,0.002973,0.004439,0.006665,17.223
keyword_wait_order,VerihoggFormat,,True,1,5.6.2,212,30,0.005836,0.001287,0.00663,17.363
keyword_shortint,VerihoggFormat,,True,1,5.6.2,204,30,0.004586,0.002963,0.006917,17.266
keyword_unique0,VerihoggFormat,,True,1,5.6.2,200,30,0.004777,0.002708,0.006887,17.137
keyword_timeprecision,VerihoggFormat,,True,1,5.6.2,224,30,0.004394,0.002816,0.006486,17.125
keyword_with,VerihoggFormat,,True,1,5.6.2,188,30,0.004325,0.003345,0.007016,17.121
keyword_sync_accept_on,VerihoggFormat,,True,1,5.6.2,228,30,0.005977,0.001457,0.006845,17.379
keyword_strong,VerihoggFormat,,True,1,5.6.2,196,30,0.001349,0.006105,0.006923,16.977
keyword_small,VerihoggFormat,,True,1,5.6.2,192,30,0.004323,0.003817,0.007348,17.121
keyword_protected,VerihoggFormat,,True,1,5.6.2,208,30,0.007777,0.0,0.007042,17.234
keyword_expect,VerihoggFormat,,True,1,5.6.2,196,30,0.001211,0.006132,0.006886,17.125
keyword_tagged,VerihoggFormat,,True,1,5.6.2,196,30,0.00725,0.0,0.00682,17.082
keyword_unique,VerihoggFormat,,True,1,5.6.2,196,30,0.007507,0.0,0.006771,17.125
keyword_always_ff,VerihoggFormat,,True,1,5.6.2,208,30,0.004417,0.002704,0.006694,17.352
keyword_case,VerihoggFormat,,True,1,5.6.2,188,30,0.004506,0.002918,0.006893,17.363
keyword_supply1,VerihoggFormat,,True,1,5.6.2,200,30,0.0,0.00765,0.007034,17.137
keyword_medium,VerihoggFormat,,True,1,5.6.2,196,30,0.006252,0.001448,0.007129,17.367
keyword_type,VerihoggFormat,,True,1,5.6.2,188,30,0.001432,0.005829,0.006559,17.281
keyword_alias,VerihoggFormat,,True,1,5.6.2,192,30,0.005371,0.001512,0.006271,16.941
keyword_randcase,VerihoggFormat,,True,1,5.6.2,204,30,0.006976,0.0,0.0064,17.121
keyword_interconnect,VerihoggFormat,,True,1,5.6.2,220,30,0.001443,0.006301,0.007138,17.117
keyword_tran,VerihoggFormat,,True,1,5.6.2,188,30,0.001455,0.006456,0.007292,17.203
keyword_eventually,VerihoggFormat,,True,1,5.6.2,212,30,0.004285,0.003428,0.007149,17.25
keyword_pull0,VerihoggFormat,,True,1,5.6.2,192,30,0.004619,0.002728,0.006855,17.379
keyword_config,VerihoggFormat,,True,1,5.6.2,196,30,0.004268,0.003476,0.007259,17.336
keyword_strong0,VerihoggFormat,,True,1,5.6.2,200,30,0.004368,0.003584,0.007256,17.289
keyword_function,VerihoggFormat,,True,1,5.6.2,204,30,0.005863,0.001477,0.006631,17.25
keyword_break,VerihoggFormat,,True,1,5.6.2,192,30,0.004273,0.003382,0.007007,17.043
keyword_join_any,VerihoggFormat,,True,1,5.6.2,204,30,0.0,0.007393,0.006943,17.141
keyword_coverpoint,VerihoggFormat,,True,1,5.6.2,212,30,0.004262,0.003304,0.006867,17.379
keyword_output,VerihoggFormat,,True,1,5.6.2,196,30,0.007536,0.0,0.006775,17.43
keyword_showcancelled,VerihoggFormat,,True,1,5.6.2,224,30,0.004907,0.002678,0.006949,17.121
keyword_vectored,VerihoggFormat,,True,1,5.6.2,204,30,0.004475,0.003373,0.007231,16.996
keyword_edge,VerihoggFormat,,True,1,5.6.2,188,30,0.003969,0.003237,0.006749,17.133
keyword_nettype,VerihoggFormat,,True,1,5.6.2,200,30,0.007649,0.0,0.007138,17.391
keyword_ifnone,VerihoggFormat,,True,1,5.6.2,196,30,0.001244,0.006791,0.007653,17.09
keyword_binsof,VerihoggFormat,,True,1,5.6.2,196,30,0.004375,0.00282,0.006485,17.086
keyword_s_eventually,VerihoggFormat,,True,1,5.6.2,220,30,0.00474,0.002861,0.00701,17.09
keyword_casez,VerihoggFormat,,True,1,5.6.2,192,30,0.003827,0.003652,0.008256,17.293
keyword_new,VerihoggFormat,,True,1,5.6.2,184,30,0.0,0.007557,0.00698,17.086
keyword_solve,VerihoggFormat,,True,1,5.6.2,192,30,0.001461,0.005354,0.006226,17.34
keyword_rpmos,VerihoggFormat,,True,1,5.6.2,192,30,0.007149,0.0,0.006639,17.285
keyword_use,VerihoggFormat,,True,1,5.6.2,184,30,0.004307,0.002971,0.006525,17.09
keyword_always_comb,VerihoggFormat,,True,1,5.6.2,216,30,0.007487,0.0,0.006713,17.078
keyword_tri,VerihoggFormat,,True,1,5.6.2,184,30,0.004786,0.002768,0.006842,16.922
keyword_casex,VerihoggFormat,,True,1,5.6.2,192,30,0.004033,0.003398,0.007001,17.348
keyword_until_with,VerihoggFormat,,True,1,5.6.2,212,30,0.002909,0.004716,0.006907,17.059
keyword_byte,VerihoggFormat,,True,1,5.6.2,188,30,0.002735,0.004587,0.006849,17.312
keyword_bins,VerihoggFormat,,True,1,5.6.2,188,30,0.004565,0.00276,0.006781,17.125
keyword_pullup,VerihoggFormat,,True,1,5.6.2,196,30,0.004235,0.003319,0.006839,17.242
keyword_import,VerihoggFormat,,True,1,5.6.2,196,30,0.004338,0.003456,0.007133,17.25
keyword_cmos,VerihoggFormat,,True,1,5.6.2,188,30,0.007389,0.0,0.006676,17.16
keyword_else,VerihoggFormat,,True,1,5.6.2,188,30,0.0,0.007363,0.006617,17.348
keyword_assert,VerihoggFormat,,True,1,5.6.2,196,30,0.0077,0.0,0.007096,17.375
keyword_always,VerihoggFormat,,True,1,5.6.2,196,30,0.001423,0.006013,0.00687,17.082
keyword_liblist,VerihoggFormat,,True,1,5.6.2,200,30,0.001274,0.005826,0.006635,17.246
keyword_program,VerihoggFormat,,True,1,5.6.2,200,30,0.004229,0.003415,0.006901,17.309
keyword_for,VerihoggFormat,,True,1,5.6.2,184,30,0.003374,0.00398,0.006554,17.316
keyword_notif0,VerihoggFormat,,True,1,5.6.2,196,30,0.007418,0.0,0.006977,17.312
keyword_and,VerihoggFormat,,True,1,5.6.2,184,30,0.00584,0.001413,0.006616,17.23
keyword_s_nexttime,VerihoggFormat,,True,1,5.6.2,212,30,0.001433,0.006051,0.006694,16.98
keyword_inout,VerihoggFormat,,True,1,5.6.2,192,30,0.00609,0.001557,0.006824,17.309
keyword_priority,VerihoggFormat,,True,1,5.6.2,204,30,0.001262,0.005189,0.006004,17.148
keyword_endclocking,VerihoggFormat,,True,1,5.6.2,216,30,0.001415,0.005998,0.00681,17.035
keyword_randsequence,VerihoggFormat,,True,1,5.6.2,220,30,0.00577,0.001445,0.006593,17.387
keyword_class,VerihoggFormat,,True,1,5.6.2,192,30,0.003737,0.003279,0.006458,17.367
keyword_bit,VerihoggFormat,,True,1,5.6.2,184,30,0.007227,0.0,0.006575,17.07
keyword_implies,VerihoggFormat,,True,1,5.6.2,200,30,0.002689,0.004599,0.006821,17.168
keyword_endclass,VerihoggFormat,,True,1,5.6.2,204,30,0.006126,0.0014,0.006901,17.203
keyword_weak1,VerihoggFormat,,True,1,5.6.2,192,30,0.003738,0.003258,0.006498,17.371
keyword_end,VerihoggFormat,,True,1,5.6.2,184,30,0.003701,0.003245,0.006474,17.219
keyword_iff,VerihoggFormat,,True,1,5.6.2,184,30,0.0,0.007622,0.00703,17.172
keyword_not,VerihoggFormat,,True,1,5.6.2,184,30,0.001297,0.006263,0.007071,17.266
keyword_unsigned,VerihoggFormat,,True,1,5.6.2,204,30,0.0,0.007893,0.006971,17.305
keyword_nor,VerihoggFormat,,True,1,5.6.2,184,30,0.001212,0.006066,0.006769,17.234
keyword_randc,VerihoggFormat,,True,1,5.6.2,192,30,0.001407,0.005856,0.006713,17.121
keyword_module,VerihoggFormat,,True,1,5.6.2,196,30,0.00374,0.00325,0.006556,17.043
keyword_notif1,VerihoggFormat,,True,1,5.6.2,196,30,0.007399,0.0,0.006619,17.191
keyword_void,VerihoggFormat,,True,1,5.6.2,188,30,0.003663,0.004338,0.007213,17.426
keyword_trior,VerihoggFormat,,True,1,5.6.2,192,30,0.004235,0.003249,0.006742,17.18
keyword_signed,VerihoggFormat,,True,1,5.6.2,196,30,0.007286,0.0,0.006498,17.375
keyword_endtask,VerihoggFormat,,True,1,5.6.2,200,30,0.006708,0.0,0.00612,16.918
keyword_xor,VerihoggFormat,,True,1,5.6.2,184,30,0.007877,0.0,0.007286,17.16
keyword_forkjoin,VerihoggFormat,,True,1,5.6.2,204,30,0.001399,0.005776,0.006555,17.105
keyword_forever,VerihoggFormat,,True,1,5.6.2,200,30,0.004229,0.003351,0.007071,17.434
keyword_do,VerihoggFormat,,True,1,5.6.2,180,30,0.007582,0.0,0.007456,16.949
keyword_before,VerihoggFormat,,True,1,5.6.2,196,30,0.003443,0.004341,0.007163,17.059
keyword_genvar,VerihoggFormat,,True,1,5.6.2,196,30,0.001434,0.005959,0.006706,17.238
keyword_final,VerihoggFormat,,True,1,5.6.2,192,30,0.001484,0.00625,0.007127,16.98
keyword_cover,VerihoggFormat,,True,1,5.6.2,192,30,0.001296,0.005707,0.006462,17.414
keyword_automatic,VerihoggFormat,,True,1,5.6.2,208,30,0.003613,0.003541,0.006709,17.047
keyword_interface,VerihoggFormat,,True,1,5.6.2,208,30,0.004423,0.003667,0.007339,17.16
keyword_clocking,VerihoggFormat,,True,1,5.6.2,204,30,0.004875,0.002815,0.006953,17.496
keyword_negedge,VerihoggFormat,,True,1,5.6.2,200,30,0.00128,0.005963,0.006769,17.035
keyword_nmos,VerihoggFormat,,True,1,5.6.2,188,30,0.003856,0.003206,0.006683,17.078
keyword_shortreal,VerihoggFormat,,True,1,5.6.2,208,30,0.004206,0.002835,0.006294,17.055
keyword_realtime,VerihoggFormat,,True,1,5.6.2,204,30,0.00338,0.003815,0.006551,16.977
keyword_specparam,VerihoggFormat,,True,1,5.6.2,208,30,0.001392,0.005819,0.006622,17.328
keyword_extern,VerihoggFormat,,True,1,5.6.2,196,30,0.001288,0.00563,0.006383,16.938
keyword_pulsestyle_onevent,VerihoggFormat,,True,1,5.6.2,244,30,0.001226,0.006202,0.006951,17.305
keyword_s_until_with,VerihoggFormat,,True,1,5.6.2,220,30,0.004886,0.002875,0.007181,17.156
keyword_release,VerihoggFormat,,True,1,5.6.2,200,30,0.001407,0.005941,0.006854,17.07
keyword_intersect,VerihoggFormat,,True,1,5.6.2,208,30,0.004082,0.00338,0.006782,17.219
keyword_global,VerihoggFormat,,True,1,5.6.2,196,30,0.003932,0.003378,0.006682,17.309
keyword_foreach,VerihoggFormat,,True,1,5.6.2,200,30,0.007787,0.0,0.007158,17.062
keyword_until,VerihoggFormat,,True,1,5.6.2,192,30,0.004513,0.003252,0.007085,17.297
keyword_implements,VerihoggFormat,,True,1,5.6.2,212,30,0.002658,0.004527,0.00678,17.082
keyword_rcmos,VerihoggFormat,,True,1,5.6.2,192,30,0.005078,0.002694,0.007074,17.094
keyword_disable,VerihoggFormat,,True,1,5.6.2,200,30,0.00126,0.005634,0.006397,17.066
keyword_weak0,VerihoggFormat,,True,1,5.6.2,192,30,0.007402,0.0,0.006675,17.008
keyword_endchecker,VerihoggFormat,,True,1,5.6.2,212,30,0.004175,0.003182,0.006606,17.012
keyword_cell,VerihoggFormat,,True,1,5.6.2,188,30,0.00438,0.003191,0.007186,17.348
keyword_bufif1,VerihoggFormat,,True,1,5.6.2,196,30,0.003726,0.005651,0.008507,17.223
keyword_join_none,VerihoggFormat,,True,1,5.6.2,208,30,0.004623,0.002904,0.006789,17.406
keyword_union,VerihoggFormat,,True,1,5.6.2,192,30,0.003149,0.004195,0.006723,17.18
keyword_noshowcancelled,VerihoggFormat,,True,1,5.6.2,232,30,0.003288,0.004177,0.006938,17.047
keyword_within,VerihoggFormat,,True,1,5.6.2,196,30,0.00133,0.006022,0.006856,17.156
keyword_first_match,VerihoggFormat,,True,1,5.6.2,216,30,0.003621,0.003225,0.006405,17.113
keyword_default,VerihoggFormat,,True,1,5.6.2,200,30,0.008232,0.0,0.007654,17.082
keyword_logic,VerihoggFormat,,True,1,5.6.2,192,30,0.00419,0.003237,0.006893,17.184
keyword_design,VerihoggFormat,,True,1,5.6.2,196,30,0.004131,0.003691,0.007293,17.152
keyword_generate,VerihoggFormat,,True,1,5.6.2,204,30,0.004673,0.002902,0.006921,17.215
keyword_throughout,VerihoggFormat,,True,1,5.6.2,212,30,0.001431,0.006232,0.007067,17.215
keyword_s_until,VerihoggFormat,,True,1,5.6.2,200,30,0.003896,0.003372,0.006864,17.195
keyword_scalared,VerihoggFormat,,True,1,5.6.2,204,30,0.001476,0.006667,0.007405,17.246
keyword_endmodule,VerihoggFormat,,True,1,5.6.2,208,30,0.0,0.007628,0.006824,17.035
keyword_continue,VerihoggFormat,,True,1,5.6.2,204,30,0.004172,0.003349,0.007018,17.406
keyword_parameter,VerihoggFormat,,True,1,5.6.2,208,30,0.001309,0.0064,0.007169,17.02
keyword_primitive,VerihoggFormat,,True,1,5.6.2,208,30,0.0,0.007125,0.006717,17.285
keyword_property,VerihoggFormat,,True,1,5.6.2,204,30,0.003291,0.004403,0.006828,17.184
keyword_rtranif0,VerihoggFormat,,True,1,5.6.2,204,30,0.004124,0.003269,0.006824,17.285
keyword_export,VerihoggFormat,,True,1,5.6.2,196,30,0.004659,0.002956,0.007104,17.125
keyword_virtual,VerihoggFormat,,True,1,5.6.2,200,30,0.004799,0.002903,0.006957,17.078
keyword_wand,VerihoggFormat,,True,1,5.6.2,188,30,0.001398,0.006243,0.007241,16.918
keyword_constraint,VerihoggFormat,,True,1,5.6.2,212,30,0.001486,0.006336,0.006989,17.207
keyword_pull1,VerihoggFormat,,True,1,5.6.2,192,30,0.004707,0.003297,0.00734,17.336
keyword_static,VerihoggFormat,,True,1,5.6.2,196,30,0.00777,0.0,0.006847,17.414
keyword_pulsestyle_ondetect,VerihoggFormat,,True,1,5.6.2,248,30,0.00452,0.002693,0.006765,16.973
keyword_initial,VerihoggFormat,,True,1,5.6.2,200,30,0.003303,0.004305,0.007009,17.121
keyword_context,VerihoggFormat,,True,1,5.6.2,200,30,0.004494,0.003391,0.007032,17.18
keyword_tri1,VerihoggFormat,,True,1,5.6.2,188,30,0.003857,0.003378,0.006439,17.27
keyword_local,VerihoggFormat,,True,1,5.6.2,192,30,0.004584,0.002809,0.00662,16.984
keyword_this,VerihoggFormat,,True,1,5.6.2,188,30,0.0,0.008043,0.007107,17.156
keyword_endinterface,VerihoggFormat,,True,1,5.6.2,220,30,0.004187,0.00355,0.007298,17.203
keyword_timeunit,VerihoggFormat,,True,1,5.6.2,204,30,0.001356,0.006016,0.006796,17.219
keyword_wildcard,VerihoggFormat,,True,1,5.6.2,204,30,0.004058,0.003413,0.006748,17.266
keyword_inside,VerihoggFormat,,True,1,5.6.2,196,30,0.003728,0.003227,0.006399,17.078
keyword_rtranif1,VerihoggFormat,,True,1,5.6.2,204,30,0.004237,0.003279,0.006973,17.207
keyword_endsequence,VerihoggFormat,,True,1,5.6.2,216,30,0.003397,0.003677,0.006504,17.094
keyword_supply0,VerihoggFormat,,True,1,5.6.2,200,30,0.00385,0.003314,0.006398,17.113
net_supply1,VerihoggFormat,,True,0,6.6.6,103,30,0.00715,0.002859,0.010092,17.316
net_wor,VerihoggFormat,,True,0,6.6.3,91,30,0.007708,0.003186,0.010889,17.312
net_triand,VerihoggFormat,,True,0,6.6.3,100,30,0.00454,0.006381,0.010857,17.191
net_supply0,VerihoggFormat,,True,0,6.6.6,103,30,0.008089,0.002941,0.011105,17.164
net_tri0,VerihoggFormat,,True,0,6.6.5,94,30,0.007602,0.003276,0.010896,17.254
net_trireg,VerihoggFormat,,True,0,6.6.4,100,30,0.007517,0.003204,0.010532,17.391
net_tri1,VerihoggFormat,,True,0,6.6.5,94,30,0.004303,0.006437,0.010664,17.223
net_uwire,VerihoggFormat,,True,0,6.6.2,97,30,0.010972,0.0,0.010897,17.219
net_wire,VerihoggFormat,,True,0,6.6.1,94,30,0.008148,0.002863,0.010985,17.297
net_wand,VerihoggFormat,,True,0,6.6.3,94,30,0.00794,0.002886,0.0108,17.355
net_tri,VerihoggFormat,,True,0,6.6.1,91,30,0.007524,0.003211,0.010777,17.297
net_trior,VerihoggFormat,,True,0,6.6.3,97,30,0.0,0.010833,0.011136,17.207
uvm_component_3,VerihoggFormat,,False,1,uvm-classes uvm,3381,300,1.160006,0.483379,12.351596,1012.617
uvm_scoreboard_3,VerihoggFormat,,False,1,uvm-classes uvm,3385,300,1.158389,0.490411,12.343999,1013.797
uvm_agent_3,VerihoggFormat,,False,1,uvm-classes uvm,3365,300,1.169062,0.474803,12.298716,1013.758
uvm_test_3,VerihoggFormat,,False,1,uvm-classes uvm,3361,300,1.176653,0.472999,12.31011,1014.148
uvm_env_3,VerihoggFormat,,False,1,uvm-classes uvm,3357,300,1.195434,0.459706,12.36794,1013.793
uvm_driver_3,VerihoggFormat,,False,1,uvm-classes uvm,3369,300,1.150941,0.493007,12.388971,1013.582
uvm_sequencer_3,VerihoggFormat,,False,1,uvm-classes uvm,3381,300,1.204466,0.442029,12.353257,1012.633
uvm_monitor_3,VerihoggFormat,,False,1,uvm-classes uvm,3373,300,1.169317,0.482441,12.348182,1012.746
changed_function,VerihoggFormat,,True,0,16.9 20.13 uvm-req,208,30,0.00783,0.003154,0.011172,17.297
rose_function,VerihoggFormat,,True,0,16.9 20.13 uvm-req,199,30,0.003797,0.006914,0.011213,17.133
rose_gclk_function,VerihoggFormat,,True,0,16.9 20.13 uvm-req,258,30,0.001582,0.010899,0.012786,17.348
past_function,VerihoggFormat,,True,0,16.9 20.13 uvm-req,199,30,0.010058,0.0,0.010314,17.352
fell_function,VerihoggFormat,,True,0,16.9 20.13 uvm-req,199,30,0.003358,0.007482,0.011373,17.281
fell_gclk_function,VerihoggFormat,,True,0,16.9 20.13 uvm-req,258,30,0.002909,0.00848,0.011986,17.395
stable_gclk_function,VerihoggFormat,,True,0,16.9 20.13 uvm-req,264,30,0.003279,0.007911,0.011813,17.227
stable_function,VerihoggFormat,,True,0,16.9 20.13 uvm-req,205,30,0.008947,0.002957,0.011855,17.5
past_gclk_function,VerihoggFormat,,True,0,16.9 20.13 uvm-req,258,30,0.007481,0.003418,0.01139,17.285
changing_gclk_function,VerihoggFormat,,True,0,16.9 20.13 uvm-req,270,30,0.004956,0.00606,0.011634,17.293
future_gclk_function,VerihoggFormat,,True,0,16.9 20.13 uvm-req,264,30,0.0,0.010827,0.011269,17.422
falling_gclk_function,VerihoggFormat,,True,0,16.9 20.13 uvm-req,267,30,0.007361,0.00347,0.011439,17.191
sampled_function,VerihoggFormat,,True,0,16.9 20.13 uvm-req,208,30,0.004372,0.006484,0.011197,17.156
steady_gclk_function,VerihoggFormat,,True,0,16.9 20.13 uvm-req,264,30,0.001455,0.009892,0.011838,17.301
rising_gclk_function,VerihoggFormat,,True,0,16.9 20.13 uvm-req,264,30,0.004994,0.00592,0.011402,17.328
changed_gclk_function,VerihoggFormat,,True,0,16.9 20.13 uvm-req,267,30,0.004387,0.006494,0.011454,17.176
log_shr_assignment,VerihoggFormat,,True,0,11.4.1,157,30,0.004551,0.006761,0.011438,17.137
arith_shr_assignment,VerihoggFormat,,True,0,11.4.1,161,30,0.001358,0.00934,0.011269,17.332
or_assignment,VerihoggFormat,,True,0,11.4.1,150,30,0.007354,0.003625,0.011583,17.289
xor_assignment,VerihoggFormat,,True,0,11.4.1,151,30,0.001461,0.008667,0.010186,17.258
and_assignment,VerihoggFormat,,True,0,11.4.1,151,30,0.001482,0.009248,0.011032,17.223
arith_shl_assignment,VerihoggFormat,,True,0,11.4.1,161,30,0.007381,0.003394,0.011017,17.496
mod_assignment,VerihoggFormat,,True,0,11.4.1,151,30,0.003042,0.0082,0.011565,17.297
plus_assignment,VerihoggFormat,,True,0,11.4.1,152,30,0.006962,0.003222,0.01058,17.422
minus_assignment,VerihoggFormat,,True,0,11.4.1,153,30,0.002955,0.007237,0.010377,17.16
log_shl_assignment,VerihoggFormat,,True,0,11.4.1,157,30,0.004354,0.00647,0.011062,17.25
normal_assignment,VerihoggFormat,,True,0,11.4.1,152,30,0.007893,0.003313,0.011431,17.117
div_assignment,VerihoggFormat,,True,0,11.4.1,151,30,0.003995,0.006501,0.01089,17.188
mul_assignment,VerihoggFormat,,True,0,11.4.1,151,30,0.00136,0.009375,0.011225,17.234
integer_byte,VerihoggFormat,,True,0,6.11 uvm-req,97,30,0.003438,0.007409,0.010968,17.207
integer_reg,VerihoggFormat,,True,0,6.11 uvm-req,94,30,0.004289,0.006686,0.010888,17.219
integer_longint,VerihoggFormat,,True,0,6.11 uvm-req,106,30,0.00636,0.00441,0.010734,17.375
integer_unsigned_bit,VerihoggFormat,,True,0,6.11 uvm-req,121,30,0.004289,0.006677,0.010914,17.504
integer_unsigned_int,VerihoggFormat,,True,0,6.11 uvm-req,121,30,0.00285,0.007408,0.010437,17.402
integer_unsigned_shortint,VerihoggFormat,,True,0,6.11 uvm-req,136,30,0.004198,0.006704,0.01104,17.344
integer_bit,VerihoggFormat,,True,0,6.11 uvm-req,94,30,0.001277,0.009837,0.011261,16.973
integer_int,VerihoggFormat,,True,0,6.11 uvm-req,94,30,0.0,0.010657,0.010643,17.219
integer_signed_time,VerihoggFormat,,True,0,6.11 uvm-req,118,30,0.003221,0.007307,0.010587,17.109
integer_unsigned_longint,VerihoggFormat,,True,0,6.11 uvm-req,133,30,0.00401,0.0065,0.010587,17.133
integer_time,VerihoggFormat,,True,0,6.11 uvm-req,97,30,0.004911,0.006483,0.011249,17.27
integer_logic,VerihoggFormat,,True,0,6.11 uvm-req,100,30,0.001411,0.009469,0.010874,17.234
integer_integer,VerihoggFormat,,True,0,6.11 uvm-req,106,30,0.008057,0.002787,0.010991,17.281
integer_unsigned_integer,VerihoggFormat,,True,0,6.11 uvm-req,133,30,0.002817,0.006571,0.009372,17.375
integer_signed_byte,VerihoggFormat,,True,0,6.11 uvm-req,118,30,0.007401,0.003216,0.010712,17.5
integer_signed_longint,VerihoggFormat,,True,0,6.11 uvm-req,127,30,0.001311,0.009357,0.010738,17.332
integer_signed_integer,VerihoggFormat,,True,0,6.11 uvm-req,127,30,0.003342,0.008036,0.011355,17.414
integer_signed_reg,VerihoggFormat,,True,0,6.11 uvm-req,115,30,0.004632,0.006364,0.011173,17.18
integer_signed_bit,VerihoggFormat,,True,0,6.11 uvm-req,115,30,0.006256,0.004908,0.011183,17.191
integer_unsigned_time,VerihoggFormat,,True,0,6.11 uvm-req,124,30,0.007749,0.002964,0.010751,17.188
integer_signed_logic,VerihoggFormat,,True,0,6.11 uvm-req,121,30,0.004668,0.005937,0.010514,17.43
integer_signed_int,VerihoggFormat,,True,0,6.11 uvm-req,115,30,0.001226,0.009683,0.011153,17.055
integer_unsigned_byte,VerihoggFormat,,True,0,6.11 uvm-req,124,30,0.0012,0.009165,0.010412,17.164
integer_unsigned_reg,VerihoggFormat,,True,0,6.11 uvm-req,121,30,0.007476,0.003252,0.010847,17.297
integer_signed_shortint,VerihoggFormat,,True,0,6.11 uvm-req,130,30,0.00149,0.009146,0.010657,17.5
integer_shortint,VerihoggFormat,,True,0,6.11 uvm-req,109,30,0.003276,0.007414,0.010808,17.117
integer_unsigned_logic,VerihoggFormat,,True,0,6.11 uvm-req,127,30,0.006555,0.004469,0.011094,17.184
logical_operator_sim_6,VerihoggFormat,,True,0,11.4.7,301,30,0.004466,0.006875,0.012069,17.289
logical_operator_sim_2,VerihoggFormat,,True,0,11.4.7,301,30,0.007189,0.003509,0.011663,17.082
logical_operator_sim_3,VerihoggFormat,,True,0,11.4.7,300,30,0.004257,0.007141,0.012274,17.398
logical_operator_sim_5,VerihoggFormat,,True,0,11.4.7,300,30,0.011172,0.0,0.011976,17.258
logical_operator_sim_4,VerihoggFormat,,True,0,11.4.7,301,30,0.007526,0.003622,0.011925,17.141
logical_operator_sim_1,VerihoggFormat,,True,0,11.4.7,300,30,0.004836,0.005983,0.011564,17.113
logical_operator_sim_0,VerihoggFormat,,True,0,11.4.7,301,30,0.004481,0.006439,0.011563,17.426
logical_operator_sim_7,VerihoggFormat,,True,0,11.4.7,300,30,0.009273,0.001577,0.011552,17.07
uvm_sequencer_2,VerihoggFormat,,True,0,uvm-classes uvm,2817,300,1.198212,0.452899,12.354703,1012.715
uvm_monitor_2,VerihoggFormat,,True,0,uvm-classes uvm,2811,300,1.179544,0.468268,12.315279,1013.496
uvm_env_2,VerihoggFormat,,True,0,uvm-classes uvm,2799,300,1.142925,0.49692,12.439724,1013.738
uvm_component_2,VerihoggFormat,,True,0,uvm-classes uvm,2817,300,1.202037,0.441241,12.378104,1012.668
uvm_agent_2,VerihoggFormat,,True,0,uvm-classes uvm,2805,300,1.178513,0.467779,12.400712,1014.285
uvm_driver_2,VerihoggFormat,,True,0,uvm-classes uvm,2808,300,1.177048,0.459317,12.322685,1012.336
uvm_scoreboard_2,VerihoggFormat,,True,0,uvm-classes uvm,2820,300,1.156373,0.481492,12.350457,1012.57
uvm_test_2,VerihoggFormat,,True,0,uvm-classes uvm,2802,300,1.175347,0.463424,12.372435,1012.488
cont_assignment_net_delay,VerihoggFormat,,True,0,10.3.3,421,30,0.004459,0.00636,0.011049,17.746
force_release,VerihoggFormat,,True,0,10.6.2,651,30,0.012362,0.0,0.013983,19.738
one_net_assign,VerihoggFormat,,True,0,10.3.1,429,30,0.0,0.010262,0.010438,17.527
assign_deassign,VerihoggFormat,,True,0,10.6.1,547,30,0.004447,0.007608,0.013391,19.734
cont_assignment,VerihoggFormat,,True,0,10.3.2,391,30,0.006962,0.003383,0.010859,17.504
blocking_assignment,VerihoggFormat,,True,0,10.4.1,490,30,0.008242,0.003314,0.012291,17.863
cont_assignment_delay,VerihoggFormat,,True,0,10.3.3,413,30,0.008078,0.003344,0.01194,17.734
non_blocking_assignment,VerihoggFormat,,True,0,10.4.2,396,30,0.006247,0.004038,0.010516,17.668
net_decl_assignment,VerihoggFormat,,True,0,10.3.1,390,30,0.006542,0.004079,0.010731,17.762
uvm_files,VerihoggFormat,,True,0,uvm,2939,300,1.090091,0.459538,11.414465,1013.816
sequence_test_uvm,VerihoggFormat,,False,1,uvm-assertions uvm,5348,300,1.210102,0.424532,12.169213,1013.395
assume_property_test,VerihoggFormat,,True,0,16.14,412,30,0.004385,0.006987,0.011893,17.734
property_interface_test_uvm,VerihoggFormat,,False,1,uvm-assertions uvm,5337,300,1.191385,0.447009,12.211533,1012.738
assert_test,VerihoggFormat,,True,0,16.2 uvm-req,367,30,0.0,0.012511,0.012912,17.688
property_disable_iff_test,VerihoggFormat,,True,0,16.15,1145,30,0.005027,0.006496,0.013849,19.898
sequence_fell_test_uvm,VerihoggFormat,,False,1,uvm-assertions uvm,5099,300,1.196443,0.442577,12.234236,1012.695
cover0_test,VerihoggFormat,,True,0,16.4,363,30,0.00479,0.00735,0.012306,17.68
assert0_test,VerihoggFormat,,True,0,16.4,366,30,0.0,0.012615,0.012943,17.648
sequence_test,VerihoggFormat,,True,0,16.7,461,30,0.007223,0.00466,0.012215,17.836
sequence_nonconsecutive_repetition_test,VerihoggFormat,,True,0,16.9 uvm-req,589,30,0.003891,0.008786,0.01326,19.801
sequence_changed_test_uvm,VerihoggFormat,,False,1,uvm-assertions uvm,5111,300,1.169174,0.482843,12.204337,1013.426
sequence_throughout_op_test_uvm,VerihoggFormat,,False,1,uvm-assertions uvm,5479,300,1.165107,0.472228,12.185885,1012.719
assert_test_uvm,VerihoggFormat,,False,1,uvm-assertions uvm,4850,300,1.184961,0.44899,12.098683,1012.836
sequence_subroutine_test_uvm,VerihoggFormat,,False,1,uvm-assertions uvm,5491,300,1.20354,0.432202,12.244474,1012.812
cover_final_test,VerihoggFormat,,True,0,16.4,374,30,0.004382,0.00754,0.011951,17.883
sequence_goto_repetition_test,VerihoggFormat,,True,0,16.9 uvm-req,522,30,0.0,0.012656,0.013171,19.551
sequence_multiclock_test_uvm,VerihoggFormat,,False,1,uvm-assertions uvm,5104,300,1.197701,0.432384,12.171454,1012.816
expect_test_uvm,VerihoggFormat,,False,1,uvm-assertions uvm,5318,300,1.167366,0.476942,12.212263,1013.344
sequence_and_op_test_uvm,VerihoggFormat,,False,1,uvm-assertions uvm,5563,300,1.20294,0.437642,12.252281,1011.855
sequence_rose_test_uvm,VerihoggFormat,,False,1,uvm-assertions uvm,5099,300,1.140554,0.496649,12.163527,1013.23
sequence_consecutive_repetition_test,VerihoggFormat,,True,0,16.9 uvm-req,535,30,0.007074,0.003589,0.011436,19.465
property_iff_test,VerihoggFormat,,True,0,16.12 uvm-req,415,30,0.011805,0.0,0.012169,17.832
assert_final_test,VerihoggFormat,,True,0,16.4,377,30,0.006941,0.003053,0.010449,17.742
property_disable_iff_min_test,VerihoggFormat,,True,0,16.12 uvm-req,468,30,0.004852,0.006268,0.011598,17.742
property_disable_iff_test_uvm,VerihoggFormat,,False,1,uvm-assertions uvm,4925,300,1.144527,0.48254,12.240394,1012.898
sequence_local_var_test,VerihoggFormat,,True,0,16.10,1658,30,0.005119,0.009184,0.018668,21.859
assume_final_test,VerihoggFormat,,True,0,16.4,376,30,0.001521,0.010875,0.012593,17.598
sequence_intersect_op_test_uvm,VerihoggFormat,,False,1,uvm-assertions uvm,5509,300,1.172223,0.467449,12.280922,1013.844
expect_test,VerihoggFormat,,True,0,16.17 uvm-req,415,30,0.003496,0.008354,0.012213,17.559
property_interface_prec_test_uvm,VerihoggFormat,,False,1,uvm-assertions uvm,5331,300,1.206297,0.419936,12.142978,1012.949
property_prec_test_uvm,VerihoggFormat,,False,1,uvm-assertions uvm,5323,300,1.187182,0.458123,12.178285,1011.68
assert_final_test_uvm,VerihoggFormat,,False,1,uvm-assertions uvm,4503,300,1.192368,0.44911,12.243319,1011.73
property_local_var_test,VerihoggFormat,,True,0,16.10,1664,30,0.007615,0.004889,0.016812,21.988
sequence_past_test_uvm,VerihoggFormat,,False,1,uvm-assertions uvm,5110,300,1.194714,0.436676,12.207024,1012.891
assume0_test,VerihoggFormat,,True,0,16.4,365,30,0.003886,0.006638,0.010356,17.723
assume_property_test_uvm,VerihoggFormat,,False,1,uvm-assertions uvm,5333,300,1.193582,0.437822,12.193612,1011.676
sequence_local_var_test_uvm,VerihoggFormat,,False,1,uvm-assertions uvm,5473,300,1.160476,0.477747,12.217803,1013.668
sequence_range_and_op_test_uvm,VerihoggFormat,,False,1,uvm-assertions uvm,5526,300,1.197112,0.444557,12.200045,1012.559
assume_test,VerihoggFormat,,True,0,16.2 uvm-req,366,30,0.005467,0.006706,0.012439,17.684
property_test,VerihoggFormat,,True,0,16.12 uvm-req,398,30,0.011635,0.0,0.011983,17.836
sequence_stable_test_uvm,VerihoggFormat,,False,1,uvm-assertions uvm,4772,300,1.211365,0.43106,12.161649,1011.773
property_test_uvm,VerihoggFormat,,False,1,uvm-assertions uvm,5319,300,1.170599,0.468219,12.256164,1012.77
property_prec_test,VerihoggFormat,,True,0,16.12 uvm-req,429,30,0.006916,0.00535,0.012604,17.773
sequence_or_op_test_uvm,VerihoggFormat,,False,1,uvm-assertions uvm,5484,300,1.164781,0.463951,12.247827,1011.789
property_local_var_test_uvm,VerihoggFormat,,False,1,uvm-assertions uvm,5487,300,1.1593,0.472046,12.272114,1012.742
assume_test_uvm,VerihoggFormat,,False,1,uvm-assertions uvm,4850,300,1.190462,0.44036,12.173409,1012.648
assert0_test_uvm,VerihoggFormat,,False,1,uvm-assertions uvm,4485,300,1.193843,0.441898,12.208615,1012.789
property_disj_test,VerihoggFormat,,True,0,16.12 uvm-req,414,30,0.007819,0.003384,0.012168,17.941
cover_test,VerihoggFormat,,True,0,16.2 uvm-req,364,30,0.001318,0.009693,0.011439,17.68
default_clocking_block,VerihoggFormat,,True,0,14.3,463,30,0.004349,0.006626,0.011349,17.664
clocking_block_signals,VerihoggFormat,,False,1,14.3,596,30,0.001403,0.009913,0.011795,19.789
clocking_block,VerihoggFormat,,True,0,14.3,443,30,0.001424,0.009562,0.011397,17.684
global_clocking_block,VerihoggFormat,,True,0,14.3,430,30,0.003128,0.008142,0.011508,17.469
module_definition,VerihoggFormat,,True,0,23.2 uvm-req,390,30,0.0,0.010893,0.01095,17.398
macromodule_definition,VerihoggFormat,,True,0,23.2 uvm-req,359,30,0.004442,0.006225,0.010563,17.512
package_ref,VerihoggFormat,,True,0,26.3 uvm-req,528,30,0.00615,0.004299,0.011082,19.848
package_decl,VerihoggFormat,,True,0,26.2 uvm-req,433,30,0.011031,0.0,0.011434,17.809
program_construct,VerihoggFormat,,True,0,24.3 uvm-req,553,30,0.003162,0.00774,0.011594,19.801
associative-arrays-integral,VerihoggFormat,,True,0,7.8 7.8.4,391,30,0.008852,0.001431,0.010424,17.652
associative-arrays-literals,VerihoggFormat,,True,0,7.8 7.9.11,638,30,0.005137,0.005696,0.011645,20.109
associative-arrays-access-nonexistent,VerihoggFormat,,True,0,7.8.6 7.9.1,653,30,0.004541,0.006253,0.011793,20.0
associative-arrays-wildcard,VerihoggFormat,,True,0,7.8.1,399,30,0.001201,0.009646,0.011095,17.645
associative-arrays-other-types,VerihoggFormat,,True,0,7.8.1,461,30,0.004553,0.00567,0.010634,17.602
associative-arrays-class,VerihoggFormat,,True,0,7.8 7.8.3,412,30,0.009569,0.001228,0.011323,17.777
associative-arrays-as-arguments,VerihoggFormat,,True,0,7.8 7.9.10,959,30,0.004469,0.006619,0.013246,19.902
associative-arrays-allocating-elements,VerihoggFormat,,True,0,7.8 7.8.7 7.9.1,574,30,0.00802,0.003565,0.012136,20.07
associative-arrays-string,VerihoggFormat,,True,0,7.8 7.8.2,388,30,0.005544,0.004752,0.010405,17.613
associative-arrays-assignment,VerihoggFormat,,True,0,7.8 7.9.9,915,30,0.007778,0.003288,0.013357,20.051
array-locator-methods-find-last-index,VerihoggFormat,,True,0,7.12 7.10 7.12.1,670,30,0.00796,0.002821,0.011866,19.891
array-locator-methods-find-first,VerihoggFormat,,True,0,7.12 7.10 7.12.1,671,30,0.004699,0.006125,0.011874,19.996
array-locator-methods-unique,VerihoggFormat,,True,0,7.12 7.10 7.12.2 7.12.1,678,30,0.006544,0.004773,0.012598,19.898
array-locator-methods-find-last,VerihoggFormat,,True,0,7.12 7.10 7.12.1,669,30,0.007912,0.003771,0.012847,20.121
array-locator-methods-find-index,VerihoggFormat,,True,0,7.12 7.10 7.12.1,651,30,0.001483,0.010478,0.01308,20.066
array-locator-methods-max,VerihoggFormat,,True,0,7.12 7.10 7.12.1,603,30,0.005847,0.005069,0.011842,20.023
array-locator-methods-min,VerihoggFormat,,True,0,7.12 7.10 7.12.1,602,30,0.007753,0.003443,0.012167,19.883
array-locator-methods-find,VerihoggFormat,,True,0,7.12 7.10 7.12.1,646,30,0.006294,0.004987,0.012231,20.117
array-locator-methods-find-first-index,VerihoggFormat,,True,0,7.12 7.10 7.12.1,672,30,0.004833,0.006031,0.011761,20.059
array-locator-methods-unique-index,VerihoggFormat,,True,0,7.12 7.10 7.12.2 7.12.1,688,30,0.00145,0.009917,0.012564,19.965
associative-arrays-delete,VerihoggFormat,,True,0,7.9.2 7.9,714,30,0.011631,0.0,0.012998,20.02
associative-arrays-last,VerihoggFormat,,True,0,7.9.5 7.9,738,30,0.005084,0.006546,0.013013,19.875
associative-arrays-arg-traversal,VerihoggFormat,,True,0,7.9.8 7.9,607,30,0.007875,0.003658,0.012569,19.934
associative-arrays-num,VerihoggFormat,,True,0,7.9.1 7.9,703,30,0.004726,0.006293,0.012391,19.984
associative-arrays-first,VerihoggFormat,,True,0,7.9.4 7.9,742,30,0.006056,0.004736,0.012478,20.008
associative-arrays-next,VerihoggFormat,,True,0,7.9.6 7.9,731,30,0.008083,0.003761,0.013036,20.141
associative-arrays-size,VerihoggFormat,,True,0,7.9.1 7.9,709,30,0.003995,0.007529,0.012815,20.117
associative-arrays-exists,VerihoggFormat,,True,0,7.9.3 7.9,651,30,0.009446,0.001434,0.011957,19.969
associative-arrays-prev,VerihoggFormat,,True,0,7.9.7 7.9,730,30,0.0076,0.003441,0.012632,19.969
subarrays,VerihoggFormat,,True,0,7.4.5,662,30,0.007625,0.003402,0.013026,20.082
copy,VerihoggFormat,,True,0,7.4.5,618,30,0.008832,0.002815,0.013303,19.965
multi-declaration,VerihoggFormat,,True,0,7.4.5,432,30,0.008012,0.002889,0.011323,17.852
multi-dim-basic,VerihoggFormat,,True,0,7.4.5,636,30,0.00145,0.009135,0.011509,19.801
operations-on-packed-arrays-variable-slice-rw,VerihoggFormat,,True,0,7.4.3 7.4.6,715,30,0.003548,0.007442,0.012303,19.996
operations-on-packed-arrays-rw,VerihoggFormat,,True,0,7.4.3,628,30,0.0,0.010775,0.011718,20.16
operations-on-packed-arrays-equality,VerihoggFormat,,True,0,7.4.3,691,30,0.004133,0.006972,0.012386,19.98
operations-on-packed-arrays-slice-rw,VerihoggFormat,,True,0,7.4.3,667,30,0.006528,0.004139,0.011667,20.246
operations-on-packed-arrays-slice-equality,VerihoggFormat,,True,0,7.4.3,723,30,0.001199,0.009978,0.012702,20.305
basic-packed,VerihoggFormat,,True,0,7.4 7.4.1,402,30,0.001276,0.009754,0.011401,17.777
operations-on-arrays-treat-as-integer,VerihoggFormat,,True,0,7.4.3,578,30,0.006793,0.003571,0.01127,20.195
operations-on-packed-arrays-one-bit,VerihoggFormat,,True,0,7.4.3,660,30,0.004179,0.006646,0.012007,20.098
arrays-packed-quering-functions-unpacked-dimensions,VerihoggFormat,,True,0,7.11 7.4.1 uvm-req,543,30,0.004384,0.005848,0.010565,17.496
arrays-packed-quering-functions-low,VerihoggFormat,,True,0,7.11 7.4.1 uvm-req,511,30,0.001442,0.008707,0.010502,17.605
arrays-packed-quering-functions-dimensions,VerihoggFormat,,True,0,7.11 7.4.1 uvm-req,525,30,0.00145,0.00875,0.010617,17.75
arrays-packed-quering-functions-left,VerihoggFormat,,True,0,7.11 7.4.1 uvm-req,513,30,0.004812,0.005466,0.01068,17.551
arrays-packed-quering-functions-high,VerihoggFormat,,True,0,7.11 7.4.1 uvm-req,513,30,0.001426,0.009022,0.010728,17.473
arrays-packed-quering-functions-increment,VerihoggFormat,,True,0,7.11 7.4.1 uvm-req,523,30,0.009578,0.001335,0.011375,17.707
arrays-packed-quering-functions-size,VerihoggFormat,,True,0,7.11 7.4.1 uvm-req,513,30,0.008449,0.003529,0.012123,17.762
arrays-packed-quering-functions-right,VerihoggFormat,,True,0,7.11 7.4.1 uvm-req,515,30,0.0,0.010458,0.010905,17.672
dynamic-arrays-op-delete,VerihoggFormat,,True,0,7.5.3,580,30,0.00291,0.008461,0.012172,20.098
dynamic-arrays-op-size,VerihoggFormat,,True,0,7.5.2,581,30,0.004697,0.005978,0.011555,19.938
dynamic-arrays-op-new,VerihoggFormat,,True,0,7.5.1,664,30,0.003638,0.006233,0.011552,19.984
dyn-arr-basic,VerihoggFormat,,True,0,7.5 uvm-req,363,30,0.00766,0.002407,0.010154,17.707
operations-on-unpacked-arrays-variable-slice-rw,VerihoggFormat,,True,0,7.4.3 7.4.6,1059,30,0.004106,0.008189,0.015983,22.133
unpacked-array-iterator-index-querying,VerihoggFormat,,True,0,7.12.4 7.4.2 7.10 7.12.1,681,30,0.008021,0.003427,0.012577,19.969
operations-on-unpacked-arrays-rw,VerihoggFormat,,True,0,7.4.3,943,30,0.005627,0.006865,0.016132,21.98
unpacked-arrays-as-arguments-to-subroutines,VerihoggFormat,,True,0,7.4.2 7.7,736,30,0.0,0.011951,0.013883,20.012
operations-on-unpacked-arrays-equality,VerihoggFormat,,True,0,7.4.3,946,30,0.003288,0.009265,0.015504,20.023
operations-on-unpacked-arrays-slice-rw,VerihoggFormat,,True,0,7.4.3,1013,30,0.001449,0.011283,0.016609,21.84
operations-on-unpacked-arrays-slice-equality,VerihoggFormat,,True,0,7.4.3,978,30,0.0,0.012119,0.015173,22.027
array-unpacked-assignments,VerihoggFormat,,True,0,7.4.2 7.6,610,30,0.008119,0.003504,0.012988,20.102
basic-unpacked,VerihoggFormat,,True,0,7.4.2 7.4,406,30,0.005564,0.004891,0.010695,17.492
operations-on-unpacked-arrays-one-bit,VerihoggFormat,,True,0,7.4.3,1006,30,0.006425,0.005432,0.015364,22.027
ordering-methods-sort,VerihoggFormat,,True,0,7.4.2 7.12.2,690,30,0.005101,0.007044,0.013793,19.934
ordering-methods-rsort,VerihoggFormat,,True,0,7.4.2 7.12.2,693,30,0.004619,0.005988,0.01207,20.031
ordering-methods-shuffle,VerihoggFormat,,True,0,7.4.2 7.12.2,650,30,0.007561,0.003151,0.01227,19.992
ordering-methods-reverse,VerihoggFormat,,True,0,7.4.2 7.12.2,709,30,0.004868,0.006311,0.012407,20.199
unpacked-array-reduction-method-or,VerihoggFormat,,True,0,7.12.3 7.4.2,641,30,0.001468,0.009148,0.011543,20.004
unpacked-array-reduction-method-sum,VerihoggFormat,,True,0,7.12.3 7.4.2,645,30,0.001438,0.00932,0.011859,20.16
unpacked-array-reduction-method-product,VerihoggFormat,,True,0,7.12.3 7.4.2,657,30,0.008087,0.00348,0.012787,19.742
unpacked-array-reduction-method-and,VerihoggFormat,,True,0,7.12.3 7.4.2,644,30,0.00295,0.007976,0.011869,20.035
unpacked-array-reduction-method-xor,VerihoggFormat,,True,0,7.12.3 7.4.2,644,30,0.004838,0.006828,0.012482,20.117
memories-basic,VerihoggFormat,,True,0,7.4.4,434,30,0.001443,0.009031,0.010675,17.68
memories-read-write,VerihoggFormat,,True,0,7.4.4,616,30,0.007813,0.003413,0.012218,19.883
packed-and-unsigned-structures,VerihoggFormat,,True,0,7.2 7.2.1 uvm-req,598,30,0.004292,0.00658,0.011753,19.762
packed-and-signed-structures,VerihoggFormat,,True,0,7.2 7.2.1 uvm-req,592,30,0.006329,0.00455,0.011827,19.855
basic-packed-structures,VerihoggFormat,,True,0,7.1 7.2 7.2.1 uvm-req,604,30,0.004473,0.007238,0.012625,20.016
unpacked-structures-members-default-value,VerihoggFormat,,True,0,7.2.2,616,30,0.0,0.011582,0.012763,20.059
basic-unpacked-structures,VerihoggFormat,,True,0,7.1 7.2 uvm-req,570,30,0.003143,0.009358,0.013419,20.176
basic-packed-unions,VerihoggFormat,,True,0,7.3.1,560,30,0.00748,0.003802,0.012279,19.926
basic-tagged-packed-union,VerihoggFormat,,True,0,7.3.2,587,30,0.003512,0.008153,0.012786,19.922
basic-tagged-union,VerihoggFormat,,True,0,7.3.2,544,30,0.007898,0.003411,0.012129,19.934
basic-union,VerihoggFormat,,True,0,7.3,542,30,0.005351,0.006156,0.012652,19.738
delete,VerihoggFormat,,True,0,7.10.2 7.10.2.3,652,30,0.007411,0.00357,0.012458,19.758
delete-assign,VerihoggFormat,,True,0,7.10.4,674,30,0.007378,0.003921,0.012674,20.012
pop_front,VerihoggFormat,,True,0,7.10.2 7.10.2.4,605,30,0.001191,0.010143,0.012504,19.984
queues-elements-persistence,VerihoggFormat,,True,0,7.10.3,882,30,0.008123,0.003755,0.014467,19.977
max-size,VerihoggFormat,,True,0,7.10.2 7.10.1,644,30,0.00771,0.003197,0.012309,19.965
pop_back,VerihoggFormat,,True,0,7.10.2.5 7.10.2,602,30,0.008586,0.00323,0.012765,20.145
insert-assign,VerihoggFormat,,True,0,7.10.4,594,30,0.002875,0.007887,0.011671,20.074
slice,VerihoggFormat,,True,0,7.10.2 7.10.1,1103,30,0.003857,0.007801,0.014436,19.973
bounded-queues,VerihoggFormat,,True,0,7.10.2.7 7.10.5 7.10 7.10.2.1,724,30,0.006524,0.00461,0.012621,19.965
push_front,VerihoggFormat,,True,0,7.10.2 7.10.2.6,588,30,0.009704,0.001273,0.011987,20.0
push_back_assign,VerihoggFormat,,True,0,7.10.4,575,30,0.007249,0.004221,0.01202,20.102
pop_front-assign,VerihoggFormat,,True,0,7.10.4,648,30,0.004695,0.005895,0.012157,19.852
size,VerihoggFormat,,True,0,7.10.2 7.10.2.1,474,30,0.008848,0.001449,0.010738,17.473
pop_back-assign,VerihoggFormat,,True,0,7.10.4,621,30,0.00384,0.006792,0.011916,19.996
push_back,VerihoggFormat,,True,0,7.10.2.7 7.10.2,583,30,0.003367,0.007423,0.011521,19.777
queues-basic,VerihoggFormat,,True,0,7.10,368,30,0.007409,0.003304,0.010658,17.613
insert,VerihoggFormat,,True,0,7.10.2 7.10.2.2,543,30,0.007644,0.002918,0.011311,19.754
push_front_assign,VerihoggFormat,,True,0,7.10.4,577,30,0.003408,0.007933,0.012222,20.301
super-def-new,VerihoggFormat,,True,0,8.15 uvm-req,963,30,0.0,0.01091,0.012417,19.969
type_access_implements,VerihoggFormat,,True,0,8.26.3,765,30,0.003614,0.008218,0.012813,20.004
forward_declaration,VerihoggFormat,,True,0,8.27,438,30,0.003403,0.007781,0.01164,17.723
parameter_type_conflict,VerihoggFormat,,True,0,8.26.6.2,683,30,0.007588,0.003738,0.012536,19.758
constructor_super,VerihoggFormat,,True,0,8.7 8.17 uvm-req,721,30,0.001225,0.010284,0.013194,19.992
parameters,VerihoggFormat,,True,0,8.5 8.25,564,30,0.005751,0.004676,0.01122,17.863
var_protected,VerihoggFormat,,True,0,8.18,404,30,0.001466,0.00998,0.011733,17.691
typed_constructor_param,VerihoggFormat,,True,0,8.8,769,30,0.004477,0.006541,0.013184,20.207
dynamic_method_lookup,VerihoggFormat,,True,0,8.22,994,30,0.006475,0.00493,0.01476,20.035
inheritance,VerihoggFormat,,True,0,8.13 uvm-req,769,30,0.00837,0.002549,0.012813,20.098
static_properties,VerihoggFormat,,True,0,8.9,615,30,0.007323,0.003724,0.012465,20.113
name_conflict_resolved,VerihoggFormat,,True,0,8.26.6.1,776,30,0.001185,0.009991,0.012458,19.836
methods,VerihoggFormat,,True,0,8.6,627,30,0.003638,0.006832,0.011667,19.926
implemented_class_handle,VerihoggFormat,,True,0,8.26.5,711,30,0.004057,0.006737,0.011823,19.855
parametrized_class_extend,VerihoggFormat,,True,0,8.25,589,30,0.007838,0.00307,0.011702,19.719
parametrized_class_scope_resolution,VerihoggFormat,,True,0,8.25.1,552,30,0.004947,0.005863,0.011659,20.117
static_methods,VerihoggFormat,,True,0,8.10,659,30,0.001451,0.009269,0.011969,19.973
cast_between_interface_classes,VerihoggFormat,,True,0,8.26.2,885,30,0.004967,0.006677,0.013417,19.988
override_member,VerihoggFormat,,True,0,8.14,938,30,0.004977,0.006438,0.01401,19.961
super,VerihoggFormat,,True,0,8.15 uvm-req,897,30,0.004894,0.006729,0.013869,19.898
assignment,VerihoggFormat,,True,0,8.12,683,30,0.007124,0.003929,0.012278,19.891
cast_func,VerihoggFormat,,True,0,8.16 uvm-req,509,30,0.008084,0.003865,0.012739,19.992
out_of_block_methods,VerihoggFormat,,True,0,8.24,719,30,0.011589,0.0,0.013314,20.117
implements_extends,VerihoggFormat,,True,0,8.26.2,912,30,0.008899,0.002982,0.014057,19.969
typed_constructor,VerihoggFormat,,True,0,8.8,702,30,0.001185,0.010364,0.013181,19.711
constructor_param,VerihoggFormat,,True,0,8.7 uvm-req,612,30,0.006513,0.004615,0.012057,19.973
type_access_extends,VerihoggFormat,,True,0,8.26.3,592,30,0.004448,0.007478,0.012468,20.008
diamond_relationship,VerihoggFormat,,True,0,8.26.6.3,737,30,0.008132,0.003872,0.012954,19.902
abstract_class,VerihoggFormat,,True,0,8.21 uvm-req,649,30,0.008124,0.003333,0.012373,19.977
constructor_const_arg,VerihoggFormat,,True,0,8.17,727,30,0.010999,0.0,0.012353,19.602
properties,VerihoggFormat,,True,0,8.5,561,30,0.00689,0.003571,0.011171,20.141
partial_implementation,VerihoggFormat,,True,0,8.26.7,877,30,0.011331,0.0,0.013194,19.992
constructor,VerihoggFormat,,True,0,8.7 uvm-req,574,30,0.004857,0.006958,0.012639,20.203
var_local,VerihoggFormat,,True,0,8.18,391,30,0.007189,0.003499,0.010911,17.652
instance_constant,VerihoggFormat,,True,0,8.19,479,30,0.003667,0.007418,0.011489,17.746
implements,VerihoggFormat,,True,0,8.26.2,619,30,0.006487,0.005036,0.012462,20.129
this,VerihoggFormat,,True,0,8.11 uvm-req,468,30,0.008487,0.002853,0.011989,17.945
shallow_copy,VerihoggFormat,,True,0,8.12,692,30,0.001424,0.00946,0.012248,19.875
global_constant,VerihoggFormat,,True,0,8.19,404,30,0.010701,0.0,0.010731,17.781
scope_resolution,VerihoggFormat,,False,1,8.23 uvm-req,606,30,0.007213,0.003594,0.011052,19.852
instantiation,VerihoggFormat,,True,0,8.4,490,30,0.007933,0.002861,0.011294,17.816
implements_multiple,VerihoggFormat,,True,0,8.26.2,803,30,0.001498,0.010182,0.013336,19.953
virtual_method,VerihoggFormat,,True,0,8.20,845,30,0.009585,0.001473,0.012874,19.98
properties_enum,VerihoggFormat,,True,0,8.5,535,30,0.007342,0.003218,0.011332,19.949
disable_other,VerihoggFormat,,True,0,9.6.2,487,30,0.003002,0.00845,0.011829,19.773
final,VerihoggFormat,,True,0,9.2.3,357,30,0.008144,0.002908,0.011379,17.68
process_cls_self,VerihoggFormat,,True,0,9.7 uvm-req,617,30,0.0,0.011305,0.012446,20.086
sequential_block,VerihoggFormat,,True,0,9.3.1,437,30,0.00294,0.007723,0.01118,17.855
block_names_par,VerihoggFormat,,True,0,9.3.4,429,30,0.001451,0.008823,0.010591,17.602
event_nonblocking_assignment_repeat_int,VerihoggFormat,,True,0,9.4.5,508,30,0.0048,0.006433,0.012139,19.68
statement_labels_seq,VerihoggFormat,,True,0,9.3.5,461,30,0.004219,0.006773,0.011538,17.785
disable_fork,VerihoggFormat,,True,0,9.6.3,488,30,0.003943,0.007872,0.012689,19.75
event_sequence,VerihoggFormat,,False,1,9.4.2.4,785,30,0.004498,0.007577,0.013187,19.871
process_cls_kill,VerihoggFormat,,True,0,9.7 uvm-req,760,30,0.004235,0.007208,0.013761,20.059
parallel_block_join,VerihoggFormat,,True,0,9.3.2,462,30,0.004722,0.005919,0.01143,17.578
delay_control,VerihoggFormat,,True,0,9.4.1,455,30,0.00805,0.003478,0.01241,19.82
event_nonblocking_assignment_repeat_int_neg,VerihoggFormat,,True,0,9.4.5,513,30,0.008061,0.003906,0.012672,19.656
process_cls_await,VerihoggFormat,,True,0,9.7 uvm-req,682,30,0.00434,0.007503,0.013584,19.918
wait_fork,VerihoggFormat,,True,0,9.6.1,551,30,0.001188,0.010371,0.012854,19.906
event_conditional,VerihoggFormat,,True,0,9.4.2.3,442,30,0.00782,0.003526,0.011865,17.711
event_order,VerihoggFormat,,True,0,9.3.3,483,30,0.007519,0.003778,0.01219,19.777
disable,VerihoggFormat,,True,0,9.6.2,416,30,0.007948,0.00307,0.01155,17.871
event_sequence_controls,VerihoggFormat,,True,0,9.4.3,497,30,0.006746,0.004811,0.012143,19.578
block_names_seq,VerihoggFormat,,True,0,9.3.4,455,30,0.004742,0.006659,0.01212,17.996
parallel_block_join_any,VerihoggFormat,,True,0,9.3.2,470,30,0.004739,0.006524,0.011686,17.98
always_ff,VerihoggFormat,,True,0,9.2.2.4,410,30,0.001414,0.009602,0.011664,17.801
always_latch_expr,VerihoggFormat,,True,0,9.2.2.3,417,30,0.004494,0.007217,0.01228,17.605
initial,VerihoggFormat,,True,0,9.2.1,363,30,0.00451,0.006855,0.011502,17.75
event_or_op,VerihoggFormat,,True,0,9.4.2.1,458,30,0.0,0.011347,0.012481,19.754
always,VerihoggFormat,,True,0,9.2.2.1 9.4.1,371,30,0.010727,0.0,0.011135,17.605
event_comma_op,VerihoggFormat,,True,0,9.4.2.1,458,30,0.00841,0.002972,0.012229,19.523
event_control_posedge,VerihoggFormat,,True,0,9.4.2,409,30,0.001413,0.009699,0.011714,17.715
event_nonblocking_assignment_event,VerihoggFormat,,True,0,9.4.5,479,30,0.004052,0.006605,0.011021,17.598
process_control,VerihoggFormat,,True,0,9.7 uvm-req,811,30,0.0,0.012001,0.014527,20.129
event_control_edge,VerihoggFormat,,True,0,9.4.2,403,30,0.0,0.011201,0.011801,17.484
event_control_negedge,VerihoggFormat,,True,0,9.4.2,409,30,0.007314,0.003183,0.011008,17.668
block_start_finish,VerihoggFormat,,True,0,9.3.3,576,30,0.005106,0.005793,0.012056,19.879
event_nonblocking_assignment_delay,VerihoggFormat,,True,0,9.4.5,434,30,0.004553,0.006043,0.011062,17.66
event_blocking_assignment_delay,VerihoggFormat,,True,0,9.4.5,426,30,0.004569,0.006417,0.011386,17.418
event_nonblocking_assignment_repeat,VerihoggFormat,,True,0,9.4.5,491,30,0.008213,0.002896,0.011523,17.656
parallel_block_join_none,VerihoggFormat,,True,0,9.3.2,472,30,0.002814,0.007931,0.011636,18.137
event_implicit,VerihoggFormat,,True,0,9.4.2.2,448,30,0.00773,0.003182,0.011513,19.578
always_comb,VerihoggFormat,,True,0,9.2.2.2,390,30,0.007728,0.003367,0.011502,17.832
event_nonblocking_assignment_repeat_neg,VerihoggFormat,,True,0,9.4.5,496,30,0.004254,0.006526,0.011309,17.773
statement_labels_par,VerihoggFormat,,False,1,9.3.5,435,30,0.0,0.010603,0.010663,17.652
mailbox_blocking,VerihoggFormat,,True,0,15.4 uvm-req,613,30,0.002862,0.008927,0.013217,19.898
named_event_trigger_blocking,VerihoggFormat,,True,0,15.5 uvm-req,607,30,0.00654,0.004602,0.011907,19.707
mailbox_non_blocking,VerihoggFormat,,True,0,15.4 uvm-req,645,30,0.007849,0.003392,0.01247,19.992
named_event_trigger_non_blocking,VerihoggFormat,,True,0,15.5 uvm-req,592,30,0.004718,0.006553,0.012075,19.516
named_event_wait,VerihoggFormat,,True,0,15.5 uvm-req,534,30,0.009276,0.001426,0.011508,19.574
union_test_0,VerihoggFormat,,True,0,7.3,396,30,0.004609,0.00729,0.012462,17.664
struct_test_0,VerihoggFormat,,True,0,7.2 uvm-req,401,30,0.004359,0.007223,0.011797,17.809
class_member_test_2,VerihoggFormat,,True,0,8.3 uvm-req,421,30,0.001254,0.009641,0.011441,17.844
class_member_test_26,VerihoggFormat,,True,0,8.3 uvm-req,454,30,0.008613,0.002883,0.011664,17.578
class_member_test_18,VerihoggFormat,,True,0,8.3 uvm-req,480,30,0.007375,0.003405,0.011383,17.953
class_member_test_7,VerihoggFormat,,True,0,8.3 uvm-req,459,30,0.00404,0.006368,0.011174,17.578
class_member_test_6,VerihoggFormat,,True,0,8.3 uvm-req,451,30,0.004897,0.006412,0.011586,17.84
class_member_test_4,VerihoggFormat,,True,0,8.3 uvm-req,449,30,0.009503,0.001429,0.011553,17.891
class_member_test_12,VerihoggFormat,,True,0,8.3 uvm-req,399,30,0.0,0.011283,0.011531,17.477
class_member_test_9,VerihoggFormat,,True,0,8.3 uvm-req,486,30,0.002683,0.007679,0.010803,17.777
class_member_test_10,VerihoggFormat,,True,0,8.3 uvm-req,480,30,0.003848,0.006765,0.01085,17.586
class_member_test_40,VerihoggFormat,,True,0,8.3 uvm-req,406,30,0.006575,0.004084,0.010988,17.754
class_member_test_15,VerihoggFormat,,True,0,8.3 uvm-req,432,30,0.007753,0.003678,0.011749,17.773
class_member_test_32,VerihoggFormat,,True,0,8.3 uvm-req,522,30,0.004735,0.006212,0.011857,19.777
class_member_test_25,VerihoggFormat,,True,0,8.3 uvm-req,446,30,0.005726,0.004812,0.010565,17.859
class_member_test_3,VerihoggFormat,,True,0,8.3 uvm-req,441,30,0.001327,0.009483,0.011156,17.883
class_member_test_19,VerihoggFormat,,True,0,8.3 uvm-req,484,30,0.00668,0.004142,0.011354,17.777
class_member_test_27,VerihoggFormat,,True,0,8.3 uvm-req,529,30,0.003668,0.007647,0.011393,17.867
class_member_test_41,VerihoggFormat,,True,0,8.3 uvm-req,412,30,0.005883,0.004121,0.010193,17.828
class_member_test_11,VerihoggFormat,,True,0,8.3 uvm-req,369,30,0.004353,0.005926,0.010375,17.703
class_member_test_39,VerihoggFormat,,True,0,8.3 uvm-req,403,30,0.0078,0.002801,0.010813,17.949
class_member_test_14,VerihoggFormat,,True,0,8.3 uvm-req,424,30,0.001184,0.00935,0.011,17.73
class_member_test_8,VerihoggFormat,,True,0,8.3 uvm-req,459,30,0.004473,0.005753,0.010572,18.0
class_member_test_0,VerihoggFormat,,True,0,8.3 uvm-req,372,30,0.004379,0.006822,0.011305,17.73
class_member_test_31,VerihoggFormat,,True,0,8.3 uvm-req,518,30,0.003787,0.006335,0.011026,20.078
typedef_test_9,VerihoggFormat,,True,0,6.18 uvm-req,415,30,0.006331,0.003916,0.010553,17.688
typedef_test_21,VerihoggFormat,,True,0,6.18 uvm-req,393,30,0.010244,0.0,0.010638,17.801
typedef_test_5,VerihoggFormat,,True,0,6.18 uvm-req,360,30,0.0,0.010923,0.011303,17.641
typedef_test_19,VerihoggFormat,,True,0,6.18 uvm-req,378,30,0.004341,0.006535,0.011045,17.492
typedef_test_13,VerihoggFormat,,True,0,6.18 uvm-req,451,30,0.004966,0.006234,0.01224,19.879
typedef_test_6,VerihoggFormat,,True,0,6.18 uvm-req,365,30,0.004353,0.006465,0.010993,17.688
typedef_test_10,VerihoggFormat,,True,0,6.18 uvm-req,377,30,0.009262,0.001351,0.010777,17.441
typedef_test_14,VerihoggFormat,,True,0,6.18 uvm-req,424,30,0.004172,0.006083,0.010373,17.613
typedef_test_27,VerihoggFormat,,True,0,6.18 uvm-req,414,30,0.010745,0.0,0.011475,17.609
typedef_test_7,VerihoggFormat,,True,0,6.18 uvm-req,377,30,0.010823,0.0,0.011099,17.758
typedef_test_4,VerihoggFormat,,True,0,6.18 uvm-req,364,30,0.004697,0.006342,0.011058,17.645
typedef_test_0,VerihoggFormat,,True,0,6.18 uvm-req,482,30,0.004095,0.006843,0.011285,17.695
typedef_test_16,VerihoggFormat,,True,0,6.18 uvm-req,388,30,0.00749,0.002896,0.010486,17.793
typedef_test_18,VerihoggFormat,,True,0,6.18 uvm-req,410,30,0.0,0.011036,0.011409,17.59
typedef_test_12,VerihoggFormat,,True,0,6.18 uvm-req,383,30,0.009216,0.001452,0.01092,17.82
typedef_test_22,VerihoggFormat,,True,0,6.18 uvm-req,397,30,0.004399,0.006908,0.011525,17.668
typedef_test_25,VerihoggFormat,,True,0,6.18 uvm-req,566,30,0.0,0.011788,0.013217,19.598
typedef_test_23,VerihoggFormat,,True,0,6.18 uvm-req,414,30,0.00649,0.004507,0.011313,17.773
typedef_test_11,VerihoggFormat,,True,0,6.18 uvm-req,377,30,0.004699,0.006167,0.01117,17.574
typedef_test_26,VerihoggFormat,,True,0,6.18 uvm-req,416,30,0.011313,0.0,0.012016,17.559
typedef_test_2,VerihoggFormat,,True,0,6.18 uvm-req,348,30,0.004788,0.006337,0.011483,17.816
typedef_test_24,VerihoggFormat,,True,0,6.18 uvm-req,377,30,0.00123,0.009536,0.011044,17.551
typedef_test_3,VerihoggFormat,,True,0,6.18 uvm-req,353,30,0.007566,0.003066,0.010833,17.793
typedef_test_1,VerihoggFormat,,True,0,6.18 uvm-req,348,30,0.00822,0.002969,0.011364,17.684
typedef_test_20,VerihoggFormat,,True,0,6.18 uvm-req,395,30,0.004032,0.006652,0.011116,17.762
typedef_test_8,VerihoggFormat,,True,0,6.18 uvm-req,384,30,0.010324,0.0,0.010575,17.738
iface_class_test_9,VerihoggFormat,,True,0,8.26 8.3 uvm-req,461,30,0.001448,0.010315,0.012024,17.832
iface_class_test_0,VerihoggFormat,,True,0,8.26 8.3 uvm-req,364,30,0.011178,0.0,0.011379,17.57
iface_class_test_10,VerihoggFormat,,True,0,8.26 8.3 uvm-req,459,30,0.004349,0.007155,0.011993,17.969
iface_class_test_1,VerihoggFormat,,True,0,8.26 8.3 uvm-req,374,30,0.004449,0.007045,0.011345,17.543
iface_class_test_2,VerihoggFormat,,True,0,8.26 8.3 uvm-req,394,30,0.00609,0.004362,0.010609,17.723
number_test_45,VerihoggFormat,,True,0,5.7.1 5.6.4 5.7.2,366,30,0.007891,0.002851,0.010874,17.723
number_test_36,VerihoggFormat,,False,1,5.7.1 5.6.4 5.7.2,362,30,0.010359,0.0,0.01042,17.625
number_test_8,VerihoggFormat,,True,0,5.7.1 5.6.4 5.7.2,362,30,0.003314,0.007984,0.011057,17.453
number_test_68,VerihoggFormat,,False,1,5.7.1 5.6.4 5.7.2,363,30,0.004978,0.006234,0.01116,17.68
number_test_4,VerihoggFormat,,True,0,5.7.1 5.6.4 5.7.2,359,30,0.00744,0.002894,0.010438,17.805
number_test_9,VerihoggFormat,,True,0,5.7.1 5.6.4 5.7.2,360,30,0.007316,0.002877,0.010288,17.723
number_test_47,VerihoggFormat,,True,0,5.7.1 5.6.4 5.7.2,364,30,0.010693,0.0,0.010936,17.723
number_test_27,VerihoggFormat,,False,1,5.7.1 5.6.4 5.7.2,362,30,0.008064,0.003006,0.011302,17.594
number_test_44,VerihoggFormat,,True,0,5.7.1 5.6.4 5.7.2,362,30,0.007255,0.002884,0.010296,17.77
number_test_66,VerihoggFormat,,True,0,5.7.1 5.6.4 5.7.2,364,30,0.004023,0.006605,0.01068,17.637
number_test_2,VerihoggFormat,,True,0,5.7.1 5.6.4 5.7.2,358,30,0.0,0.011355,0.011365,17.781
number_test_24,VerihoggFormat,,True,0,5.7.1 5.6.4 5.7.2,360,30,0.004245,0.006587,0.010626,17.527
number_test_65,VerihoggFormat,,False,1,5.7.1 5.6.4 5.7.2,369,30,0.005688,0.00375,0.009556,17.66
number_test_48,VerihoggFormat,,True,0,5.7.1 5.6.4 5.7.2,363,30,0.006579,0.005079,0.0111,17.672
number_test_14,VerihoggFormat,,True,0,5.7.1 5.6.4 5.7.2,364,30,0.004699,0.006246,0.010958,17.668
number_test_1,VerihoggFormat,,True,0,5.7.1 5.6.4 5.7.2,357,30,0.005842,0.00433,0.010123,17.594
number_test_72,VerihoggFormat,,False,1,5.7.1 5.6.4 5.7.2,363,30,0.0081,0.002846,0.011143,17.711
number_test_46,VerihoggFormat,,False,1,5.7.1 5.6.4 5.7.2,362,30,0.004524,0.006645,0.011239,17.727
number_test_11,VerihoggFormat,,True,0,5.7.1 5.6.4 5.7.2,363,30,0.007193,0.002885,0.009948,17.684
number_test_29,VerihoggFormat,,True,0,5.7.1 5.6.4 5.7.2,363,30,0.007925,0.004518,0.012392,17.723
number_test_13,VerihoggFormat,,True,0,5.7.1 5.6.4 5.7.2,364,30,0.005838,0.004286,0.010141,17.699
number_test_53,VerihoggFormat,,False,1,5.7.1 5.6.4 5.7.2,363,30,0.004513,0.00615,0.010717,17.68
number_test_3,VerihoggFormat,,True,0,5.7.1 5.6.4 5.7.2,358,30,0.008041,0.003254,0.011192,17.656
number_test_26,VerihoggFormat,,True,0,5.7.1 5.6.4 5.7.2,362,30,0.006066,0.004352,0.010586,17.777
number_test_33,VerihoggFormat,,True,0,5.7.1 5.6.4 5.7.2,364,30,0.009548,0.00151,0.010941,17.656
number_test_51,VerihoggFormat,,False,1,5.7.1 5.6.4 5.7.2,363,30,0.007765,0.003042,0.011089,17.738
number_test_69,VerihoggFormat,,True,0,5.7.1 5.6.4 5.7.2,364,30,0.007649,0.003329,0.011009,17.52
number_test_34,VerihoggFormat,,False,1,5.7.1 5.6.4 5.7.2,362,30,0.007315,0.002817,0.010134,17.598
number_test_59,VerihoggFormat,,True,0,5.7.1 5.6.4 5.7.2,360,30,0.002439,0.007659,0.010102,17.738
number_test_30,VerihoggFormat,,False,1,5.7.1 5.6.4 5.7.2,363,30,0.007691,0.002637,0.010286,17.559
number_test_71,VerihoggFormat,,True,0,5.7.1 5.6.4 5.7.2,363,30,0.005081,0.006232,0.011178,17.836
number_test_28,VerihoggFormat,,True,0,5.7.1 5.6.4 5.7.2,364,30,0.007449,0.003353,0.011022,17.43
number_test_64,VerihoggFormat,,True,0,5.7.1 5.6.4 5.7.2,369,30,0.00662,0.004174,0.011192,17.738
number_test_67,VerihoggFormat,,True,0,5.7.1 5.6.4 5.7.2,363,30,0.006302,0.004001,0.010482,17.664
number_test_60,VerihoggFormat,,True,0,5.7.1 5.6.4 5.7.2,361,30,0.007963,0.0029,0.011015,17.469
number_test_70,VerihoggFormat,,False,1,5.7.1 5.6.4 5.7.2,363,30,0.004083,0.006959,0.011315,17.621
number_test_15,VerihoggFormat,,True,0,5.7.1 5.6.4 5.7.2,365,30,0.004082,0.006902,0.010997,17.797
number_test_61,VerihoggFormat,,True,0,5.7.1 5.6.4 5.7.2,362,30,0.002848,0.007948,0.010777,17.703
number_test_16,VerihoggFormat,,False,1,5.7.1 5.6.4 5.7.2,365,30,0.008047,0.002848,0.011371,17.578
number_test_52,VerihoggFormat,,True,0,5.7.1 5.6.4 5.7.2,363,30,0.007503,0.002897,0.010331,17.742
number_test_35,VerihoggFormat,,True,0,5.7.1 5.6.4 5.7.2,362,30,0.001247,0.010005,0.012029,17.824
number_test_0,VerihoggFormat,,True,0,5.7.1 5.6.4 5.7.2,353,30,0.005977,0.004323,0.010184,17.504
number_test_62,VerihoggFormat,,False,1,5.7.1 5.6.4 5.7.2,365,30,0.002996,0.007697,0.010688,17.723
number_test_5,VerihoggFormat,,True,0,5.7.1 5.6.4 5.7.2,360,30,0.004314,0.006342,0.010471,17.707
number_test_49,VerihoggFormat,,False,1,5.7.1 5.6.4 5.7.2,363,30,0.003899,0.006677,0.010828,17.574
number_test_32,VerihoggFormat,,True,0,5.7.1 5.6.4 5.7.2,363,30,0.006364,0.004017,0.010476,17.594
number_test_6,VerihoggFormat,,True,0,5.7.1 5.6.4 5.7.2,360,30,0.009381,0.001453,0.010918,17.574
number_test_7,VerihoggFormat,,False,1,5.7.1 5.6.4 5.7.2,360,30,0.005909,0.003952,0.010049,17.473
number_test_43,VerihoggFormat,,True,0,5.7.1 5.6.4 5.7.2,361,30,0.004938,0.006428,0.011341,17.832
number_test_31,VerihoggFormat,,True,0,5.7.1 5.6.4 5.7.2,362,30,0.006597,0.004026,0.010229,17.883
number_test_25,VerihoggFormat,,True,0,5.7.1 5.6.4 5.7.2,361,30,0.004368,0.006614,0.010993,17.566
number_test_10,VerihoggFormat,,True,0,5.7.1 5.6.4 5.7.2,361,30,0.008663,0.001529,0.010186,17.535
number_test_50,VerihoggFormat,,True,0,5.7.1 5.6.4 5.7.2,364,30,0.007393,0.003394,0.010925,17.781
number_test_12,VerihoggFormat,,True,0,5.7.1 5.6.4 5.7.2,361,30,0.006537,0.004434,0.01101,17.719
number_test_42,VerihoggFormat,,True,0,5.7.1 5.6.4 5.7.2,360,30,0.007567,0.003387,0.01117,17.645
class_test_48,VerihoggFormat,,True,0,6.15 8.3 uvm-req,377,30,0.001301,0.00969,0.011123,17.68
class_test_4,VerihoggFormat,,True,0,6.15 8.3 uvm-req,352,30,0.004447,0.00662,0.01122,17.547
class_test_29,VerihoggFormat,,True,0,6.15 8.3 uvm-req,493,30,0.006279,0.00478,0.011806,17.742
class_test_55,VerihoggFormat,,True,0,6.15 8.3 uvm-req,471,30,0.009429,0.001237,0.011325,17.695
class_test_59,VerihoggFormat,,True,0,6.15 8.3 uvm-req,373,30,0.007591,0.003053,0.010665,17.867
class_test_18,VerihoggFormat,,True,0,6.15 8.3 uvm-req,383,30,0.003322,0.007135,0.010629,17.594
class_test_8,VerihoggFormat,,True,0,6.15 8.3 uvm-req,441,30,0.0,0.010766,0.011375,19.688
class_test_26,VerihoggFormat,,True,0,6.15 8.3 uvm-req,431,30,0.007208,0.00287,0.010527,17.684
class_test_61,VerihoggFormat,,True,0,6.15 8.3 uvm-req,374,30,0.008307,0.002403,0.010843,17.793
class_test_64,VerihoggFormat,,True,0,6.15 8.3 uvm-req,453,30,0.00461,0.006248,0.011374,17.82
class_test_67,VerihoggFormat,,True,0,6.15 8.3 uvm-req,465,30,0.004309,0.006213,0.010831,17.469
class_test_57,VerihoggFormat,,True,0,6.15 8.3 uvm-req,494,30,0.0,0.011237,0.011651,17.75
class_test_0,VerihoggFormat,,True,0,6.15 8.3 uvm-req,368,30,0.010309,0.0,0.010485,17.621
class_test_63,VerihoggFormat,,True,0,6.15 8.3 uvm-req,433,30,0.007849,0.003305,0.011415,17.414
class_test_68,VerihoggFormat,,True,0,6.15 8.3 uvm-req,478,30,0.001403,0.008719,0.010412,17.57
class_test_19,VerihoggFormat,,True,0,6.15 8.3 uvm-req,479,30,0.001428,0.010566,0.012576,19.863
class_test_13,VerihoggFormat,,True,0,6.15 8.3 uvm-req,467,30,0.004083,0.00703,0.01244,19.68
class_test_69,VerihoggFormat,,True,0,6.15 8.3 uvm-req,472,30,0.0,0.010915,0.011639,17.512
class_test_53,VerihoggFormat,,True,0,6.15 8.3 uvm-req,785,30,0.007506,0.003634,0.012846,19.711
class_test_11,VerihoggFormat,,True,0,6.15 8.3 uvm-req,361,30,0.004363,0.006113,0.010735,17.426
class_test_62,VerihoggFormat,,True,0,6.15 8.3 uvm-req,411,30,0.004582,0.006148,0.01108,17.52
class_test_65,VerihoggFormat,,True,0,6.15 8.3 uvm-req,459,30,0.006458,0.004294,0.011056,17.648
class_test_54,VerihoggFormat,,True,0,6.15 8.3 uvm-req,471,30,0.00443,0.006117,0.011096,17.531
class_test_7,VerihoggFormat,,True,0,6.15 8.3 uvm-req,416,30,0.004333,0.006801,0.01132,17.867
class_test_6,VerihoggFormat,,True,0,6.15 8.3 uvm-req,376,30,0.001253,0.00984,0.011358,17.859
class_test_17,VerihoggFormat,,True,0,6.15 8.3 uvm-req,373,30,0.0,0.010843,0.010822,17.539
class_test_25,VerihoggFormat,,True,0,6.15 8.3 uvm-req,429,30,0.005935,0.004397,0.010442,17.57
class_test_58,VerihoggFormat,,True,0,6.15 8.3 uvm-req,515,30,0.003762,0.006461,0.01078,17.496
class_test_28,VerihoggFormat,,True,0,6.15 8.3 uvm-req,426,30,0.009216,0.001221,0.01073,17.508
class_test_1,VerihoggFormat,,True,0,6.15 8.3 uvm-req,344,30,0.00413,0.006398,0.010511,17.566
class_test_56,VerihoggFormat,,True,0,6.15 8.3 uvm-req,546,30,0.007983,0.002864,0.0115,17.621
class_test_9,VerihoggFormat,,True,0,6.15 8.3 uvm-req,353,30,0.002843,0.00821,0.01116,17.797
class_test_66,VerihoggFormat,,True,0,6.15 8.3 uvm-req,465,30,0.005124,0.00625,0.011745,17.676
class_test_12,VerihoggFormat,,True,0,6.15 8.3 uvm-req,462,30,0.007801,0.003805,0.01264,19.828
class_test_52,VerihoggFormat,,True,0,6.15 8.3 uvm-req,491,30,0.00786,0.002854,0.011374,17.789
class_test_30,VerihoggFormat,,True,0,6.15 8.3 uvm-req,521,30,0.008033,0.003634,0.012506,19.957
class_test_60,VerihoggFormat,,True,0,6.15 8.3 uvm-req,395,30,0.004586,0.006201,0.011177,17.68
class_test_27,VerihoggFormat,,True,0,6.15 8.3 uvm-req,456,30,0.006141,0.004497,0.010842,17.816
class_test_51,VerihoggFormat,,True,0,6.15 8.3 uvm-req,397,30,0.007816,0.002947,0.010852,17.766
class_test_21,VerihoggFormat,,True,0,6.15 8.3 uvm-req,479,30,0.007425,0.003651,0.012188,19.652
class_test_49,VerihoggFormat,,True,0,6.15 8.3 uvm-req,552,30,0.002879,0.008774,0.012951,19.777
regress-synth_blocksynth1_iv,VerihoggFormat,imported,False,1,ivtest,1310,30,0.003179,0.010467,0.015743,21.75
regress-sv_sv_string8_iv,VerihoggFormat,imported,False,1,ivtest,759,30,0.001496,0.013273,0.017817,23.949
regress-sv_sv_class16_iv,VerihoggFormat,imported,True,0,ivtest,1060,30,0.005305,0.007214,0.014961,19.758
regress-vlg_cond_wide2_iv,VerihoggFormat,imported,True,0,ivtest,1439,30,0.005232,0.006758,0.01481,19.68
regress-vlg_always315D_iv,VerihoggFormat,imported,True,0,ivtest,1377,30,0.0,0.011744,0.01324,20.152
regress-sv_sv_class_compat2_iv,VerihoggFormat,imported,True,0,ivtest,480,30,0.008056,0.003426,0.013209,20.121
regress-vlg_unary_minus_iv,VerihoggFormat,imported,True,0,ivtest,1270,30,0.007353,0.003355,0.012492,20.195
regress-vlg_undef_lval_select3c_iv,VerihoggFormat,imported,False,0,ivtest,150,30,0.003445,0.0077,0.011652,17.805
regress-vlg_br_gh1173_iv,VerihoggFormat,imported,False,0,ivtest,133,30,0.004611,0.006143,0.011378,17.777
regress-vlg_pr1971662a_iv,VerihoggFormat,imported,False,0,ivtest,171,30,0.004118,0.006862,0.011554,18.047
regress-vlg_modulus_iv,VerihoggFormat,imported,True,0,ivtest,2141,30,0.008487,0.004006,0.017915,21.496
regress-vlg_pr2974051_iv,VerihoggFormat,imported,True,0,ivtest,903,30,0.009678,0.003699,0.018954,22.188
regress-vlg_pr1868991a_iv,VerihoggFormat,imported,False,1,ivtest,552,30,0.00425,0.008687,0.014232,19.645
regress-sv_test_inc_dec_iv,VerihoggFormat,imported,True,0,ivtest,8073,30,0.015975,0.003834,0.048386,30.008
regress-vlg_pv_wr_vec4a_iv,VerihoggFormat,imported,False,1,ivtest,1816,30,0.013124,0.004121,0.025076,29.41
regress-vlg_sdw_instmod2_iv,VerihoggFormat,imported,True,0,ivtest,2771,30,0.004345,0.009008,0.019397,23.914
regress-vlg_stask_parm2_iv,VerihoggFormat,imported,True,0,ivtest,1200,30,0.007658,0.003486,0.012608,19.848
regress-sv_issue576_iv,VerihoggFormat,imported,True,0,ivtest,333,30,0.002896,0.006959,0.01066,17.25
regress-vlg_br_gh316b_iv,VerihoggFormat,imported,True,0,ivtest,939,30,0.0,0.013453,0.019973,23.992
regress-vlg_signed4_iv,VerihoggFormat,imported,True,0,ivtest,1168,30,0.003644,0.007767,0.012811,19.902
regress-vlg_pr1758122_iv,VerihoggFormat,imported,True,0,ivtest,760,30,0.00432,0.008078,0.017587,21.559
regress-fsv_casesynth7_iv,VerihoggFormat,imported,False,1,ivtest,605,30,0.003952,0.007644,0.012658,19.609
regress-vlg_br_ml20190814_iv,VerihoggFormat,imported,True,0,ivtest,437,30,0.008662,0.003059,0.014187,19.281
regress-vlg_pr1033_iv,VerihoggFormat,imported,True,0,ivtest,2729,30,0.003294,0.009205,0.015957,19.762
regress-vlg_event315_iv,VerihoggFormat,imported,False,1,ivtest,1830,30,0.005245,0.007046,0.014206,19.625
regress-vlg_module_output_port_list_def_iv,VerihoggFormat,imported,False,1,ivtest,525,30,0.010482,0.00364,0.015727,19.848
regress-sv_parameter_type2_iv,VerihoggFormat,imported,True,0,ivtest,6366,30,0.008405,0.010456,0.048059,30.027
regress-vlg_pr1913918c_iv,VerihoggFormat,imported,True,0,ivtest,260,30,0.0,0.011473,0.012501,20.199
regress-vlg_pr594_iv,VerihoggFormat,imported,False,1,ivtest,311,30,0.007634,0.003602,0.012805,19.539
regress-sv_br_gh224_iv,VerihoggFormat,imported,True,0,ivtest,352,30,0.005155,0.006987,0.014088,19.711
regress-vlg_pr2248925_iv,VerihoggFormat,imported,True,0,ivtest,103,30,0.001451,0.010225,0.01188,17.746
regress-sv_parameter_in_generate2_iv,VerihoggFormat,imported,False,0,ivtest,298,30,0.010826,0.0,0.012076,19.242
regress-vlg_pr2929913_iv,VerihoggFormat,imported,True,0,ivtest,280,30,0.011469,0.0,0.012645,19.625
regress-sv_sv_cast_integer_iv,VerihoggFormat,imported,True,0,ivtest,2138,30,0.008429,0.004935,0.02083,23.641
regress-sv_sv_typedef_fwd_union_fail_iv,VerihoggFormat,imported,False,0,ivtest,247,30,0.00791,0.002916,0.011649,17.293
regress-vlg_pr2281479_iv,VerihoggFormat,imported,False,1,ivtest,852,30,0.004926,0.006514,0.013041,20.094
regress-vlg_pr2202846b_iv,VerihoggFormat,imported,False,1,ivtest,1487,30,0.008763,0.004352,0.015946,23.578
regress-vlg_param_tern2_iv,VerihoggFormat,imported,False,1,ivtest,586,30,0.001619,0.010175,0.012534,19.879
regress-vlg_function2_iv,VerihoggFormat,imported,True,0,ivtest,459,30,0.008142,0.003234,0.012548,19.938
regress-sv_genvar_inc_dec_iv,VerihoggFormat,imported,True,0,ivtest,914,30,0.0,0.012473,0.018052,21.84
regress-vlg_stask_parm1_iv,VerihoggFormat,imported,True,0,ivtest,1062,30,0.0,0.01163,0.012119,17.945
regress-fsv_br_gh567_iv,VerihoggFormat,imported,True,0,ivtest,337,30,0.004709,0.007509,0.014222,19.773
regress-sv_sv_array_cassign_fail4_iv,VerihoggFormat,imported,False,0,ivtest,288,30,0.006275,0.005176,0.012228,19.637
regress-vlg_always313F2_iv,VerihoggFormat,imported,True,0,ivtest,1359,30,0.011031,0.0,0.012301,20.145
regress-vlg_zero_repl_fail_iv,VerihoggFormat,imported,False,0,ivtest,233,30,0.006433,0.004435,0.01166,17.766
regress-vlg_fork319A_iv,VerihoggFormat,imported,True,0,ivtest,1842,30,0.004003,0.008575,0.015685,19.883
regress-vlg_timeform1_iv,VerihoggFormat,imported,True,0,ivtest,1146,30,0.006078,0.004888,0.012101,19.879
regress-vlg_function311B_iv,VerihoggFormat,imported,True,0,ivtest,1618,30,0.004279,0.007384,0.014199,20.086
regress-vlg_pr587_iv,VerihoggFormat,imported,True,0,ivtest,936,30,0.00402,0.007987,0.016244,21.383
regress-vlg_select4_iv,VerihoggFormat,imported,False,1,ivtest,426,30,0.004086,0.007456,0.012669,19.34
regress-vlg_scope5_iv,VerihoggFormat,imported,True,0,ivtest,474,30,0.003601,0.008092,0.013616,20.086
regress-vlg_automatic_events_iv,VerihoggFormat,imported,True,0,ivtest,998,30,0.003462,0.010514,0.020185,24.133
regress-vlg_check_constant_14_iv,VerihoggFormat,imported,False,0,ivtest,264,30,0.004661,0.006504,0.01323,19.672
regress-sv_sv_var_for_iv,VerihoggFormat,imported,True,0,ivtest,297,30,0.0035,0.00835,0.012779,19.906
regress-vlg_assign32B_iv,VerihoggFormat,imported,True,0,ivtest,1969,30,0.006796,0.005798,0.015811,21.902
regress-vlg_br946_iv,VerihoggFormat,imported,True,0,ivtest,195,30,0.001214,0.010042,0.011995,19.824
regress-vlg_pr1380261_iv,VerihoggFormat,imported,True,0,ivtest,784,30,0.00147,0.010743,0.015804,20.188
regress-sv_sv_class_localparam_iv,VerihoggFormat,imported,True,0,ivtest,515,30,0.007606,0.004899,0.013961,19.445
regress-vlg_pr1742910_iv,VerihoggFormat,imported,True,0,ivtest,297,30,0.0,0.011539,0.012654,19.754
regress-sv_iint_test_iv,VerihoggFormat,imported,True,0,ivtest,2667,30,0.004468,0.008089,0.018701,23.969
regress-vlg_integer3gt_iv,VerihoggFormat,imported,True,0,ivtest,1590,30,0.006954,0.005318,0.015419,20.105
regress-sv_sv_ps_hier_fail1_iv,VerihoggFormat,imported,False,0,ivtest,349,30,0.008278,0.002809,0.011521,17.746
regress-vlg_signed_part_iv,VerihoggFormat,imported,True,0,ivtest,486,30,0.00745,0.003516,0.01322,19.535
regress-sv_enum_base_scalar_iv,VerihoggFormat,imported,True,0,ivtest,379,30,0.004464,0.006735,0.012259,19.723
regress-sv_sv_union1b_iv,VerihoggFormat,imported,True,0,ivtest,762,30,0.001467,0.011986,0.016671,19.938
regress-vlg_br961_iv,VerihoggFormat,imported,True,0,ivtest,280,30,0.004588,0.007513,0.013542,20.078
regress-vlg_always316B_iv,VerihoggFormat,imported,True,0,ivtest,2609,30,0.004047,0.00826,0.016428,22.062
regress-vlg_pr2434688b_iv,VerihoggFormat,imported,True,0,ivtest,1675,30,0.010671,0.002956,0.0194,23.969
regress-sv_automatic_error18_iv,VerihoggFormat,imported,False,0,ivtest,346,30,0.004509,0.007681,0.01262,18.059
regress-sv_br_gh568_iv,VerihoggFormat,imported,True,0,ivtest,331,30,0.001192,0.010176,0.013485,19.68
regress-sv_sv_end_labels_bad_iv,VerihoggFormat,imported,True,1,ivtest,332,30,0.003789,0.004063,0.007365,17.105
regress-vlg_mixed_type_div_mod_iv,VerihoggFormat,imported,True,0,ivtest,1013,30,0.005064,0.006614,0.014369,19.859
regress-vlg_assign_mem1_iv,VerihoggFormat,imported,True,0,ivtest,1196,30,0.005007,0.006404,0.012937,19.984
regress-vlg_pr1875866_iv,VerihoggFormat,imported,True,0,ivtest,358,30,0.004595,0.007174,0.013229,19.996
regress-vlg_pr602_iv,VerihoggFormat,imported,False,1,ivtest,1740,30,0.008868,0.002966,0.014958,21.707
regress-vlg_pr1698658_iv,VerihoggFormat,imported,True,0,ivtest,187,30,0.003808,0.007592,0.012329,20.023
regress-vlg_mangle_1_iv,VerihoggFormat,imported,False,1,ivtest,1333,30,0.004356,0.007126,0.011886,20.0
regress-sv_sv_queue_function1_iv,VerihoggFormat,imported,True,0,ivtest,976,30,0.007732,0.005624,0.017726,21.434
regress-sv_sv_class6_iv,VerihoggFormat,imported,True,0,ivtest,818,30,0.005081,0.006965,0.014399,19.887
regress-vlg_wireeq_iv,VerihoggFormat,imported,True,0,ivtest,1533,30,0.006782,0.004283,0.013614,19.965
regress-vlg_sdw_int_iv,VerihoggFormat,imported,True,0,ivtest,2253,30,0.00831,0.003647,0.015836,21.434
regress-sv_svconstants_iv,VerihoggFormat,imported,True,0,ivtest,1594,30,0.010651,0.002692,0.021651,23.539
regress-vlg_br_gh9_iv,VerihoggFormat,imported,True,0,ivtest,593,30,0.008928,0.00298,0.014904,20.109
regress-vlg_test_mos_strength_reduction_iv,VerihoggFormat,imported,True,0,ivtest,3872,30,0.006665,0.008824,0.029056,25.645
regress-vlg_pr1883052b_iv,VerihoggFormat,imported,True,0,ivtest,1934,30,0.008493,0.004778,0.019546,23.98
regress-vlg_br_gh1225a_iv,VerihoggFormat,imported,True,1,ivtest,132,30,0.004401,0.003344,0.007257,17.215
regress-vlg_ga_and_iv,VerihoggFormat,imported,True,0,ivtest,1585,30,0.003907,0.008621,0.015543,19.836
regress-sv_br_gh112d_iv,VerihoggFormat,imported,True,0,ivtest,1207,30,0.006161,0.007363,0.020341,24.262
regress-vlg_br937_iv,VerihoggFormat,imported,True,0,ivtest,314,30,0.005517,0.00657,0.013714,19.641
regress-vlg_pr2930506_iv,VerihoggFormat,imported,True,0,ivtest,298,30,0.004877,0.007097,0.013053,20.012
regress-synth_case5_iv,VerihoggFormat,imported,False,1,ivtest,1239,30,0.006049,0.005643,0.013561,22.129
regress-vlg_pr2013758_iv,VerihoggFormat,imported,False,1,ivtest,569,30,0.007975,0.003907,0.013262,19.617
regress-sv_sv_typedef_queue_base3_iv,VerihoggFormat,imported,True,0,ivtest,435,30,0.0,0.011309,0.012838,19.84
regress-sv_implicit_cast7_iv,VerihoggFormat,imported,True,0,ivtest,8315,30,0.01173,0.009217,0.054113,29.742
regress-vlg_signed9_iv,VerihoggFormat,imported,True,0,ivtest,1235,30,0.006797,0.004709,0.01271,19.727
regress-sv_br_gh175_iv,VerihoggFormat,imported,True,0,ivtest,2390,30,0.005697,0.007938,0.022079,23.945
regress-vlg_sdf2_iv,VerihoggFormat,imported,True,0,ivtest,619,30,0.008424,0.004035,0.015193,20.16
regress-sv_enum_compatibility_fail3_iv,VerihoggFormat,imported,False,0,ivtest,329,30,0.006293,0.004919,0.012363,19.426
regress-vlg_br965_iv,VerihoggFormat,imported,True,0,ivtest,356,30,0.001291,0.009918,0.013291,19.789
regress-vlg_parameter_override_invalid5_iv,VerihoggFormat,imported,False,0,ivtest,340,30,0.007974,0.003529,0.012324,17.59
regress-vlg_br918d_iv,VerihoggFormat,imported,True,0,ivtest,1669,30,0.007755,0.005658,0.019317,22.098
regress-sv_sv_ap_parray2_iv,VerihoggFormat,imported,True,0,ivtest,294,30,0.007463,0.00446,0.012886,19.785
regress-sv_sv_typedef_fwd_struct_iv,VerihoggFormat,imported,False,1,ivtest,586,30,0.013203,0.001493,0.016885,22.117
regress-vlg_pr2117473_iv,VerihoggFormat,imported,True,0,ivtest,379,30,0.003619,0.008514,0.013777,20.105
regress-vlg_param_band_iv,VerihoggFormat,imported,True,0,ivtest,1117,30,0.007168,0.003213,0.011043,17.801
regress-vlg_pr529_iv,VerihoggFormat,imported,True,0,ivtest,4553,30,0.005316,0.0107,0.031284,28.148
regress-vlg_pr1444055_iv,VerihoggFormat,imported,True,0,ivtest,1516,30,0.008229,0.004962,0.019974,23.902
regress-vlg_pr2913416_iv,VerihoggFormat,imported,True,0,ivtest,531,30,0.008302,0.003686,0.014921,19.715
regress-vlg_nblkorder_iv,VerihoggFormat,imported,True,0,ivtest,1587,30,0.004549,0.007284,0.01437,20.129
regress-sv_pv_wr_vec2a_nb_ec_iv,VerihoggFormat,imported,False,1,ivtest,2031,30,0.007258,0.010777,0.027031,29.746
regress-vlg_pr3098439b_iv,VerihoggFormat,imported,True,0,ivtest,1490,30,0.004283,0.010187,0.022133,25.746
regress-synth_br993a_iv,VerihoggFormat,imported,False,1,ivtest,711,30,0.009249,0.003067,0.014534,22.168
regress-vlg_array_word_width2_iv,VerihoggFormat,imported,True,0,ivtest,332,30,0.00346,0.007992,0.01339,19.656
regress-sv_br_gh414_iv,VerihoggFormat,imported,True,0,ivtest,713,30,0.001211,0.010096,0.014008,20.023
regress-vlg_pr2138682_iv,VerihoggFormat,imported,True,0,ivtest,635,30,0.007742,0.003535,0.014059,19.848
regress-vlg_pr1022_iv,VerihoggFormat,imported,False,1,ivtest,364,30,0.012767,0.0,0.0133,19.867
regress-sv_sv_typedef_fwd_class2_iv,VerihoggFormat,imported,True,0,ivtest,281,30,0.01112,0.0,0.011798,17.758
regress-vlg_comp1000_iv,VerihoggFormat,imported,False,1,ivtest,69795,360,160.477837,24.400133,185.29379,30269.453
regress-synth_casesynth5_iv,VerihoggFormat,imported,False,1,ivtest,1123,30,0.001468,0.011728,0.01545,22.199
regress-vlg_always317D_iv,VerihoggFormat,imported,True,0,ivtest,1734,30,0.008027,0.003908,0.015107,19.781
regress-vlg_pr3098439a_iv,VerihoggFormat,imported,True,0,ivtest,1497,30,0.009377,0.004926,0.022822,25.789
regress-vlg_pr2725700b_iv,VerihoggFormat,imported,True,0,ivtest,1389,30,0.011208,0.001199,0.017709,21.633
regress-sv_automatic_error14_iv,VerihoggFormat,imported,False,0,ivtest,303,30,0.00483,0.006393,0.011745,17.961
regress-sv_sv_timeunit_prec3c_iv,VerihoggFormat,imported,True,0,ivtest,278,30,0.010256,0.0,0.010922,17.699
regress-sv_enum_elem_ranges_iv,VerihoggFormat,imported,True,0,ivtest,3790,30,0.002915,0.011338,0.022819,25.941
regress-vlg_pr1491355_iv,VerihoggFormat,imported,True,0,ivtest,503,30,0.00761,0.003862,0.013258,20.164
regress-sv_module_nonansi_atom2_fail_iv,VerihoggFormat,imported,False,0,ivtest,352,30,0.006262,0.004888,0.011678,17.469
regress-vlg_pr1925363a_iv,VerihoggFormat,imported,False,0,ivtest,199,30,0.007725,0.003695,0.012427,19.488
regress-sv_real_edges_iv,VerihoggFormat,imported,False,0,ivtest,270,30,0.003339,0.008111,0.012467,19.957
regress-vlg_automatic_error3_iv,VerihoggFormat,imported,False,0,ivtest,184,30,0.001493,0.010057,0.011974,18.086
regress-vlg_pr812_iv,VerihoggFormat,imported,True,0,ivtest,836,30,0.0,0.012232,0.015117,19.938
regress-vlg_pr2972866_iv,VerihoggFormat,imported,False,1,ivtest,894,30,0.004037,0.007713,0.013427,19.488
regress-vlg_cond_wide_iv,VerihoggFormat,imported,False,1,ivtest,1188,30,0.00771,0.00338,0.011544,19.195
regress-vlg_pr708_iv,VerihoggFormat,imported,True,0,ivtest,359,30,0.004122,0.006906,0.011989,19.977
regress-sv_wild_cmp_net_iv,VerihoggFormat,imported,True,0,ivtest,2977,30,0.004888,0.011479,0.028839,28.07
regress-sv_sv_typedef_queue_base2_iv,VerihoggFormat,imported,True,0,ivtest,463,30,0.006423,0.004951,0.013128,19.469
regress-sv_sv_assign_pattern_const_iv,VerihoggFormat,imported,False,1,ivtest,732,30,0.010074,0.004311,0.017517,23.914
regress-vlg_br_gh484_iv,VerihoggFormat,imported,False,1,ivtest,180,30,0.00381,0.007558,0.01145,17.598
regress-sv_task_port_types2_iv,VerihoggFormat,imported,True,0,ivtest,653,30,0.005256,0.006833,0.015696,20.012
regress-vlg_fdisplay2_iv,VerihoggFormat,imported,True,0,ivtest,1339,30,0.004495,0.007573,0.013851,19.492
regress-sv_sv_port_default9_iv,VerihoggFormat,imported,True,0,ivtest,1748,30,0.004528,0.009278,0.019387,23.965
regress-vlg_wildsense2_iv,VerihoggFormat,imported,False,1,ivtest,1039,30,0.007635,0.003811,0.014117,21.801
regress-sv_sv_export_fail3_iv,VerihoggFormat,imported,False,0,ivtest,460,30,0.007453,0.003252,0.011343,17.68
regress-vlg_pr1515168_iv,VerihoggFormat,imported,True,0,ivtest,364,30,0.008135,0.00375,0.013662,20.07
regress-vlg_real_concat_invalid2_iv,VerihoggFormat,imported,False,0,ivtest,159,30,0.00381,0.006777,0.011774,17.203
regress-sv_string_events_iv,VerihoggFormat,imported,False,1,ivtest,681,30,0.008366,0.004017,0.015591,20.0
regress-vlg_pr772_iv,VerihoggFormat,imported,True,0,ivtest,493,30,0.008436,0.003678,0.014041,19.988
regress-sv_sv_package_iv,VerihoggFormat,imported,True,0,ivtest,2668,30,0.004607,0.009683,0.024288,25.863
regress-vlg_pr1629683_iv,VerihoggFormat,imported,True,0,ivtest,616,30,0.00372,0.008275,0.013991,19.895
regress-vlg_pr2251119_iv,VerihoggFormat,imported,True,0,ivtest,252,30,0.005059,0.006546,0.012862,19.84
regress-vlg_include1_iv,VerihoggFormat,imported,True,0,ivtest,903,30,0.004246,0.008151,0.014668,19.934
regress-vlg_pr1740476b_iv,VerihoggFormat,imported,True,0,ivtest,659,30,0.008059,0.003836,0.015504,19.453
regress-vlg_udp_eval_arg_iv,VerihoggFormat,imported,True,0,ivtest,791,30,0.005388,0.007246,0.016371,19.898
regress-vlg_vcddup_iv,VerihoggFormat,imported,False,1,ivtest,1198,30,0.003905,0.008029,0.017725,21.469
regress-vlg_pr1699444_iv,VerihoggFormat,imported,True,0,ivtest,126,30,0.002912,0.008031,0.011141,17.93
regress-vlg_case38D_iv,VerihoggFormat,imported,True,0,ivtest,2021,30,0.008329,0.004628,0.0173,22.098
regress-vlg_br1000_iv,VerihoggFormat,imported,False,1,ivtest,479,30,0.009011,0.002835,0.013531,19.449
regress-vlg_pr3437290b_iv,VerihoggFormat,imported,True,0,ivtest,704,30,0.003939,0.008349,0.016464,21.902
regress-sv_task_nonansi_int1_iv,VerihoggFormat,imported,True,0,ivtest,369,30,0.005121,0.006964,0.01307,19.926
regress-sv_sv_queue_assign_fail3_iv,VerihoggFormat,imported,False,0,ivtest,220,30,0.008199,0.003078,0.011809,18.141
regress-vlg_pr2202706_iv,VerihoggFormat,imported,True,0,ivtest,712,30,0.007797,0.003521,0.013953,20.203
regress-vlg_unary_xnor2_iv,VerihoggFormat,imported,True,0,ivtest,1673,30,0.004706,0.007939,0.016431,20.117
regress-sv_sv_class_new_typed_fail3_iv,VerihoggFormat,imported,False,0,ivtest,438,30,0.0,0.011298,0.012062,17.855
regress-vlg_disable_fork_iv,VerihoggFormat,imported,False,1,ivtest,1065,30,0.007894,0.003662,0.011806,18.0
regress-sv_sv_array_cassign_fail7_iv,VerihoggFormat,imported,False,0,ivtest,228,30,0.007225,0.003523,0.011453,17.77
regress-vlg_udp_real_delay_iv,VerihoggFormat,imported,True,0,ivtest,826,30,0.002999,0.009663,0.018197,21.418
regress-vlg_br1029a_iv,VerihoggFormat,imported,True,0,ivtest,906,30,0.008528,0.004043,0.017537,21.797
regress-sv_parpkg_test3_iv,VerihoggFormat,imported,True,0,ivtest,674,30,0.007431,0.003604,0.012242,19.953
regress-vlg_pr2470181a_iv,VerihoggFormat,imported,False,1,ivtest,784,30,0.008295,0.003815,0.013269,19.59
regress-sv_implicit_cast4_iv,VerihoggFormat,imported,True,0,ivtest,7046,30,0.013905,0.004637,0.042418,30.16
regress-sv_sv_wildcard_import5_iv,VerihoggFormat,imported,False,0,ivtest,581,30,0.008059,0.00337,0.014301,19.723
regress-vlg_resetall_iv,VerihoggFormat,imported,True,0,ivtest,587,30,0.005475,0.006825,0.013999,20.043
regress-vlg_assign32D_iv,VerihoggFormat,imported,True,0,ivtest,1917,30,0.007392,0.003982,0.015831,19.707
regress-sv_sv_typedef_array_base3_iv,VerihoggFormat,imported,True,0,ivtest,432,30,0.007664,0.003755,0.012786,19.734
regress-vlg_gencrc_iv,VerihoggFormat,imported,False,1,ivtest,10129,30,0.004582,0.012453,0.036075,28.027
regress-sv_size_cast2_iv,VerihoggFormat,imported,True,0,ivtest,1228,30,0.006485,0.00533,0.013643,20.203
regress-synth_if_part_no_else_iv,VerihoggFormat,imported,False,1,ivtest,1134,30,0.004051,0.008994,0.015728,22.012
regress-sv_br_gh112b_iv,VerihoggFormat,imported,True,0,ivtest,941,30,0.005919,0.007496,0.018938,24.246
regress-vlg_always314B_iv,VerihoggFormat,imported,True,0,ivtest,1436,30,0.00312,0.009322,0.014159,19.676
regress-vlg_automatic_error2_iv,VerihoggFormat,imported,True,1,ivtest,119,30,0.003588,0.004155,0.007028,17.855
regress-sv_sv_cast_packed_struct_iv,VerihoggFormat,imported,True,0,ivtest,2395,30,0.0,0.013608,0.021953,25.695
regress-vlg_p_monta_iv,VerihoggFormat,imported,False,1,ivtest,792,30,0.004164,0.0087,0.016925,22.172
regress-sv_size_cast_iv,VerihoggFormat,imported,True,0,ivtest,524,30,0.003814,0.007266,0.01325,19.906
regress-sv_sv_class_super1_iv,VerihoggFormat,imported,True,0,ivtest,406,30,0.006037,0.004654,0.011289,17.652
regress-sv_br1027f_iv,VerihoggFormat,imported,True,0,ivtest,107,30,0.010538,0.0,0.011075,17.656
regress-vlg_pr1477190_iv,VerihoggFormat,imported,False,1,ivtest,706,30,0.004266,0.007679,0.013686,19.898
regress-vlg_pr2208681_iv,VerihoggFormat,imported,True,0,ivtest,200,30,0.001486,0.010068,0.012438,19.988
regress-vlg_always317C_iv,VerihoggFormat,imported,True,0,ivtest,1825,30,0.007762,0.003694,0.01392,19.785
regress-vlg_assign_ge_iv,VerihoggFormat,imported,True,0,ivtest,1484,30,0.008241,0.004179,0.015016,20.254
regress-vlg_task_noop2_iv,VerihoggFormat,imported,True,0,ivtest,924,30,0.004485,0.006154,0.010979,17.422
regress-sv_task_nonansi_enum1_iv,VerihoggFormat,imported,True,0,ivtest,404,30,0.005278,0.006815,0.013799,19.613
regress-sv_sv_darray_assign_fail4_iv,VerihoggFormat,imported,False,0,ivtest,334,30,0.008272,0.003147,0.012017,17.945
regress-vlg_string1_iv,VerihoggFormat,imported,True,0,ivtest,989,30,0.0,0.011145,0.01142,17.77
regress-sv_sv_port_default2_iv,VerihoggFormat,imported,True,0,ivtest,931,30,0.00538,0.006553,0.014705,20.02
regress-sv_br1027b_iv,VerihoggFormat,imported,True,0,ivtest,85,30,0.0,0.011179,0.011659,17.727
regress-sv_sv_class_empty_item_iv,VerihoggFormat,imported,True,0,ivtest,231,30,0.003292,0.007866,0.012,17.859
regress-vlg_br_gh33_iv,VerihoggFormat,imported,True,0,ivtest,473,30,0.007872,0.003734,0.014996,19.562
regress-vlg_supply2_iv,VerihoggFormat,imported,False,1,ivtest,1419,30,0.001479,0.010371,0.01264,19.648
regress-sv_bits2_iv,VerihoggFormat,imported,True,0,ivtest,1010,30,0.006281,0.005654,0.015416,21.715
regress-vlg_signed_a_iv,VerihoggFormat,imported,True,0,ivtest,721,30,0.0,0.01216,0.014862,20.062
regress-sv_ubyte_test_iv,VerihoggFormat,imported,True,0,ivtest,10417,30,0.007207,0.012386,0.044991,30.113
regress-vlg_attrib05_port_conn_iv,VerihoggFormat,imported,True,0,ivtest,554,30,0.002938,0.009058,0.014633,19.98
regress-sv_sv_ap_parray1_iv,VerihoggFormat,imported,True,0,ivtest,466,30,0.00371,0.008786,0.014203,19.746
regress-vlg_pr1072_iv,VerihoggFormat,imported,True,0,ivtest,576,30,0.004355,0.007182,0.013417,19.898
regress-vlg_br991a_iv,VerihoggFormat,imported,True,0,ivtest,506,30,0.00453,0.006696,0.013711,19.887
regress-sv_sv_class_static_prop3_iv,VerihoggFormat,imported,True,0,ivtest,535,30,0.001455,0.010613,0.013899,20.027
regress-vlg_pr2233192b_iv,VerihoggFormat,imported,True,0,ivtest,2652,30,0.008029,0.00555,0.021208,24.246
regress-vlg_dummy7_iv,VerihoggFormat,imported,True,0,ivtest,2128,30,0.003977,0.008659,0.018793,21.594
regress-vlg_delay_assign_nb_iv,VerihoggFormat,imported,False,1,ivtest,1585,30,0.001317,0.01036,0.012756,20.238
regress-vlg_br982b_iv,VerihoggFormat,imported,False,0,ivtest,193,30,0.008332,0.003238,0.01229,17.809
regress-vlg_unary_xnor1_iv,VerihoggFormat,imported,True,0,ivtest,1673,30,0.005217,0.007028,0.016032,19.91
regress-vlg_real_force_rel_iv,VerihoggFormat,imported,True,0,ivtest,1996,30,0.004753,0.00866,0.019223,23.867
regress-vlg_pr2528915_iv,VerihoggFormat,imported,False,0,ivtest,225,30,0.004558,0.007091,0.012179,17.723
regress-vlg_comp1001_fail4_iv,VerihoggFormat,imported,True,0,ivtest,641,30,0.004071,0.006611,0.011623,20.25
regress-vlg_function_exp_iv,VerihoggFormat,imported,True,0,ivtest,1142,30,0.01014,0.001266,0.012386,20.027
regress-vlg_pr995_iv,VerihoggFormat,imported,True,0,ivtest,1058,30,0.004431,0.007756,0.016226,21.719
regress-vlg_signed2_iv,VerihoggFormat,imported,True,0,ivtest,1449,30,0.005624,0.006738,0.01418,19.926
regress-sv_sv_darray_oob_string_iv,VerihoggFormat,imported,True,0,ivtest,322,30,0.001481,0.009827,0.012263,19.488
regress-vlg_check_constant_8_iv,VerihoggFormat,imported,False,0,ivtest,264,30,0.0,0.012049,0.013579,20.094
regress-sv_gh161b_iv,VerihoggFormat,imported,False,1,ivtest,1496,30,0.004465,0.008364,0.017488,22.355
regress-sv_struct_packed_array2_iv,VerihoggFormat,imported,True,0,ivtest,1794,30,0.008662,0.004324,0.020299,23.484
regress-vlg_inout3_iv,VerihoggFormat,imported,True,0,ivtest,541,30,0.004483,0.007643,0.014838,20.094
regress-sv_sv_darray_assign_fail2_iv,VerihoggFormat,imported,False,0,ivtest,314,30,0.00461,0.006745,0.011781,17.949
regress-vlg_pr2076363_iv,VerihoggFormat,imported,True,0,ivtest,622,30,0.004063,0.008167,0.015786,19.945
regress-sv_sv_typedef_darray_base4_iv,VerihoggFormat,imported,True,0,ivtest,543,30,0.0,0.011772,0.01319,19.91
regress-vlg_pr1903157_iv,VerihoggFormat,imported,True,0,ivtest,434,30,0.00469,0.006186,0.012336,19.77
regress-sv_sv_queue_oob_real_iv,VerihoggFormat,imported,True,0,ivtest,311,30,0.01152,0.0,0.0125,19.754
regress-sv_module_nonansi_real1_iv,VerihoggFormat,imported,True,0,ivtest,346,30,0.0,0.010855,0.011705,19.715
regress-sv_br921_iv,VerihoggFormat,imported,True,0,ivtest,249,30,0.011462,0.0,0.011905,17.637
regress-vlg_pr1885847_iv,VerihoggFormat,imported,True,0,ivtest,298,30,0.005255,0.00729,0.013002,19.688
regress-vlg_pr2011429_iv,VerihoggFormat,imported,False,1,ivtest,946,30,0.004568,0.007614,0.015297,20.152
regress-sv_size_cast_fail3_iv,VerihoggFormat,imported,False,0,ivtest,228,30,0.004533,0.007113,0.012153,17.648
regress-vlg_ptest003_iv,VerihoggFormat,imported,True,0,ivtest,1079,30,0.007497,0.003267,0.011991,19.902
regress-vlg_ifdef3_iv,VerihoggFormat,imported,True,0,ivtest,1216,30,0.005185,0.006521,0.01286,19.941
regress-vlg_udp_delay_fail_iv,VerihoggFormat,imported,False,0,ivtest,431,30,0.006683,0.004329,0.012674,19.574
regress-vlg_sdw_param2_iv,VerihoggFormat,imported,True,0,ivtest,1409,30,0.005422,0.006869,0.013876,20.062
regress-vlg_memport_bs_iv,VerihoggFormat,imported,True,0,ivtest,2639,30,0.005783,0.007323,0.020729,27.988
regress-vlg_pr1960625_iv,VerihoggFormat,imported,True,0,ivtest,695,30,0.007809,0.004702,0.015492,19.918
regress-sv_sv_foreach7_iv,VerihoggFormat,imported,True,0,ivtest,357,30,0.007644,0.003253,0.012033,19.879
regress-sv_enum_compatibility_fail5_iv,VerihoggFormat,imported,False,0,ivtest,279,30,0.007751,0.003654,0.012391,17.281
regress-sv_br_gh436_iv,VerihoggFormat,imported,True,0,ivtest,870,30,0.004528,0.007566,0.01515,20.051
regress-sv_module_nonansi_real2_iv,VerihoggFormat,imported,True,0,ivtest,320,30,0.003026,0.008183,0.012038,19.77
regress-vlg_pr729_iv,VerihoggFormat,imported,True,0,ivtest,295,30,0.004576,0.007372,0.012783,19.891
regress-vlg_pr1675789_iv,VerihoggFormat,imported,True,0,ivtest,1092,30,0.004304,0.008793,0.018251,21.941
regress-vlg_string8_iv,VerihoggFormat,imported,True,0,ivtest,1255,30,0.008532,0.003018,0.013493,19.84
regress-sv_sv_ps_function1_iv,VerihoggFormat,imported,True,0,ivtest,370,30,0.011115,0.0,0.012636,19.75
regress-sv_sv_typedef_queue_base4_iv,VerihoggFormat,imported,True,0,ivtest,532,30,0.008484,0.002891,0.012994,19.516
regress-sv_program2_iv,VerihoggFormat,imported,True,0,ivtest,490,30,0.007707,0.003656,0.013009,20.0
regress-vlg_unary_minus3_iv,VerihoggFormat,imported,False,1,ivtest,1159,30,0.003287,0.008099,0.011743,19.641
regress-sv_sv_package2_iv,VerihoggFormat,imported,True,0,ivtest,1002,30,0.005189,0.007136,0.015624,19.707
regress-vlg_pr1887168_iv,VerihoggFormat,imported,True,0,ivtest,2016,30,0.004348,0.009367,0.021314,25.898
regress-sv_generate_module_iv,VerihoggFormat,imported,True,1,ivtest,239,30,0.004242,0.00337,0.007113,17.574
regress-vlg_module_nonansi_fail4_iv,VerihoggFormat,imported,False,0,ivtest,191,30,0.003207,0.007622,0.010898,17.773
regress-sv_sv_timeunit_prec3b_iv,VerihoggFormat,imported,True,0,ivtest,1392,30,0.006142,0.005947,0.014784,19.984
regress-vlg_pr1002a_iv,VerihoggFormat,imported,True,0,ivtest,936,30,0.00852,0.00367,0.015353,19.805
regress-vlg_pr1687193_iv,VerihoggFormat,imported,True,0,ivtest,487,30,0.004336,0.007608,0.01473,19.598
regress-vlg_pr3296466d_iv,VerihoggFormat,imported,True,0,ivtest,392,30,0.007121,0.005338,0.015739,19.617
regress-sv_sv_class_new_fail2_iv,VerihoggFormat,imported,False,0,ivtest,192,30,0.004536,0.006061,0.011065,17.895
regress-vlg_sdf3_iv,VerihoggFormat,imported,True,0,ivtest,530,30,0.001488,0.010475,0.014479,20.02
regress-vlg_pr540b_iv,VerihoggFormat,imported,True,0,ivtest,4252,30,0.006685,0.008496,0.025928,25.641
regress-vlg_pr1820472_iv,VerihoggFormat,imported,True,0,ivtest,652,30,0.006703,0.005361,0.016195,21.672
regress-vlg_else2_iv,VerihoggFormat,imported,True,0,ivtest,1261,30,0.0,0.01166,0.013137,19.875
regress-vlg_udp_bx_iv,VerihoggFormat,imported,True,0,ivtest,714,30,0.003781,0.008403,0.016037,19.941
regress-vlg_pr434_iv,VerihoggFormat,imported,True,0,ivtest,922,30,0.007701,0.003827,0.015571,19.828
regress-sv_br_gh437_iv,VerihoggFormat,imported,True,0,ivtest,393,30,0.008351,0.002531,0.012072,20.004
regress-vlg_pr1570451b_iv,VerihoggFormat,imported,True,0,ivtest,31331,30,0.022031,0.00948,0.110315,36.121
regress-vlg_constadd2_iv,VerihoggFormat,imported,True,0,ivtest,1114,30,0.001321,0.010189,0.012728,19.984
regress-sv_enum_test6_iv,VerihoggFormat,imported,False,0,ivtest,144,30,0.006753,0.004174,0.01129,17.496
regress-vlg_pr312_iv,VerihoggFormat,imported,True,0,ivtest,393,30,0.0,0.011682,0.013365,19.98
regress-vlg_sdw_array_iv,VerihoggFormat,imported,True,0,ivtest,2855,30,0.012322,0.001369,0.019923,24.246
regress-vlg_timescale3_iv,VerihoggFormat,imported,True,1,ivtest,88,30,0.006203,0.001237,0.006778,17.273
regress-sv_sv_string4_iv,VerihoggFormat,imported,True,0,ivtest,392,30,0.004548,0.007141,0.012838,19.691
regress-vlg_urand_r3_iv,VerihoggFormat,imported,True,0,ivtest,203,30,0.008053,0.003767,0.012664,19.934
regress-sv_named_fork_fail_iv,VerihoggFormat,imported,True,1,ivtest,95,30,0.005307,0.003221,0.007647,17.758
regress-vlg_signed_equality_iv,VerihoggFormat,imported,True,0,ivtest,1054,30,0.003038,0.009672,0.016873,21.398
regress-sv_sv_ps_type1_iv,VerihoggFormat,imported,False,1,ivtest,526,30,0.01324,0.0,0.013893,22.277
regress-sv_task_scope2_iv,VerihoggFormat,imported,True,0,ivtest,1616,30,0.008318,0.003651,0.014049,20.012
regress-vlg_pr2350934b_iv,VerihoggFormat,imported,False,1,ivtest,1310,30,0.003927,0.007724,0.014048,21.73
regress-vlg_module_nonansi_fail12_iv,VerihoggFormat,imported,False,0,ivtest,249,30,0.004557,0.006094,0.010921,17.469
regress-vlg_specify5_iv,VerihoggFormat,imported,False,1,ivtest,1860,30,0.006331,0.007329,0.021264,24.039
regress-vlg_shift5_iv,VerihoggFormat,imported,True,0,ivtest,941,30,0.008025,0.003747,0.013641,19.902
regress-vlg_pr1465769_iv,VerihoggFormat,imported,True,0,ivtest,236,30,0.005036,0.006168,0.01204,20.148
regress-vlg_pr2913438b_iv,VerihoggFormat,imported,True,0,ivtest,1014,30,0.008571,0.003664,0.015208,19.629
regress-vlg_test_disphob_iv,VerihoggFormat,imported,True,0,ivtest,1593,30,0.008469,0.004458,0.019428,23.98
regress-vlg_modparam_iv,VerihoggFormat,imported,True,0,ivtest,3462,30,0.009292,0.005356,0.026393,26.164
regress-synth_br_gh115_iv,VerihoggFormat,imported,False,1,ivtest,669,30,0.007986,0.003387,0.01214,19.934
regress-vlg_powconst_iv,VerihoggFormat,imported,True,0,ivtest,2696,30,0.00862,0.005364,0.022606,26.02
regress-vlg_pr1745005_iv,VerihoggFormat,imported,True,0,ivtest,777,30,0.008237,0.003609,0.015073,20.059
regress-vlg_tern10_iv,VerihoggFormat,imported,False,1,ivtest,498,30,0.003856,0.008155,0.012934,19.637
regress-vlg_ga_xnor_iv,VerihoggFormat,imported,True,0,ivtest,1660,30,0.008159,0.003858,0.015266,20.129
regress-vlg_pr1985582_iv,VerihoggFormat,imported,True,0,ivtest,509,30,0.004557,0.007099,0.012749,19.793
regress-sv_sv_queue_assign_fail4_iv,VerihoggFormat,imported,False,0,ivtest,320,30,0.011395,0.0,0.012118,17.969
regress-vlg_test_dispwided_iv,VerihoggFormat,imported,True,0,ivtest,1216,30,0.003836,0.007216,0.012045,19.734
regress-vlg_pr2453002_iv,VerihoggFormat,imported,True,0,ivtest,842,30,0.0,0.012268,0.015629,19.895
regress-vlg_redef_reg_error_iv,VerihoggFormat,imported,False,0,ivtest,49,30,0.006837,0.0046,0.011126,17.699
regress-vlg_credence20041209_iv,VerihoggFormat,imported,True,0,ivtest,1808,30,0.007455,0.005921,0.021262,23.742
regress-sv_sv_class_new_typed3_iv,VerihoggFormat,imported,True,0,ivtest,271,30,0.0,0.010662,0.011389,18.059
regress-vlg_pr991_iv,VerihoggFormat,imported,True,0,ivtest,530,30,0.008166,0.003874,0.014077,20.051
regress-vlg_pr492_iv,VerihoggFormat,imported,False,1,ivtest,1544,30,0.007656,0.003645,0.013792,19.852
regress-sv_sv_assign_pattern_op_iv,VerihoggFormat,imported,False,1,ivtest,1267,30,0.013507,0.011624,0.041465,35.996
regress-vlg_rise_fall_decay2_iv,VerihoggFormat,imported,True,0,ivtest,2287,30,0.009825,0.006525,0.033418,28.281
regress-vlg_pr2015466_iv,VerihoggFormat,imported,False,1,ivtest,857,30,0.007808,0.003941,0.013376,19.957
regress-vlg_pr673_iv,VerihoggFormat,imported,True,0,ivtest,487,30,0.002951,0.009192,0.014174,19.672
regress-sv_sv_typedef_scope3_iv,VerihoggFormat,imported,True,0,ivtest,520,30,0.011519,0.0,0.01357,19.711
regress-vlg_br_gh497e_iv,VerihoggFormat,imported,True,0,ivtest,823,30,0.004017,0.008437,0.017689,23.871
regress-sv_sv_darray_copy_empty4_iv,VerihoggFormat,imported,True,0,ivtest,351,30,0.001212,0.009909,0.012749,19.879
regress-vlg_pr1963962_iv,VerihoggFormat,imported,True,0,ivtest,141,30,0.007721,0.002577,0.010754,17.652
regress-vlg_sdw_force_iv,VerihoggFormat,imported,True,0,ivtest,1432,30,0.0036,0.00816,0.014165,20.027
regress-vlg_pr3409749_iv,VerihoggFormat,imported,True,0,ivtest,1178,30,0.012575,0.0,0.01787,21.578
regress-vlg_ptest009_iv,VerihoggFormat,imported,True,0,ivtest,1000,30,0.011305,0.0,0.012261,19.723
regress-sv_sv_type_param2_iv,VerihoggFormat,imported,False,1,ivtest,552,30,0.00525,0.009164,0.016291,22.332
regress-sv_enum_test5_iv,VerihoggFormat,imported,False,0,ivtest,281,30,0.004084,0.007099,0.012221,19.754
regress-vlg_gen_case_opt3_iv,VerihoggFormat,imported,True,0,ivtest,281,30,0.00672,0.004983,0.012404,19.785
regress-vlg_pr1703346_iv,VerihoggFormat,imported,True,0,ivtest,569,30,0.005119,0.006783,0.014175,19.965
regress-sv_struct2_iv,VerihoggFormat,imported,True,0,ivtest,779,30,0.00522,0.006797,0.01476,19.992
regress-sv_sv_class_static_prop4_iv,VerihoggFormat,imported,False,1,ivtest,739,30,0.01071,0.004163,0.016813,22.391
regress-vlg_br_gh199a_iv,VerihoggFormat,imported,False,1,ivtest,751,30,0.0,0.012473,0.015702,20.129
regress-sv_sv_darray5b_iv,VerihoggFormat,imported,True,0,ivtest,1135,30,0.005354,0.006699,0.017327,21.914
regress-sv_sv_typedef_darray_base3_iv,VerihoggFormat,imported,True,0,ivtest,456,30,0.001267,0.010529,0.013447,19.547
regress-sv_sv_class_super6_iv,VerihoggFormat,imported,True,0,ivtest,550,30,0.00424,0.007283,0.013502,20.133
regress-vlg_always314F_iv,VerihoggFormat,imported,False,1,ivtest,1603,30,0.007806,0.003785,0.013066,19.848
regress-vlg_pr1903343_iv,VerihoggFormat,imported,True,0,ivtest,670,30,0.004315,0.007345,0.012294,20.059
regress-sv_net_queue_fail_iv,VerihoggFormat,imported,False,0,ivtest,151,30,0.007752,0.003116,0.011251,17.191
regress-sv_enum_base_none_iv,VerihoggFormat,imported,True,0,ivtest,319,30,0.010624,0.0,0.011131,19.668
regress-sv_sv_typedef_darray_base1_iv,VerihoggFormat,imported,True,0,ivtest,386,30,0.003869,0.007088,0.01275,20.156
regress-vlg_pr2792897_iv,VerihoggFormat,imported,True,0,ivtest,224,30,0.010102,0.0,0.010984,19.809
regress-sv_module_nonansi_int2_iv,VerihoggFormat,imported,True,0,ivtest,470,30,0.004511,0.007427,0.013597,19.52
regress-sv_automatic_error17_iv,VerihoggFormat,imported,False,0,ivtest,349,30,0.003692,0.006847,0.011502,18.066
regress-sv_l_equiv_const_iv,VerihoggFormat,imported,True,0,ivtest,3757,30,0.004679,0.011016,0.028636,27.883
regress-sv_sv_type_param_fail2_iv,VerihoggFormat,imported,False,0,ivtest,281,30,0.007657,0.002985,0.011164,17.652
regress-sv_sv_array_cassign4_iv,VerihoggFormat,imported,True,0,ivtest,337,30,0.008976,0.002767,0.012546,17.289
regress-sv_br_gh461_iv,VerihoggFormat,imported,True,0,ivtest,370,30,0.005024,0.006802,0.013153,19.582
regress-vlg_string13_iv,VerihoggFormat,imported,False,1,ivtest,1554,30,0.004371,0.010794,0.020551,26.121
regress-vlg_signed7_iv,VerihoggFormat,imported,True,0,ivtest,1786,30,0.004953,0.006701,0.015352,19.684
regress-vlg_sdf_esc_id_iv,VerihoggFormat,imported,True,0,ivtest,535,30,0.00456,0.006647,0.01369,19.809
regress-vlg_sqrt32_iv,VerihoggFormat,imported,False,1,ivtest,6103,30,0.012936,0.00276,0.022724,30.043
regress-sv_sv_enum1_iv,VerihoggFormat,imported,False,1,ivtest,773,30,0.007152,0.00562,0.014133,20.215
regress-vlg_function6_iv,VerihoggFormat,imported,True,0,ivtest,342,30,0.005222,0.005905,0.012336,19.973
regress-vlg_cast_int_iv,VerihoggFormat,imported,True,0,ivtest,2337,30,0.004781,0.008902,0.021897,24.141
regress-vlg_br_gh152_iv,VerihoggFormat,imported,True,1,ivtest,62,30,0.004465,0.003491,0.007408,17.57
regress-vlg_tern7_iv,VerihoggFormat,imported,False,1,ivtest,1711,30,0.005725,0.00694,0.014855,21.43
regress-vlg_test_pmos_iv,VerihoggFormat,imported,True,0,ivtest,3777,30,0.004138,0.011007,0.028105,25.832
regress-vlg_udp_bufg2_iv,VerihoggFormat,imported,False,1,ivtest,1377,30,0.004198,0.007925,0.013416,20.113
regress-sv_ipsdownsel_real_idx_iv,VerihoggFormat,imported,False,0,ivtest,1094,30,0.00878,0.004546,0.019335,23.684
regress-synth_basicstate_iv,VerihoggFormat,imported,True,0,ivtest,2075,30,0.004484,0.00863,0.018435,22.195
regress-sv_br_gh390b_iv,VerihoggFormat,imported,True,0,ivtest,866,30,0.008407,0.00386,0.015067,20.027
regress-sv_br_gh281_iv,VerihoggFormat,imported,True,0,ivtest,475,30,0.003174,0.009109,0.013634,19.473
regress-sv_sv_class_super2_iv,VerihoggFormat,imported,True,0,ivtest,407,30,0.007611,0.003751,0.012051,17.738
regress-vlg_pr2119622_iv,VerihoggFormat,imported,True,0,ivtest,229,30,0.001454,0.009296,0.011461,19.77
regress-vlg_sdf_del_max_iv,VerihoggFormat,imported,True,0,ivtest,753,30,0.012969,0.0,0.016382,19.883
regress-vlg_pr1682887_iv,VerihoggFormat,imported,True,0,ivtest,136,30,0.004351,0.006942,0.012063,17.742
regress-vlg_xnor_test_iv,VerihoggFormat,imported,True,0,ivtest,2085,30,0.004131,0.008635,0.01794,21.973
regress-vlg_br_ml20150315_iv,VerihoggFormat,imported,True,0,ivtest,344,30,0.001204,0.009727,0.012069,19.98
regress-vlg_consttern_iv,VerihoggFormat,imported,True,0,ivtest,199,30,0.005143,0.006516,0.013273,19.758
regress-sv_sv_queue_parray_iv,VerihoggFormat,imported,False,1,ivtest,5549,30,0.007639,0.009908,0.03896,27.879
regress-vlg_always314E_iv,VerihoggFormat,imported,True,0,ivtest,1568,30,0.003633,0.007895,0.013452,19.715
regress-vlg_pr2842185_iv,VerihoggFormat,imported,True,0,ivtest,213,30,0.011449,0.0,0.011709,17.988
regress-vlg_udp_jkff_iv,VerihoggFormat,imported,True,0,ivtest,3857,30,0.001476,0.014579,0.031668,27.969
regress-sv_func_empty_arg_fail4_iv,VerihoggFormat,imported,False,0,ivtest,355,30,0.004307,0.006862,0.011897,19.844
regress-sv_localparam_query_iv,VerihoggFormat,imported,True,0,ivtest,1587,30,0.00542,0.006532,0.01506,20.164
regress-vlg_ca_mult_iv,VerihoggFormat,imported,True,0,ivtest,230,30,0.011334,0.0,0.012109,19.742
regress-sv_sv_port_default10_iv,VerihoggFormat,imported,True,0,ivtest,755,30,0.004516,0.007445,0.014702,19.844
regress-vlg_porttest7_iv,VerihoggFormat,imported,False,1,ivtest,781,30,0.004525,0.008256,0.014318,19.992
regress-sv_sv_class_property_signed3_iv,VerihoggFormat,imported,False,1,ivtest,1328,30,0.01639,0.0,0.022962,27.816
regress-vlg_escape1_iv,VerihoggFormat,imported,False,1,ivtest,1696,30,0.007542,0.004175,0.015626,20.02
regress-sv_br_gh391_iv,VerihoggFormat,imported,True,0,ivtest,711,30,0.008548,0.00386,0.015167,19.695
regress-sv_struct5_iv,VerihoggFormat,imported,True,0,ivtest,813,30,0.006724,0.005056,0.014542,20.16
regress-sv_sv_void_cast3_iv,VerihoggFormat,imported,True,0,ivtest,283,30,0.003818,0.007158,0.012286,19.551
regress-sv_enum_test1_iv,VerihoggFormat,imported,True,0,ivtest,7986,30,0.009036,0.007441,0.033875,28.254
regress-vlg_pr693_iv,VerihoggFormat,imported,True,0,ivtest,580,30,0.003691,0.008277,0.014974,19.992
regress-vlg_ca_time_iv,VerihoggFormat,imported,True,0,ivtest,277,30,0.001331,0.009961,0.013155,19.41
regress-sv_sv_array_cassign_fail8_iv,VerihoggFormat,imported,False,0,ivtest,212,30,0.0,0.010871,0.011499,17.758
regress-sv_parameter_no_default_fail1_iv,VerihoggFormat,imported,False,0,ivtest,244,30,0.007412,0.002907,0.010777,17.59
regress-vlg_task_nonansi_fail9_iv,VerihoggFormat,imported,False,0,ivtest,270,30,0.005138,0.006898,0.012021,17.918
regress-sv_simple_int_iv,VerihoggFormat,imported,True,0,ivtest,605,30,0.001433,0.010546,0.014595,19.57
regress-vlg_macro_comment1_iv,VerihoggFormat,imported,False,1,ivtest,329,30,0.004679,0.007533,0.012665,20.047
regress-vlg_pr1403406b_iv,VerihoggFormat,imported,True,0,ivtest,297,30,0.004928,0.006235,0.011991,17.52
regress-vlg_qmark5_iv,VerihoggFormat,imported,True,0,ivtest,1424,30,0.006349,0.005052,0.014177,19.965
regress-vlg_always315F_iv,VerihoggFormat,imported,True,0,ivtest,1353,30,0.001264,0.010367,0.013474,19.715
regress-sv_sv_class22_iv,VerihoggFormat,imported,True,0,ivtest,658,30,0.0,0.010864,0.012637,19.844
regress-sv_br_gh418_iv,VerihoggFormat,imported,True,0,ivtest,328,30,0.004632,0.007297,0.013112,19.871
regress-vlg_param_bor_iv,VerihoggFormat,imported,True,0,ivtest,1116,30,0.007554,0.003586,0.01188,17.688
regress-sv_assign_op_concat_iv,VerihoggFormat,imported,True,0,ivtest,379,30,0.007904,0.004012,0.014201,19.781
regress-vlg_pr3437290c_iv,VerihoggFormat,imported,True,0,ivtest,346,30,0.004375,0.007834,0.014361,19.234
regress-vlg_sdf_del_typ_iv,VerihoggFormat,imported,True,0,ivtest,753,30,0.002776,0.008478,0.014588,19.973
regress-sv_sv_class_static_prop1_iv,VerihoggFormat,imported,True,0,ivtest,524,30,0.00662,0.005127,0.013735,19.965
regress-vlg_pr1804877_iv,VerihoggFormat,imported,True,0,ivtest,239,30,0.00281,0.008303,0.012374,20.0
regress-vlg_always314D_iv,VerihoggFormat,imported,True,0,ivtest,1115,30,0.004529,0.006489,0.012023,19.727
regress-sv_sv_assign_pattern_func_iv,VerihoggFormat,imported,False,1,ivtest,722,30,0.009426,0.003484,0.014693,21.938
regress-vlg_task_iotypes_iv,VerihoggFormat,imported,True,0,ivtest,1541,30,0.004955,0.006617,0.012748,19.852
regress-vlg_pr1638985_iv,VerihoggFormat,imported,True,0,ivtest,259,30,0.010054,0.001445,0.012731,19.828
regress-vlg_ptest002_iv,VerihoggFormat,imported,True,0,ivtest,1047,30,0.001258,0.009936,0.012472,19.852
regress-vlg_macsub_iv,VerihoggFormat,imported,False,1,ivtest,275,30,0.007744,0.003732,0.013139,19.93
regress-sv_sv_export1_iv,VerihoggFormat,imported,True,0,ivtest,368,30,0.004692,0.006175,0.01175,19.883
regress-vlg_cmpi_iv,VerihoggFormat,imported,True,0,ivtest,1021,30,0.008845,0.004474,0.017936,22.066
regress-vlg_undef_lval_select_iv,VerihoggFormat,imported,True,0,ivtest,2870,30,0.006286,0.007997,0.024449,25.965
regress-vlg_pr3571573_iv,VerihoggFormat,imported,True,0,ivtest,277,30,0.004496,0.007663,0.013479,19.781
regress-vlg_br_gh19_iv,VerihoggFormat,imported,True,0,ivtest,289,30,0.004339,0.006943,0.012302,19.793
regress-sv_cfunc_assign_op_real_iv,VerihoggFormat,imported,True,0,ivtest,3614,30,0.007739,0.008871,0.032228,27.785
regress-vlg_case38B_iv,VerihoggFormat,imported,False,1,ivtest,1685,30,0.005175,0.006248,0.013148,19.453
regress-sv_pr3515542_iv,VerihoggFormat,imported,True,1,ivtest,142,30,0.005389,0.003167,0.007886,19.926
regress-sv_always_comb_iv,VerihoggFormat,imported,True,0,ivtest,1463,30,0.006486,0.00627,0.01866,23.676
regress-sv_func_empty_arg_fail1_iv,VerihoggFormat,imported,False,0,ivtest,399,30,0.010144,0.001514,0.012504,20.055
regress-vlg_br_gh127a_iv,VerihoggFormat,imported,True,0,ivtest,675,30,0.0,0.012354,0.016977,21.828
regress-vlg_array7_iv,VerihoggFormat,imported,True,0,ivtest,878,30,0.004562,0.00799,0.016051,22.02
regress-vlg_real_delay_iv,VerihoggFormat,imported,True,0,ivtest,5586,30,0.00315,0.014199,0.033838,28.055
regress-vlg_pr2998515_iv,VerihoggFormat,imported,True,0,ivtest,532,30,0.004544,0.007065,0.013186,19.781
regress-sv_br_gh191_break_iv,VerihoggFormat,imported,False,1,ivtest,1038,30,0.005117,0.006986,0.01439,22.219
regress-vlg_cprop_iv,VerihoggFormat,imported,False,1,ivtest,1640,30,0.00938,0.003205,0.013908,19.883
regress-sv_sv_class_method_var_init_iv,VerihoggFormat,imported,True,0,ivtest,503,30,0.010727,0.0,0.012631,20.227
regress-sv_br_gh112a_iv,VerihoggFormat,imported,True,0,ivtest,941,30,0.010649,0.002293,0.018598,24.031
regress-vlg_udp_bufg_iv,VerihoggFormat,imported,False,1,ivtest,1282,30,0.004265,0.007559,0.012834,20.094
regress-vlg_module_nonansi_vec2_iv,VerihoggFormat,imported,True,0,ivtest,338,30,0.001452,0.009824,0.012342,19.277
regress-vlg_pr985_iv,VerihoggFormat,imported,False,1,ivtest,1026,30,0.007693,0.004501,0.013446,19.41
regress-vlg_pr1701889_iv,VerihoggFormat,imported,True,0,ivtest,1083,30,0.0,0.011944,0.015004,20.039
regress-sv_sv_assign_pattern_cast_iv,VerihoggFormat,imported,False,1,ivtest,1032,30,0.004419,0.010861,0.017922,24.074
regress-vlg_pr3012758_iv,VerihoggFormat,imported,True,0,ivtest,83,30,0.008232,0.002998,0.011854,17.285
regress-vlg_br_gh1178c_iv,VerihoggFormat,imported,False,1,ivtest,919,30,0.005555,0.006996,0.014356,20.039
regress-vlg_varrshft1_iv,VerihoggFormat,imported,True,0,ivtest,2734,30,0.008578,0.003954,0.019632,24.023
regress-vlg_pr823_iv,VerihoggFormat,imported,False,1,ivtest,203,30,0.011722,0.0,0.011784,19.77
regress-vlg_pow_reg_unsigned_iv,VerihoggFormat,imported,True,0,ivtest,704,30,0.007446,0.005227,0.016396,19.84
regress-vlg_pr1960596_iv,VerihoggFormat,imported,True,0,ivtest,180,30,0.001517,0.010015,0.011463,17.863
regress-vlg_pr2001162_iv,VerihoggFormat,imported,True,0,ivtest,1108,30,0.001485,0.010422,0.015531,19.723
regress-vlg_eq_iv,VerihoggFormat,imported,False,1,ivtest,713,30,0.003247,0.00765,0.011736,19.949
regress-vlg_br1029c_iv,VerihoggFormat,imported,False,0,ivtest,58,30,0.004206,0.006422,0.012231,17.578
regress-vlg_delay3_iv,VerihoggFormat,imported,False,1,ivtest,1311,30,0.007134,0.005389,0.014808,22.035
regress-sv_enum_compatibility4_iv,VerihoggFormat,imported,True,0,ivtest,342,30,0.004007,0.007189,0.01257,20.109
regress-vlg_pr2425055b_iv,VerihoggFormat,imported,True,0,ivtest,967,30,0.004952,0.006422,0.015307,19.641
regress-vlg_pr2883958_iv,VerihoggFormat,imported,True,0,ivtest,1863,30,0.001441,0.012105,0.019571,23.906
regress-vlg_talu_iv,VerihoggFormat,imported,False,1,ivtest,3144,30,0.013443,0.001478,0.020043,27.711
regress-vlg_module_nonansi_time_fail_iv,VerihoggFormat,imported,False,0,ivtest,342,30,0.007618,0.003316,0.011342,17.258
regress-vlg_pr307_iv,VerihoggFormat,imported,True,0,ivtest,359,30,0.007744,0.003517,0.012579,19.891
regress-vlg_always311K_iv,VerihoggFormat,imported,True,0,ivtest,1459,30,0.001449,0.010335,0.013678,19.672
regress-vlg_br_ml20150321_iv,VerihoggFormat,imported,True,1,ivtest,1256,30,0.008779,0.004474,0.016285,23.574
regress-fsv_pr3015421_iv,VerihoggFormat,imported,True,1,ivtest,470,30,0.0,0.007858,0.007172,17.883
regress-vlg_andnot1_iv,VerihoggFormat,imported,False,1,ivtest,1447,30,0.007983,0.003519,0.012337,20.094
regress-vlg_pr2219441b_iv,VerihoggFormat,imported,False,1,ivtest,1330,30,0.011411,0.001374,0.015808,21.496
regress-vlg_unary_nand_iv,VerihoggFormat,imported,True,0,ivtest,1443,30,0.001476,0.010489,0.014789,19.59
regress-vlg_pr1735822_iv,VerihoggFormat,imported,True,0,ivtest,372,30,0.004523,0.00665,0.012686,20.023
regress-vlg_pr1878909_iv,VerihoggFormat,imported,True,0,ivtest,417,30,0.011456,0.0,0.013457,19.781
regress-sv_br_gh1223c_iv,VerihoggFormat,imported,True,0,ivtest,2507,30,0.004483,0.010522,0.025671,26.117
regress-vlg_pr2051975_iv,VerihoggFormat,imported,False,0,ivtest,314,30,0.010979,0.0,0.012561,19.266
regress-vlg_br972_iv,VerihoggFormat,imported,True,0,ivtest,415,30,0.011937,0.0,0.013889,19.945
regress-vlg_pr2138979b_iv,VerihoggFormat,imported,True,0,ivtest,1843,30,0.009082,0.004555,0.021199,23.934
regress-vlg_pr1876798_iv,VerihoggFormat,imported,True,0,ivtest,517,30,0.008312,0.003972,0.015058,20.012
regress-sv_sv_wildcard_import1_iv,VerihoggFormat,imported,True,0,ivtest,507,30,0.011259,0.0,0.013894,19.469
regress-vlg_br605a_iv,VerihoggFormat,imported,True,0,ivtest,214,30,0.007801,0.003849,0.01272,19.883
regress-vlg_pr2842621_iv,VerihoggFormat,imported,True,0,ivtest,1296,30,0.009641,0.002949,0.017576,22.055
regress-sv_program5b_iv,VerihoggFormat,imported,False,0,ivtest,241,30,0.005112,0.006532,0.012299,17.859
regress-sv_sv_root_func_iv,VerihoggFormat,imported,True,0,ivtest,287,30,0.006149,0.004999,0.01187,19.762
regress-vlg_monitor3_iv,VerihoggFormat,imported,True,0,ivtest,1057,30,0.01077,0.0,0.011376,19.797
regress-synth_basicreg_iv,VerihoggFormat,imported,False,1,ivtest,1763,30,0.008335,0.003891,0.013903,19.973
regress-vlg_ifdef2_iv,VerihoggFormat,imported,True,0,ivtest,1157,30,0.007838,0.003763,0.013201,19.52
regress-vlg_sdw_function4_iv,VerihoggFormat,imported,True,0,ivtest,1361,30,0.004427,0.007506,0.014037,19.871
regress-vlg_pr1508882_iv,VerihoggFormat,imported,False,1,ivtest,743,30,0.004004,0.007294,0.012571,20.039
regress-vlg_varrshft2_iv,VerihoggFormat,imported,True,0,ivtest,3080,30,0.004982,0.009728,0.024561,25.883
regress-sv_sv_ps_method3_iv,VerihoggFormat,imported,True,0,ivtest,427,30,0.001283,0.01048,0.012707,19.715
regress-vlg_pr2233192c_iv,VerihoggFormat,imported,True,0,ivtest,2892,30,0.005275,0.007698,0.020247,23.793
regress-vlg_unary_minus1_iv,VerihoggFormat,imported,True,0,ivtest,1559,30,0.007908,0.004074,0.014898,19.914
regress-vlg_check_constant_1_iv,VerihoggFormat,imported,False,0,ivtest,77,30,0.002933,0.007672,0.010541,17.742
regress-vlg_parameter_override_invalid1_iv,VerihoggFormat,imported,False,0,ivtest,243,30,0.007399,0.00337,0.011805,17.5
regress-vlg_ga_xor_iv,VerihoggFormat,imported,True,0,ivtest,1654,30,0.001385,0.01105,0.015813,19.625
regress-vlg_rise_fall_decay1_iv,VerihoggFormat,imported,True,0,ivtest,2233,30,0.009578,0.006294,0.032779,27.91
regress-vlg_disp_leading_z_iv,VerihoggFormat,imported,True,0,ivtest,1130,30,0.00798,0.003727,0.012848,19.629
regress-vlg_pv_wr_vec4_iv,VerihoggFormat,imported,False,1,ivtest,1680,30,0.004955,0.01185,0.023245,30.16
regress-sv_sv_type_param3_iv,VerihoggFormat,imported,False,1,ivtest,486,30,0.001447,0.012389,0.015622,21.75
regress-vlg_check_constant_16_iv,VerihoggFormat,imported,False,0,ivtest,264,30,0.00496,0.006621,0.013546,19.84
regress-vlg_pr734_iv,VerihoggFormat,imported,True,0,ivtest,351,30,0.004872,0.006668,0.012702,20.102
regress-sv_br_gh72a_iv,VerihoggFormat,imported,False,1,ivtest,457,30,0.001501,0.011259,0.01348,21.98
regress-sv_sv_typedef_scope2_iv,VerihoggFormat,imported,True,0,ivtest,490,30,0.003727,0.00799,0.014119,19.641
regress-vlg_pr860_iv,VerihoggFormat,imported,True,0,ivtest,405,30,0.001432,0.010519,0.013178,19.926
regress-vlg_ca_pow_synth_iv,VerihoggFormat,imported,False,1,ivtest,629,30,0.0,0.012243,0.013821,19.508
regress-vlg_br_gh1117_iv,VerihoggFormat,imported,True,1,ivtest,403,30,0.004797,0.0032,0.007544,20.0
regress-vlg_nb_assign_iv,VerihoggFormat,imported,False,1,ivtest,812,30,0.008046,0.003413,0.013009,19.75
regress-vlg_pr1704726c_iv,VerihoggFormat,imported,False,0,ivtest,12801,30,0.008806,0.011047,0.050375,29.863
regress-sv_sv_typedef_fwd_enum2_iv,VerihoggFormat,imported,True,0,ivtest,311,30,0.0,0.011304,0.012285,19.738
regress-vlg_ca_real_logical_iv,VerihoggFormat,imported,True,0,ivtest,5937,30,0.017025,0.0,0.036572,27.879
regress-vlg_pr2728812c_iv,VerihoggFormat,imported,False,0,ivtest,1024,30,0.009052,0.003761,0.018357,21.484
regress-sv_br884_iv,VerihoggFormat,imported,True,0,ivtest,28567,30,0.017523,0.020112,0.134814,39.672
regress-vlg_module_nonansi_fail8_iv,VerihoggFormat,imported,False,0,ivtest,241,30,0.004459,0.006621,0.012032,17.215
regress-vlg_module312A_iv,VerihoggFormat,imported,False,1,ivtest,1789,30,0.002782,0.009733,0.01407,20.086
regress-vlg_pr2146620b_iv,VerihoggFormat,imported,True,0,ivtest,199,30,0.008275,0.003619,0.013028,19.652
regress-sv_sf_countones_iv,VerihoggFormat,imported,True,0,ivtest,1433,30,0.001252,0.01137,0.017517,22.02
regress-vlg_br_gh99q_iv,VerihoggFormat,imported,True,0,ivtest,278,30,0.008365,0.002884,0.013005,19.52
regress-sv_sv_ps_member_sel3_iv,VerihoggFormat,imported,True,0,ivtest,454,30,0.007779,0.003249,0.012148,19.727
regress-vlg_defparam3_iv,VerihoggFormat,imported,True,0,ivtest,1084,30,0.004161,0.008274,0.01624,19.926
regress-vlg_pr2951657_iv,VerihoggFormat,imported,True,0,ivtest,530,30,0.001198,0.010426,0.013897,19.828
regress-sv_assign_op_after_cmp3_iv,VerihoggFormat,imported,True,0,ivtest,546,30,0.008594,0.003649,0.013871,19.652
regress-vlg_test_bufif1_iv,VerihoggFormat,imported,True,0,ivtest,3801,30,0.007418,0.008461,0.028119,26.027
regress-sv_sv_root_task_iv,VerihoggFormat,imported,True,0,ivtest,235,30,0.004215,0.006529,0.011445,17.855
regress-vlg_pr1077_iv,VerihoggFormat,imported,True,0,ivtest,559,30,0.003992,0.007518,0.013329,20.16
regress-vlg_param_tern_iv,VerihoggFormat,imported,True,0,ivtest,1808,30,0.007987,0.004242,0.015635,20.078
regress-vlg_memidxrng_iv,VerihoggFormat,imported,True,0,ivtest,1676,30,0.008346,0.003887,0.014994,20.176
regress-vlg_task_iotypes2_iv,VerihoggFormat,imported,True,0,ivtest,612,30,0.005493,0.006918,0.014928,20.195
regress-sv_struct_packed_queue_fail_iv,VerihoggFormat,imported,False,0,ivtest,189,30,0.007792,0.003458,0.01175,17.707
regress-sv_sv_array_cassign_fail5_iv,VerihoggFormat,imported,True,1,ivtest,309,30,0.007612,0.0,0.007033,17.539
regress-vlg_select6_iv,VerihoggFormat,imported,False,1,ivtest,731,30,0.005142,0.006809,0.013896,20.086
regress-sv_sv_ps_function7_iv,VerihoggFormat,imported,True,0,ivtest,351,30,0.008072,0.004156,0.013681,19.465
regress-vlg_real2_iv,VerihoggFormat,imported,True,0,ivtest,1133,30,0.0,0.010765,0.01176,19.895
regress-vlg_always317B_iv,VerihoggFormat,imported,True,0,ivtest,1788,30,0.002832,0.008399,0.013632,20.059
regress-vlg_pr1787394a_iv,VerihoggFormat,imported,True,0,ivtest,844,30,0.007468,0.003329,0.012917,19.875
regress-sv_br_gh661a_iv,VerihoggFormat,imported,True,0,ivtest,786,30,0.00493,0.007106,0.015443,21.625
regress-vlg_always315C_iv,VerihoggFormat,imported,True,0,ivtest,1344,30,0.005198,0.006528,0.013583,19.516
regress-sv_sv_timeunit_prec1_iv,VerihoggFormat,imported,False,1,ivtest,3032,30,0.009724,0.005314,0.020374,27.887
regress-vlg_real11_iv,VerihoggFormat,imported,False,1,ivtest,630,30,0.001243,0.011381,0.013578,20.039
regress-sv_sv_ps_function_fail1_iv,VerihoggFormat,imported,False,0,ivtest,267,30,0.004285,0.005868,0.010608,17.914
regress-vlg_pr841_iv,VerihoggFormat,imported,True,0,ivtest,546,30,0.007584,0.003591,0.012639,19.836
regress-vlg_pr1007_iv,VerihoggFormat,imported,False,1,ivtest,303,30,0.00608,0.004623,0.01161,19.898
regress-vlg_pr2832234_iv,VerihoggFormat,imported,True,0,ivtest,3188,30,0.001457,0.01315,0.023346,25.555
regress-sv_enum_base_fail_range2_iv,VerihoggFormat,imported,False,0,ivtest,273,30,0.003438,0.007012,0.01087,17.703
regress-vlg_br_gh99o_iv,VerihoggFormat,imported,True,0,ivtest,256,30,0.00779,0.003508,0.012641,19.781
regress-vlg_pr1960558_iv,VerihoggFormat,imported,True,0,ivtest,197,30,0.01095,0.0,0.012503,19.652
regress-vlg_pr2913927_iv,VerihoggFormat,imported,True,0,ivtest,8388,30,0.007571,0.010014,0.039925,27.512
regress-sv_sv_ap_parray_fail2_iv,VerihoggFormat,imported,False,0,ivtest,325,30,0.007685,0.003549,0.012062,17.457
regress-vlg_string9_iv,VerihoggFormat,imported,True,0,ivtest,2025,30,0.008256,0.00411,0.017493,22.18
regress-vlg_pr1988310_iv,VerihoggFormat,imported,False,1,ivtest,781,30,0.003507,0.007494,0.012334,20.098
regress-vlg_bitwidth2_iv,VerihoggFormat,imported,True,0,ivtest,172,30,0.00749,0.003031,0.011746,19.723
regress-vlg_real_iv,VerihoggFormat,imported,True,0,ivtest,1306,30,0.0013,0.009857,0.013246,19.461
regress-sv_br_gh277b_iv,VerihoggFormat,imported,True,0,ivtest,413,30,0.003637,0.007537,0.013808,19.68
regress-vlg_concat3_iv,VerihoggFormat,imported,True,0,ivtest,9016,30,0.009411,0.012397,0.051386,29.48
regress-sv_sv_sign_cast1_iv,VerihoggFormat,imported,False,1,ivtest,640,30,0.005374,0.008156,0.015275,21.867
regress-sv_localparam_implicit_iv,VerihoggFormat,imported,True,0,ivtest,548,30,0.007381,0.003894,0.013073,19.777
regress-sv_inc_dec_stmt_iv,VerihoggFormat,imported,True,0,ivtest,373,30,0.008679,0.002918,0.013372,19.723
regress-sv_enum_base_fail_real1_iv,VerihoggFormat,imported,True,1,ivtest,185,30,0.0,0.007956,0.007374,17.629
regress-vlg_task_scope_iv,VerihoggFormat,imported,True,0,ivtest,1461,30,0.005798,0.005193,0.012522,20.086
regress-sv_br_gh194_iv,VerihoggFormat,imported,True,0,ivtest,603,30,0.010839,0.0,0.012945,19.613
regress-vlg_br948_iv,VerihoggFormat,imported,True,0,ivtest,2006,30,0.004598,0.008673,0.01846,21.902
regress-vlg_br_gh209_iv,VerihoggFormat,imported,True,0,ivtest,146,30,0.008305,0.00292,0.011668,17.785
regress-vlg_qmark_iv,VerihoggFormat,imported,True,0,ivtest,1649,30,0.008097,0.003987,0.015427,20.004
regress-sv_br_gh4_iv,VerihoggFormat,imported,True,0,ivtest,180,30,0.007669,0.003395,0.011852,17.836
regress-vlg_pr1634526_iv,VerihoggFormat,imported,True,0,ivtest,492,30,0.003996,0.008093,0.013687,19.988
regress-vlg_pr1948342_iv,VerihoggFormat,imported,False,1,ivtest,608,30,0.005001,0.006484,0.01261,19.641
regress-sv_sv_class3_iv,VerihoggFormat,imported,True,0,ivtest,847,30,0.007746,0.003863,0.014006,20.25
regress-vlg_task_omemw2_iv,VerihoggFormat,imported,True,0,ivtest,1370,30,0.004652,0.007532,0.014172,19.453
regress-vlg_pr1907192_iv,VerihoggFormat,imported,True,0,ivtest,304,30,0.007893,0.003366,0.012893,19.73
regress-vlg_delay_iv,VerihoggFormat,imported,True,0,ivtest,1361,30,0.009426,0.004257,0.020686,23.598
regress-sv_sv_cast_string_iv,VerihoggFormat,imported,True,0,ivtest,1543,30,0.004187,0.00767,0.014495,19.957
regress-sv_sv_string1_iv,VerihoggFormat,imported,True,0,ivtest,178,30,0.006592,0.00473,0.011764,17.516
regress-sv_function12_iv,VerihoggFormat,imported,True,0,ivtest,1294,30,0.012462,0.0,0.013937,20.043
regress-vlg_time8_iv,VerihoggFormat,imported,False,1,ivtest,1457,30,0.0,0.011835,0.012819,19.879
regress-sv_sv_ps_type_class_prop_iv,VerihoggFormat,imported,True,0,ivtest,411,30,0.004662,0.00616,0.011498,20.051
regress-vlg_integer2le_iv,VerihoggFormat,imported,True,0,ivtest,2512,30,0.00412,0.008501,0.018584,19.965
regress-vlg_pr1960545_iv,VerihoggFormat,imported,True,0,ivtest,167,30,0.008563,0.001243,0.010434,18.07
regress-vlg_mixed_width_case_iv,VerihoggFormat,imported,True,0,ivtest,1945,30,0.005977,0.008584,0.024423,26.305
regress-sv_enum_compatibility2_iv,VerihoggFormat,imported,True,0,ivtest,442,30,0.003589,0.008077,0.013206,20.094
regress-vlg_br960c_iv,VerihoggFormat,imported,True,0,ivtest,803,30,0.005481,0.007042,0.016777,19.629
regress-sv_module_nonansi_parray1_iv,VerihoggFormat,imported,True,0,ivtest,406,30,0.005292,0.00603,0.012589,19.699
regress-vlg_pr3190948_iv,VerihoggFormat,imported,True,0,ivtest,81,30,0.006184,0.005016,0.011513,17.441
regress-vlg_pr859_iv,VerihoggFormat,imported,True,0,ivtest,371,30,0.001344,0.010248,0.012659,19.77
regress-vlg_urand_r2_iv,VerihoggFormat,imported,True,0,ivtest,205,30,0.012228,0.0,0.013093,19.723
regress-vlg_check_constant_4_iv,VerihoggFormat,imported,False,0,ivtest,81,30,0.007241,0.002853,0.010614,17.254
regress-synth_basicexpr_iv,VerihoggFormat,imported,True,0,ivtest,1825,30,0.005361,0.007055,0.016962,21.617
regress-vlg_pr1367855_iv,VerihoggFormat,imported,True,0,ivtest,797,30,0.011773,0.0,0.015087,19.852
regress-vlg_automatic_error7_iv,VerihoggFormat,imported,True,1,ivtest,141,30,0.007543,0.0,0.007275,17.41
regress-vlg_pr2901556_iv,VerihoggFormat,imported,True,0,ivtest,800,30,0.008121,0.004026,0.014947,19.723
regress-vlg_pr2132552_iv,VerihoggFormat,imported,True,0,ivtest,319,30,0.007474,0.00366,0.013022,19.84
regress-sv_extra_semicolon_iv,VerihoggFormat,imported,True,0,ivtest,70,30,0.004721,0.006189,0.010807,17.688
regress-vlg_pr2459681_iv,VerihoggFormat,imported,True,0,ivtest,193,30,0.010757,0.00148,0.013182,20.078
regress-vlg_pr2121536_iv,VerihoggFormat,imported,True,0,ivtest,1022,30,0.00458,0.008212,0.018209,21.555
regress-sv_parpkg_test2_iv,VerihoggFormat,imported,True,0,ivtest,662,30,0.003845,0.006554,0.011529,19.938
regress-vlg_pr1704726d_iv,VerihoggFormat,imported,False,0,ivtest,1787,30,0.005202,0.00765,0.017705,22.117
regress-vlg_galan_iv,VerihoggFormat,imported,True,0,ivtest,1558,30,0.001459,0.010239,0.012056,17.34
regress-sv_sv_port_default6_iv,VerihoggFormat,imported,True,0,ivtest,1658,30,0.005653,0.007584,0.019149,23.324
regress-vlg_pr487_iv,VerihoggFormat,imported,True,0,ivtest,339,30,0.007449,0.003536,0.012355,19.809
regress-vlg_br_gh1175e_iv,VerihoggFormat,imported,True,1,ivtest,94,30,0.004829,0.003804,0.014915,17.375
regress-vlg_pr1704726a_iv,VerihoggFormat,imported,False,0,ivtest,1704,30,0.004547,0.007196,0.015271,19.977
regress-synth_for_loop_synth_iv,VerihoggFormat,imported,False,1,ivtest,998,30,0.00901,0.003997,0.015673,21.344
regress-vlg_long_div_iv,VerihoggFormat,imported,True,0,ivtest,591,30,0.003729,0.007035,0.01321,19.566
regress-vlg_sched2_iv,VerihoggFormat,imported,False,1,ivtest,1742,30,0.008806,0.002961,0.012801,20.117
regress-vlg_macro_comment2_iv,VerihoggFormat,imported,False,1,ivtest,350,30,0.004714,0.007471,0.012612,20.078
regress-vlg_inout_iv,VerihoggFormat,imported,True,0,ivtest,2514,30,0.010549,0.00302,0.021316,24.047
regress-vlg_negative_genvar_iv,VerihoggFormat,imported,True,0,ivtest,382,30,0.004473,0.007359,0.014403,19.504
regress-sv_sv_ps_method2_iv,VerihoggFormat,imported,False,1,ivtest,735,30,0.004394,0.009527,0.016959,24.039
regress-vlg_sdf_del_min_iv,VerihoggFormat,imported,True,0,ivtest,753,30,0.007985,0.003678,0.015125,19.703
regress-vlg_pr1530426_iv,VerihoggFormat,imported,True,0,ivtest,307,30,0.00772,0.003715,0.012913,20.027
regress-sv_ulongint_test_iv,VerihoggFormat,imported,True,0,ivtest,12799,30,0.009364,0.011413,0.052155,30.262
regress-vlg_pr1988302_iv,VerihoggFormat,imported,True,0,ivtest,688,30,0.001275,0.010332,0.015307,19.828
regress-sv_sv_queue_string_fail_iv,VerihoggFormat,imported,True,1,ivtest,352,30,0.007252,0.003862,0.0128,20.066
regress-vlg_pr2018235b_iv,VerihoggFormat,imported,False,1,ivtest,277,30,0.004948,0.006649,0.012277,19.98
regress-sv_struct_invalid_member_iv,VerihoggFormat,imported,True,1,ivtest,313,30,0.002951,0.004577,0.007335,17.125
regress-vlg_br_gh497a_iv,VerihoggFormat,imported,True,0,ivtest,933,30,0.010361,0.002667,0.018448,22.164
regress-vlg_signed3_iv,VerihoggFormat,imported,True,0,ivtest,1434,30,0.006255,0.004779,0.012626,20.012
regress-vlg_real_reg_force_rel_iv,VerihoggFormat,imported,True,0,ivtest,1103,30,0.005161,0.007113,0.015878,20.184
regress-vlg_attrib07_func_call_iv,VerihoggFormat,imported,True,0,ivtest,449,30,0.009031,0.003073,0.01421,19.977
regress-vlg_br_gh632_iv,VerihoggFormat,imported,True,0,ivtest,314,30,0.004155,0.006404,0.01163,19.977
regress-synth_ssetclr1_iv,VerihoggFormat,imported,False,1,ivtest,1618,30,0.008024,0.004307,0.015104,24.047
regress-vlg_pr1875866b_iv,VerihoggFormat,imported,True,0,ivtest,389,30,0.0,0.012035,0.01397,19.656
regress-sv_sv_class_virt_new_fail_iv,VerihoggFormat,imported,False,0,ivtest,210,30,0.006724,0.004132,0.011168,17.719
regress-vlg_test_nmos_iv,VerihoggFormat,imported,True,0,ivtest,3777,30,0.006637,0.00884,0.02847,26.078
regress-vlg_shift3_iv,VerihoggFormat,imported,True,0,ivtest,648,30,0.005185,0.007242,0.015123,20.0
regress-sv_sv_packed_port1_iv,VerihoggFormat,imported,True,0,ivtest,651,30,0.0,0.01218,0.015561,19.992
regress-vlg_pr1956211_iv,VerihoggFormat,imported,True,0,ivtest,684,30,0.003885,0.008677,0.015754,19.805
regress-vlg_rtran_iv,VerihoggFormat,imported,True,0,ivtest,3469,30,0.007869,0.008729,0.032705,28.203
regress-vlg_unary_nor2_iv,VerihoggFormat,imported,True,0,ivtest,1485,30,0.007802,0.004003,0.014624,20.188
regress-vlg_br_gh515_iv,VerihoggFormat,imported,True,0,ivtest,395,30,0.001427,0.009912,0.013843,19.484
regress-sv_sv_class_method_default1_iv,VerihoggFormat,imported,False,1,ivtest,867,30,0.012598,0.005913,0.02539,29.965
regress-vlg_pr690_iv,VerihoggFormat,imported,True,0,ivtest,700,30,0.003311,0.007958,0.014118,19.941
regress-vlg_always318A_iv,VerihoggFormat,imported,False,1,ivtest,1914,30,0.00414,0.007839,0.013672,19.914
regress-sv_pr3366217d_iv,VerihoggFormat,imported,False,0,ivtest,729,30,0.001519,0.010754,0.015876,19.664
regress-vlg_always3111A_iv,VerihoggFormat,imported,True,0,ivtest,1423,30,0.008093,0.003485,0.013397,19.879
regress-vlg_pr1587669_iv,VerihoggFormat,imported,False,1,ivtest,949,30,0.007668,0.005649,0.015934,21.809
regress-vlg_pr3054101c_iv,VerihoggFormat,imported,True,0,ivtest,8801,30,0.009754,0.0117,0.055002,29.586
regress-sv_cfunc_assign_op_mixed_iv,VerihoggFormat,imported,True,0,ivtest,2552,30,0.004474,0.009465,0.02431,26.121
regress-vlg_ca_force_iv,VerihoggFormat,imported,True,0,ivtest,1051,30,0.001224,0.010721,0.016226,21.77
regress-vlg_force2_iv,VerihoggFormat,imported,False,1,ivtest,1685,30,0.001317,0.011011,0.013968,19.891
regress-vlg_automatic_error10_iv,VerihoggFormat,imported,True,1,ivtest,140,30,0.008396,0.0,0.007656,17.82
regress-vlg_contrib82_iv,VerihoggFormat,imported,True,0,ivtest,1524,30,0.008385,0.00395,0.01658,21.633
regress-sv_sv_ap_struct_fail2_iv,VerihoggFormat,imported,False,0,ivtest,329,30,0.007703,0.003202,0.011684,17.5
regress-vlg_task314B_iv,VerihoggFormat,imported,True,0,ivtest,1174,30,0.001239,0.010122,0.012769,19.668
regress-vlg_specify2_iv,VerihoggFormat,imported,False,1,ivtest,929,30,0.003978,0.008433,0.013804,19.617
regress-vlg_wiresr_iv,VerihoggFormat,imported,True,0,ivtest,1502,30,0.008996,0.003491,0.0154,19.781
regress-vlg_pr377_iv,VerihoggFormat,imported,True,0,ivtest,261,30,0.005121,0.007034,0.013849,20.035
regress-vlg_task314C_iv,VerihoggFormat,imported,True,0,ivtest,1463,30,0.00283,0.009235,0.014429,19.32
regress-sv_pr3390385_iv,VerihoggFormat,imported,True,0,ivtest,762,30,0.007665,0.003899,0.014832,22.051
regress-vlg_pr540_iv,VerihoggFormat,imported,True,0,ivtest,2749,30,0.008421,0.004472,0.020326,24.102
regress-sv_sv_ap_parray_fail3_iv,VerihoggFormat,imported,False,0,ivtest,271,30,0.007921,0.003425,0.012053,17.289
regress-vlg_npmos_iv,VerihoggFormat,imported,False,1,ivtest,1893,30,0.00731,0.005524,0.014884,21.949
regress-vlg_pr1478988_iv,VerihoggFormat,imported,False,1,ivtest,563,30,0.005147,0.006547,0.013023,20.172
regress-vlg_mult2_iv,VerihoggFormat,imported,True,0,ivtest,2366,30,0.005991,0.00779,0.020922,24.363
regress-sv_array_unpacked_sysfunct_iv,VerihoggFormat,imported,True,0,ivtest,2009,30,0.007812,0.005766,0.017965,22.195
regress-vlg_generate_specparam_iv,VerihoggFormat,imported,True,1,ivtest,235,30,0.001441,0.006291,0.007027,17.844
regress-sv_br_gh130b_iv,VerihoggFormat,imported,True,0,ivtest,294,30,0.011661,0.0,0.01268,19.824
regress-sv_sv_uwire2_iv,VerihoggFormat,imported,False,1,ivtest,670,30,0.010583,0.0,0.011352,19.996
regress-vlg_idiv3_iv,VerihoggFormat,imported,True,0,ivtest,1111,30,0.004569,0.006037,0.011181,17.73
regress-sv_cast_real_iv,VerihoggFormat,imported,True,0,ivtest,1751,30,0.004185,0.008217,0.016442,21.414
regress-vlg_automatic_error6_iv,VerihoggFormat,imported,True,1,ivtest,134,30,0.004582,0.003674,0.00778,17.609
regress-sv_sv_class24_iv,VerihoggFormat,imported,True,0,ivtest,1778,30,0.005113,0.00727,0.017174,22.113
regress-vlg_varlsfht1_iv,VerihoggFormat,imported,True,0,ivtest,2717,30,0.008302,0.004271,0.020198,23.973
regress-vlg_pr2890322_iv,VerihoggFormat,imported,True,0,ivtest,338,30,0.004526,0.007762,0.014449,20.051
regress-vlg_undef_lval_select5_iv,VerihoggFormat,imported,True,0,ivtest,1423,30,0.006934,0.005068,0.017411,21.973
regress-vlg_pr2721213_iv,VerihoggFormat,imported,True,0,ivtest,86,30,0.010016,0.0,0.0103,17.953
regress-vlg_gate_connect1_iv,VerihoggFormat,imported,True,0,ivtest,504,30,0.0,0.011726,0.01364,20.0
regress-sv_sv_queue_parray_fail_iv,VerihoggFormat,imported,True,1,ivtest,370,30,0.004754,0.00637,0.013576,19.398
regress-vlg_pr1792152_iv,VerihoggFormat,imported,True,0,ivtest,78,30,0.005684,0.006873,0.012758,17.734
regress-vlg_integer5_iv,VerihoggFormat,imported,True,0,ivtest,1427,30,0.00678,0.005064,0.014052,19.836
regress-sv_slongint_test_iv,VerihoggFormat,imported,True,0,ivtest,12729,30,0.009564,0.011866,0.053009,30.109
regress-vlg_pr1892959b_iv,VerihoggFormat,imported,True,0,ivtest,961,30,0.004508,0.00909,0.022161,19.672
regress-vlg_pr1698499_iv,VerihoggFormat,imported,False,1,ivtest,3703,30,0.00983,0.004769,0.018897,24.191
regress-sv_enum_base_fail_queue_iv,VerihoggFormat,imported,False,0,ivtest,205,30,0.00292,0.00747,0.010718,17.852
regress-vlg_concat_zero_wid_fail2_iv,VerihoggFormat,imported,False,1,ivtest,270,30,0.0,0.011255,0.011713,19.973
regress-sv_sv_foreach5_iv,VerihoggFormat,imported,True,0,ivtest,820,30,0.005237,0.006982,0.016344,22.082
regress-vlg_pr1561597_iv,VerihoggFormat,imported,True,0,ivtest,209,30,0.007656,0.003723,0.012497,19.848
regress-vlg_pr1589497_iv,VerihoggFormat,imported,True,0,ivtest,348,30,0.001508,0.010051,0.012627,19.91
regress-vlg_string10_iv,VerihoggFormat,imported,True,0,ivtest,984,30,0.006297,0.006023,0.015292,20.059
regress-vlg_pr2885048_iv,VerihoggFormat,imported,True,0,ivtest,588,30,0.004795,0.006999,0.015714,21.941
regress-vlg_sel_rval_bit_ob_iv,VerihoggFormat,imported,True,0,ivtest,12625,30,0.001315,0.018727,0.048239,29.754
regress-vlg_pr2829776b_iv,VerihoggFormat,imported,False,1,ivtest,1245,30,0.008926,0.005168,0.016331,21.773
regress-vlg_sdw_always1_iv,VerihoggFormat,imported,True,0,ivtest,1965,30,0.004411,0.00689,0.014375,20.188
regress-sv_bitp1_iv,VerihoggFormat,imported,True,0,ivtest,714,30,0.004719,0.008209,0.01588,19.707
regress-sv_enum_test8_iv,VerihoggFormat,imported,True,0,ivtest,251,30,0.006779,0.002985,0.010631,17.465
regress-vlg_pr2715558_iv,VerihoggFormat,imported,True,0,ivtest,2532,30,0.005835,0.007899,0.021217,23.973
regress-vlg_pr1988302b_iv,VerihoggFormat,imported,False,0,ivtest,712,30,0.005237,0.006842,0.015562,21.77
regress-vlg_br_gh1237_iv,VerihoggFormat,imported,True,0,ivtest,998,30,0.008139,0.004073,0.016161,21.383
regress-vlg_tri0_iv,VerihoggFormat,imported,False,1,ivtest,1598,30,0.005393,0.007281,0.013574,20.066
regress-vlg_br1008_iv,VerihoggFormat,imported,True,0,ivtest,180,30,0.00653,0.005055,0.012761,19.281
regress-sv_always_latch_trig_iv,VerihoggFormat,imported,True,0,ivtest,1083,30,0.005421,0.006929,0.016662,21.77
regress-vlg_pr1925356_iv,VerihoggFormat,imported,True,0,ivtest,303,30,0.004273,0.007036,0.012472,19.688
regress-vlg_sdw_function2_iv,VerihoggFormat,imported,True,0,ivtest,1480,30,0.004405,0.007368,0.014178,20.242
regress-vlg_br_gh793_iv,VerihoggFormat,imported,False,1,ivtest,362,30,0.005012,0.00688,0.012203,19.805
regress-sv_sv_root_class_iv,VerihoggFormat,imported,True,0,ivtest,411,30,0.003481,0.007549,0.01272,19.676
regress-vlg_parameter_override_invalid3_iv,VerihoggFormat,imported,False,0,ivtest,199,30,0.004077,0.006657,0.011737,17.184
regress-vlg_module_nonansi_time2_iv,VerihoggFormat,imported,True,0,ivtest,326,30,0.005108,0.006859,0.0129,19.816
regress-vlg_pr1699519_iv,VerihoggFormat,imported,True,0,ivtest,340,30,0.006236,0.005011,0.01253,20.199
regress-vlg_pr2991457_iv,VerihoggFormat,imported,True,0,ivtest,406,30,0.00483,0.006167,0.01185,17.824
regress-sv_implicitport1_iv,VerihoggFormat,imported,False,1,ivtest,438,30,0.006812,0.005211,0.013135,19.492
regress-sv_named_begin_iv,VerihoggFormat,imported,True,0,ivtest,96,30,0.003604,0.0079,0.011718,17.77
regress-sv_sv_export2_iv,VerihoggFormat,imported,True,0,ivtest,375,30,0.008605,0.002969,0.012883,19.43
regress-vlg_defparam35_iv,VerihoggFormat,imported,True,0,ivtest,2651,30,0.012631,0.0,0.019715,23.609
regress-vlg_par_mismatch_iv,VerihoggFormat,imported,False,0,ivtest,391,30,0.011319,0.0,0.012569,19.742
regress-vlg_rise_fall_delay1_iv,VerihoggFormat,imported,True,0,ivtest,1893,30,0.01013,0.005272,0.029927,28.066
regress-vlg_qmark6_iv,VerihoggFormat,imported,True,0,ivtest,1479,30,0.008846,0.002959,0.015489,19.395
regress-sv_br_gh508a_iv,VerihoggFormat,imported,True,0,ivtest,524,30,0.0,0.01152,0.013846,20.105
regress-sv_sv_macro3a_iv,VerihoggFormat,imported,False,1,ivtest,322,30,0.004471,0.007182,0.012393,19.828
regress-sv_generate_timeunit_iv,VerihoggFormat,imported,True,1,ivtest,235,30,0.00311,0.005107,0.007494,17.875
regress-vlg_rnpmos2_iv,VerihoggFormat,imported,True,0,ivtest,2272,30,0.00628,0.00559,0.016435,22.047
regress-vlg_pr2201909b_iv,VerihoggFormat,imported,True,0,ivtest,448,30,0.006111,0.004483,0.012728,19.777
regress-sv_br_gh366_iv,VerihoggFormat,imported,False,1,ivtest,136,30,0.002799,0.008168,0.011359,17.363
regress-synth_basicstate2_iv,VerihoggFormat,imported,True,0,ivtest,2131,30,0.008453,0.004125,0.018412,22.027
regress-vlg_constadd3_iv,VerihoggFormat,imported,True,0,ivtest,199,30,0.0,0.010949,0.011803,17.809
regress-vlg_pr2233192_iv,VerihoggFormat,imported,False,1,ivtest,744,30,0.005307,0.006742,0.013196,19.898
regress-vlg_repl_zero_wid_fail_iv,VerihoggFormat,imported,False,0,ivtest,131,30,0.008419,0.002945,0.011988,17.176
regress-vlg_function5_iv,VerihoggFormat,imported,True,0,ivtest,768,30,0.009783,0.004795,0.020609,25.82
regress-vlg_constfunc5_iv,VerihoggFormat,imported,True,0,ivtest,530,30,0.006685,0.005222,0.014614,20.191
regress-sv_sv_type_param1_iv,VerihoggFormat,imported,False,1,ivtest,455,30,0.007358,0.006097,0.015213,21.66
regress-vlg_pr2922063b_iv,VerihoggFormat,imported,True,0,ivtest,2084,30,0.001442,0.013074,0.023239,26.043
regress-sv_enum_compatibility_fail4_iv,VerihoggFormat,imported,False,0,ivtest,341,30,0.003475,0.007926,0.01232,19.988
regress-vlg_pr3098439_iv,VerihoggFormat,imported,True,0,ivtest,3375,30,0.007299,0.009414,0.031821,28.031
regress-vlg_select_iv,VerihoggFormat,imported,False,1,ivtest,1586,30,0.008119,0.004147,0.013682,19.93
regress-sv_sv_class_compat_fail3_iv,VerihoggFormat,imported,False,0,ivtest,455,30,0.004109,0.008079,0.012913,19.758
regress-vlg_pr1676836_iv,VerihoggFormat,imported,True,0,ivtest,317,30,0.007804,0.003657,0.012694,19.984
regress-vlg_pr2815398a_std_iv,VerihoggFormat,imported,True,0,ivtest,1605,30,0.008424,0.003943,0.018909,23.766
regress-vlg_pr3190941_iv,VerihoggFormat,imported,False,0,ivtest,154,30,0.001493,0.009822,0.012129,19.648
regress-sv_sv_queue_copy_empty2_iv,VerihoggFormat,imported,True,0,ivtest,303,30,0.003212,0.007852,0.012163,19.762
regress-sv_sv_class15_iv,VerihoggFormat,imported,True,0,ivtest,1060,30,0.011367,0.0,0.013855,19.824
regress-sv_sv_package5_iv,VerihoggFormat,imported,True,0,ivtest,473,30,0.003474,0.008112,0.013259,20.098
regress-vlg_pr1792734_iv,VerihoggFormat,imported,False,1,ivtest,1003,30,0.00403,0.007452,0.013553,22.113
regress-vlg_task_nonansi_fail1_iv,VerihoggFormat,imported,False,0,ivtest,254,30,0.010878,0.0,0.011827,17.457
regress-vlg_pr2051694_iv,VerihoggFormat,imported,False,0,ivtest,90,30,0.008138,0.002834,0.011652,17.289
regress-sv_sv_end_label_fail_iv,VerihoggFormat,imported,True,1,ivtest,935,30,0.0,0.008736,0.007833,19.375
regress-vlg_sdw_always3_iv,VerihoggFormat,imported,True,0,ivtest,3185,30,0.008149,0.004534,0.01886,24.199
regress-vlg_br_gh13_iv,VerihoggFormat,imported,True,0,ivtest,297,30,0.007316,0.003603,0.012287,19.258
regress-sv_br_ml20180309b_iv,VerihoggFormat,imported,True,0,ivtest,359,30,0.00504,0.006578,0.013263,20.129
regress-vlg_casez310B_iv,VerihoggFormat,imported,True,0,ivtest,1648,30,0.003699,0.008347,0.014657,19.91
regress-sv_sv_type_param4_iv,VerihoggFormat,imported,False,1,ivtest,504,30,0.001218,0.01249,0.015332,22.293
regress-sv_sv_assign_pattern_concat_iv,VerihoggFormat,imported,False,1,ivtest,663,30,0.00536,0.007866,0.015428,19.68
regress-vlg_blankport_iv,VerihoggFormat,imported,True,0,ivtest,1684,30,0.00974,0.001422,0.014173,19.832
regress-vlg_pr722_iv,VerihoggFormat,imported,True,0,ivtest,363,30,0.007632,0.003712,0.012668,19.969
regress-sv_package_vec_part_select_iv,VerihoggFormat,imported,True,0,ivtest,390,30,0.0,0.01125,0.012993,19.723
regress-vlg_cond_band_iv,VerihoggFormat,imported,True,0,ivtest,1096,30,0.0,0.011539,0.012121,19.891
regress-vlg_undef_lval_select3b_iv,VerihoggFormat,imported,False,0,ivtest,144,30,0.010644,0.0,0.011499,17.672
regress-vlg_inout2_iv,VerihoggFormat,imported,True,0,ivtest,899,30,0.004967,0.006496,0.014692,19.93
regress-sv_sv_var_init1_iv,VerihoggFormat,imported,True,0,ivtest,220,30,0.004816,0.006297,0.012445,19.684
regress-vlg_escape2c_iv,VerihoggFormat,imported,False,1,ivtest,456,30,0.011606,0.0,0.01246,19.809
regress-vlg_pr1793157_iv,VerihoggFormat,imported,True,0,ivtest,185,30,0.0,0.01068,0.011418,19.746
regress-vlg_pr511_iv,VerihoggFormat,imported,False,1,ivtest,3818,30,0.005409,0.011719,0.036622,27.543
regress-vlg_br_gh316a_iv,VerihoggFormat,imported,True,0,ivtest,511,30,0.005118,0.007823,0.016898,19.32
regress-vlg_br_gh127d_iv,VerihoggFormat,imported,True,0,ivtest,681,30,0.003825,0.00839,0.017105,22.113
regress-sv_sv_type_param6_iv,VerihoggFormat,imported,False,1,ivtest,1255,30,0.00122,0.013811,0.021034,26.023
regress-vlg_dangling_port_iv,VerihoggFormat,imported,True,0,ivtest,1324,30,0.010723,0.001487,0.013542,19.969
regress-sv_sv_class_new_typed_fail2_iv,VerihoggFormat,imported,False,0,ivtest,372,30,0.006429,0.004783,0.011766,18.066
regress-vlg_attrib02_port_decl_iv,VerihoggFormat,imported,True,0,ivtest,521,30,0.005233,0.007266,0.015035,19.508
regress-sv_logp2_iv,VerihoggFormat,imported,True,0,ivtest,852,30,0.007393,0.003673,0.014703,20.172
regress-vlg_pr3539372_iv,VerihoggFormat,imported,True,0,ivtest,177,30,0.007507,0.00303,0.010776,17.504
regress-vlg_pr820_iv,VerihoggFormat,imported,True,0,ivtest,1277,30,0.005641,0.006995,0.018878,23.75
regress-sv_sv_array_cassign_fail11_iv,VerihoggFormat,imported,False,0,ivtest,367,30,0.005245,0.006905,0.01264,17.672
regress-sv_br_gh1230_iv,VerihoggFormat,imported,True,0,ivtest,568,30,0.005095,0.006459,0.01382,19.625
regress-vlg_pr2139593_iv,VerihoggFormat,imported,True,0,ivtest,501,30,0.007996,0.003665,0.013831,20.012
regress-vlg_readmemh3_iv,VerihoggFormat,imported,True,0,ivtest,1695,30,0.008158,0.003579,0.015231,19.98
regress-vlg_pr1978358b_iv,VerihoggFormat,imported,True,0,ivtest,934,30,0.009162,0.002975,0.015019,19.418
regress-vlg_pr1690058_iv,VerihoggFormat,imported,True,0,ivtest,217,30,0.0014,0.009943,0.012331,19.867
regress-sv_cfunc_assign_op_pv_iv,VerihoggFormat,imported,True,0,ivtest,8076,30,0.015577,0.007695,0.065964,31.668
regress-sv_sv_type_param_fail1_iv,VerihoggFormat,imported,False,0,ivtest,255,30,0.010777,0.0,0.011744,17.254
regress-vlg_br918b_iv,VerihoggFormat,imported,True,0,ivtest,320,30,0.003271,0.00817,0.013208,19.496
regress-vlg_br_gh1174b_iv,VerihoggFormat,imported,False,0,ivtest,240,30,0.002739,0.008086,0.011621,17.676
regress-vlg_br_gh28_iv,VerihoggFormat,imported,True,0,ivtest,379,30,0.007716,0.003693,0.012503,19.777
regress-synth_case6_iv,VerihoggFormat,imported,False,1,ivtest,735,30,0.005185,0.00697,0.013542,19.887
regress-vlg_pr1695257_iv,VerihoggFormat,imported,True,0,ivtest,291,30,0.0051,0.00655,0.013668,19.23
regress-sv_br_gh289b_iv,VerihoggFormat,imported,True,0,ivtest,302,30,0.006085,0.005139,0.012358,19.816
regress-sv_sv_array_cassign3_iv,VerihoggFormat,imported,True,0,ivtest,276,30,0.0,0.010851,0.011777,17.23
regress-sv_br_gh281b_iv,VerihoggFormat,imported,True,0,ivtest,476,30,0.001403,0.010119,0.012699,19.621
regress-sv_sv_ps_function5_iv,VerihoggFormat,imported,False,1,ivtest,1303,30,0.004496,0.009532,0.020993,27.887
regress-vlg_escape2a_iv,VerihoggFormat,imported,False,1,ivtest,477,30,0.001191,0.010137,0.012439,19.359
regress-vlg_pv_wr_vec4a_nb_iv,VerihoggFormat,imported,False,1,ivtest,1922,30,0.007275,0.011289,0.026268,29.926
regress-vlg_wiremod1_iv,VerihoggFormat,imported,True,0,ivtest,1508,30,0.003832,0.007685,0.014076,20.027
regress-vlg_array_lval_select4a_iv,VerihoggFormat,imported,True,0,ivtest,2827,30,0.00979,0.004542,0.028861,26.07
regress-vlg_rl_pow_iv,VerihoggFormat,imported,True,0,ivtest,999,30,0.0,0.012512,0.016286,22.008
regress-vlg_task_nonansi_fail4_iv,VerihoggFormat,imported,False,0,ivtest,323,30,0.003994,0.008642,0.013211,18.016
regress-sv_sv_class20_iv,VerihoggFormat,imported,True,0,ivtest,646,30,0.005385,0.005694,0.012711,19.805
regress-vlg_wirexor1_iv,VerihoggFormat,imported,True,0,ivtest,1502,30,0.007983,0.003718,0.014611,20.133
regress-sv_fileline2_iv,VerihoggFormat,imported,False,1,ivtest,673,30,0.007895,0.00386,0.013244,20.164
regress-vlg_sscanf_z_iv,VerihoggFormat,imported,True,0,ivtest,452,30,0.003761,0.008201,0.013982,20.129
regress-vlg_pr3078759_iv,VerihoggFormat,imported,True,0,ivtest,99,30,0.003727,0.006402,0.010408,17.477
regress-vlg_force_release_wire8_pv_iv,VerihoggFormat,imported,False,1,ivtest,1654,30,0.003946,0.009274,0.016111,24.004
regress-vlg_wiresub1_iv,VerihoggFormat,imported,True,0,ivtest,1438,30,0.00133,0.011051,0.015304,19.496
regress-vlg_attrib_expr_iv,VerihoggFormat,imported,False,1,ivtest,2167,30,0.008978,0.004945,0.019126,25.883
regress-vlg_check_constant_9_iv,VerihoggFormat,imported,False,0,ivtest,264,30,0.00872,0.00304,0.013674,20.094
regress-sv_always_comb_trig_iv,VerihoggFormat,imported,True,0,ivtest,1295,30,0.005597,0.006944,0.01654,22.117
regress-sv_sv_class_new_typed2_iv,VerihoggFormat,imported,True,0,ivtest,454,30,0.002971,0.0085,0.012983,20.145
regress-vlg_tern6_iv,VerihoggFormat,imported,True,0,ivtest,1487,30,0.0,0.012005,0.014118,19.637
regress-vlg_macro2_iv,VerihoggFormat,imported,False,1,ivtest,208,30,0.00338,0.007642,0.011253,17.891
regress-sv_sv_sign_cast3_iv,VerihoggFormat,imported,False,1,ivtest,1946,30,0.011412,0.006594,0.027642,29.406
regress-sv_br_gh289d_iv,VerihoggFormat,imported,True,0,ivtest,228,30,0.0,0.011911,0.012913,19.992
regress-vlg_pr2937417b_iv,VerihoggFormat,imported,False,1,ivtest,2246,30,0.004878,0.009084,0.018392,26.301
regress-vlg_pr704_iv,VerihoggFormat,imported,True,0,ivtest,467,30,0.008514,0.003679,0.014184,19.801
regress-vlg_pr2722339a_iv,VerihoggFormat,imported,True,0,ivtest,1204,30,0.007162,0.005571,0.017702,22.094
regress-sv_enum_base_typename1_iv,VerihoggFormat,imported,True,0,ivtest,346,30,0.004984,0.006514,0.01247,19.445
regress-vlg_pr1934744_iv,VerihoggFormat,imported,False,1,ivtest,549,30,0.005293,0.006586,0.01422,19.914
regress-vlg_const3_iv,VerihoggFormat,imported,True,0,ivtest,1315,30,0.004471,0.007179,0.013984,19.473
regress-sv_task_init_var2_iv,VerihoggFormat,imported,True,0,ivtest,782,30,0.005024,0.006324,0.014947,19.828
regress-sv_two_state_display_iv,VerihoggFormat,imported,False,1,ivtest,834,30,0.004394,0.008172,0.014312,21.906
regress-synth_not_a_latch2_iv,VerihoggFormat,imported,False,1,ivtest,1612,30,0.006368,0.007487,0.017095,23.535
regress-vlg_signed13_iv,VerihoggFormat,imported,True,0,ivtest,496,30,0.004418,0.007431,0.013655,20.031
regress-vlg_pr532_iv,VerihoggFormat,imported,True,0,ivtest,2297,30,0.009022,0.004153,0.019472,23.746
regress-vlg_br_gh533_iv,VerihoggFormat,imported,False,0,ivtest,169,30,0.004859,0.006242,0.012187,19.805
regress-vlg_powproc_iv,VerihoggFormat,imported,True,0,ivtest,2593,30,0.00629,0.007946,0.025211,25.863
regress-sv_sf_isunknown_iv,VerihoggFormat,imported,True,0,ivtest,1566,30,0.008844,0.004348,0.018901,21.441
regress-vlg_pr2305307_iv,VerihoggFormat,imported,True,0,ivtest,1681,30,0.008708,0.004406,0.019049,24.043
regress-vlg_pr1792108_iv,VerihoggFormat,imported,True,0,ivtest,438,30,0.007129,0.005194,0.014814,19.598
regress-vlg_meminit2_iv,VerihoggFormat,imported,True,0,ivtest,1368,30,0.008205,0.003618,0.013363,19.98
regress-vlg_pr1688717_iv,VerihoggFormat,imported,True,0,ivtest,656,30,0.007542,0.003554,0.013142,19.668
regress-vlg_pr2395378b_iv,VerihoggFormat,imported,False,0,ivtest,39,30,0.007854,0.003428,0.011278,17.57
regress-vlg_wireadd1_iv,VerihoggFormat,imported,True,0,ivtest,1494,30,0.008131,0.003807,0.014858,19.441
regress-vlg_br_gh1174a_iv,VerihoggFormat,imported,True,1,ivtest,736,30,0.004437,0.003601,0.007612,19.238
regress-vlg_function1_iv,VerihoggFormat,imported,True,0,ivtest,1209,30,0.001308,0.009966,0.012689,19.98
regress-sv_enum_compatibility8_iv,VerihoggFormat,imported,True,0,ivtest,374,30,0.001493,0.010673,0.013422,20.219
regress-vlg_br_gh277a_iv,VerihoggFormat,imported,False,1,ivtest,350,30,0.007367,0.004096,0.012706,19.93
regress-sv_br_gh453_iv,VerihoggFormat,imported,True,0,ivtest,955,30,0.009334,0.002969,0.016315,19.695
regress-sv_br_gh289c_iv,VerihoggFormat,imported,True,0,ivtest,311,30,0.001446,0.009921,0.012937,19.906
regress-vlg_pr1639968_iv,VerihoggFormat,imported,True,0,ivtest,419,30,0.001328,0.010183,0.012907,20.059
regress-sv_enum_test4_iv,VerihoggFormat,imported,True,0,ivtest,124,30,0.004836,0.006157,0.011678,17.746
regress-vlg_tri1_iv,VerihoggFormat,imported,False,1,ivtest,1598,30,0.004393,0.006646,0.012249,19.918
regress-vlg_br999_iv,VerihoggFormat,imported,True,0,ivtest,156,30,0.004164,0.006836,0.011805,17.117
regress-sv_sv_class21_iv,VerihoggFormat,imported,True,0,ivtest,671,30,0.00369,0.008446,0.014405,19.984
regress-vlg_ptest006_iv,VerihoggFormat,imported,True,0,ivtest,1189,30,0.008217,0.003969,0.014396,20.094
regress-sv_enum_line_info_iv,VerihoggFormat,imported,False,0,ivtest,476,30,0.006911,0.004878,0.012905,19.918
regress-vlg_pr2848986_iv,VerihoggFormat,imported,False,0,ivtest,490,30,0.007805,0.003591,0.013034,19.574
regress-sv_sv_typedef_queue_base1_iv,VerihoggFormat,imported,True,0,ivtest,368,30,0.007162,0.003583,0.012171,19.938
regress-sv_sv_class_static_prop2_iv,VerihoggFormat,imported,True,0,ivtest,547,30,0.008981,0.002993,0.014092,20.164
regress-vlg_triand_iv,VerihoggFormat,imported,False,1,ivtest,1552,30,0.011984,0.002349,0.018145,25.273
regress-sv_br962_iv,VerihoggFormat,imported,True,0,ivtest,842,30,0.004546,0.007904,0.016222,19.91
regress-vlg_br_gh1178b_iv,VerihoggFormat,imported,False,1,ivtest,871,30,0.00513,0.006875,0.013708,20.301
regress-synth_basicexpr3_iv,VerihoggFormat,imported,True,0,ivtest,1436,30,0.00804,0.003763,0.014683,19.816
regress-vlg_real3_iv,VerihoggFormat,imported,False,1,ivtest,2438,30,0.003878,0.008474,0.014788,21.996
regress-sv_sf_onehot0_iv,VerihoggFormat,imported,True,0,ivtest,1336,30,0.005705,0.006974,0.017336,21.961
regress-sv_sv_var_module_input1_iv,VerihoggFormat,imported,False,1,ivtest,1007,30,0.00463,0.010763,0.018467,23.781
regress-vlg_disable36B_iv,VerihoggFormat,imported,True,0,ivtest,1882,30,0.008035,0.003811,0.015112,20.246
regress-sv_sv_queue3_iv,VerihoggFormat,imported,True,0,ivtest,1334,30,0.003573,0.007945,0.01321,19.664
regress-vlg_pr304_iv,VerihoggFormat,imported,False,1,ivtest,1043,30,0.008285,0.003349,0.011882,18.039
regress-synth_memsynth8_iv,VerihoggFormat,imported,False,1,ivtest,547,30,0.001424,0.010591,0.013494,19.219
regress-vlg_integer1lt_iv,VerihoggFormat,imported,True,0,ivtest,1591,30,0.00818,0.003866,0.015058,20.09
regress-vlg_block_only_with_var_def_iv,VerihoggFormat,imported,True,0,ivtest,177,30,0.004961,0.006357,0.012399,19.344
regress-vlg_pr3061015a_iv,VerihoggFormat,imported,False,0,ivtest,127,30,0.0034,0.008546,0.012152,17.504
regress-vlg_br_gh62_iv,VerihoggFormat,imported,False,0,ivtest,408,30,0.011966,0.0,0.014122,19.977
regress-sv_br932b_iv,VerihoggFormat,imported,True,0,ivtest,595,30,0.005231,0.007063,0.015634,20.09
regress-vlg_pr735_iv,VerihoggFormat,imported,True,0,ivtest,217,30,0.001728,0.00965,0.012448,19.574
regress-sv_size_cast5_iv,VerihoggFormat,imported,True,0,ivtest,2683,30,0.012092,0.002797,0.027935,27.793
regress-vlg_pr1913918b_iv,VerihoggFormat,imported,False,1,ivtest,264,30,0.004528,0.007341,0.012652,19.738
regress-vlg_fscanf_z_iv,VerihoggFormat,imported,True,0,ivtest,7938,30,0.007553,0.012299,0.046578,29.531
regress-sv_sv_export_fail4_iv,VerihoggFormat,imported,False,0,ivtest,471,30,0.003071,0.008248,0.012213,17.363
regress-vlg_pr1978358_iv,VerihoggFormat,imported,True,0,ivtest,934,30,0.001315,0.010401,0.014536,19.719
regress-sv_function10_iv,VerihoggFormat,imported,True,0,ivtest,1169,30,0.004505,0.006288,0.011159,17.344
regress-vlg_pr2190323_iv,VerihoggFormat,imported,True,0,ivtest,621,30,0.001478,0.010129,0.01269,19.465
regress-vlg_br967_iv,VerihoggFormat,imported,True,0,ivtest,212,30,0.004985,0.006855,0.012938,19.758
regress-vlg_task_mem_iv,VerihoggFormat,imported,True,0,ivtest,1398,30,0.005255,0.007276,0.015027,19.895
regress-vlg_pr2937417_iv,VerihoggFormat,imported,False,1,ivtest,1520,30,0.013012,0.0,0.015819,24.246
regress-sv_test_tliteral_iv,VerihoggFormat,imported,True,0,ivtest,1805,30,0.001494,0.012619,0.021312,24.195
regress-vlg_br605b_iv,VerihoggFormat,imported,True,0,ivtest,217,30,0.003634,0.008036,0.012917,20.141
regress-vlg_casex39E_iv,VerihoggFormat,imported,True,0,ivtest,1721,30,0.008381,0.00362,0.015618,19.629
regress-vlg_br_gh99h_iv,VerihoggFormat,imported,True,0,ivtest,271,30,0.007289,0.00396,0.013172,19.613
regress-vlg_pr1746848_iv,VerihoggFormat,imported,True,0,ivtest,285,30,0.00143,0.009589,0.012028,19.734
regress-vlg_initmod_iv,VerihoggFormat,imported,True,0,ivtest,2260,30,0.005556,0.006509,0.016941,21.953
regress-sv_sv_class_constructor_fail_iv,VerihoggFormat,imported,False,0,ivtest,237,30,0.005953,0.004376,0.0107,17.727
regress-vlg_pr938b_std_iv,VerihoggFormat,imported,True,0,ivtest,685,30,0.009616,0.001491,0.013598,19.938
regress-sv_sv_ap_struct1_iv,VerihoggFormat,imported,True,0,ivtest,512,30,0.004615,0.006682,0.012924,19.625
regress-sv_pr3390385d_iv,VerihoggFormat,imported,True,0,ivtest,762,30,0.002626,0.009861,0.0161,22.23
regress-vlg_pr1901125_iv,VerihoggFormat,imported,True,0,ivtest,306,30,0.007124,0.003401,0.011992,19.426
regress-vlg_pr3011327_iv,VerihoggFormat,imported,True,0,ivtest,883,30,0.00861,0.004227,0.017607,21.641
regress-sv_br_gh411_iv,VerihoggFormat,imported,True,0,ivtest,128,30,0.00494,0.007444,0.012649,18.031
regress-vlg_attrib09_case_iv,VerihoggFormat,imported,True,0,ivtest,531,30,0.006179,0.004945,0.013625,19.793
regress-vlg_br_gh99g_iv,VerihoggFormat,imported,True,0,ivtest,271,30,0.0,0.011431,0.012999,19.273
regress-vlg_pr245_iv,VerihoggFormat,imported,True,0,ivtest,370,30,0.007402,0.003522,0.012714,19.523
regress-sv_function11_iv,VerihoggFormat,imported,False,0,ivtest,986,30,0.004684,0.006444,0.011278,17.688
regress-vlg_automatic_error1_iv,VerihoggFormat,imported,True,1,ivtest,127,30,0.003921,0.00355,0.006894,17.805
regress-sv_scalar_vector_iv,VerihoggFormat,imported,True,0,ivtest,229,30,0.003365,0.008185,0.012084,17.512
regress-sv_sv_import_hier_fail1_iv,VerihoggFormat,imported,False,0,ivtest,400,30,0.011261,0.0,0.01209,20.059
regress-sv_sv_typedef_circular1_iv,VerihoggFormat,imported,False,0,ivtest,208,30,0.002914,0.007577,0.010854,17.473
regress-vlg_pr2913438a_iv,VerihoggFormat,imported,True,0,ivtest,563,30,0.008291,0.003948,0.015499,19.773
regress-vlg_attrib01_module_iv,VerihoggFormat,imported,True,0,ivtest,456,30,0.003873,0.007463,0.013284,19.754
regress-sv_sv_package_implicit_var2_iv,VerihoggFormat,imported,True,1,ivtest,179,30,0.004166,0.003001,0.00673,17.598
regress-sv_enum_base_fail_struct_iv,VerihoggFormat,imported,False,0,ivtest,229,30,0.003748,0.007659,0.012065,17.562
regress-sv_func_empty_arg2_iv,VerihoggFormat,imported,False,1,ivtest,580,30,0.003651,0.008453,0.013171,19.387
regress-vlg_macro_redefinition_iv,VerihoggFormat,imported,True,0,ivtest,104,30,0.004592,0.006539,0.010913,17.57
regress-vlg_pr2986528_iv,VerihoggFormat,imported,False,1,ivtest,1254,30,0.001538,0.010833,0.014204,22.297
regress-sv_task_nonansi_parray_fail_iv,VerihoggFormat,imported,False,0,ivtest,412,30,0.003061,0.007329,0.011276,19.578
regress-vlg_test_extended_iv,VerihoggFormat,imported,True,0,ivtest,2660,30,0.001572,0.012668,0.024341,26.0
regress-sv_sv_typedef_fwd_union_iv,VerihoggFormat,imported,False,1,ivtest,724,30,0.009476,0.005997,0.017643,22.137
regress-vlg_pr1353345_iv,VerihoggFormat,imported,True,0,ivtest,1138,30,0.005163,0.007324,0.016577,21.738
regress-sv_sv_class_new_init_iv,VerihoggFormat,imported,True,0,ivtest,367,30,0.007619,0.003529,0.012114,19.953
regress-sv_implicit_cast1_iv,VerihoggFormat,imported,True,0,ivtest,6331,30,0.014343,0.00519,0.046529,30.125
regress-vlg_br_gh244a_iv,VerihoggFormat,imported,True,0,ivtest,452,30,0.005425,0.007196,0.014753,20.172
regress-sv_sv_class_super3_iv,VerihoggFormat,imported,True,0,ivtest,578,30,0.0077,0.004118,0.013648,19.824
regress-vlg_recursive_func_const1_iv,VerihoggFormat,imported,True,0,ivtest,445,30,0.004375,0.007328,0.013856,19.66
regress-sv_sv_darray_assign1_iv,VerihoggFormat,imported,True,0,ivtest,589,30,0.007807,0.00334,0.012793,20.078
regress-vlg_ifdef_fail_iv,VerihoggFormat,imported,True,1,ivtest,101,30,0.004855,0.002691,0.006775,17.586
regress-sv_br_ml20181012b_iv,VerihoggFormat,imported,False,0,ivtest,43,30,0.006825,0.003378,0.010628,17.316
regress-vlg_pr538_iv,VerihoggFormat,imported,False,1,ivtest,1299,30,0.00844,0.003623,0.014944,20.012
regress-vlg_dcomp1_iv,VerihoggFormat,imported,True,0,ivtest,1253,30,0.004742,0.006616,0.013837,19.574
regress-vlg_pr1770199_iv,VerihoggFormat,imported,True,0,ivtest,259,30,0.00147,0.009859,0.011823,17.848
regress-vlg_pr2801134_iv,VerihoggFormat,imported,True,0,ivtest,1351,30,0.004437,0.008569,0.01856,24.004
regress-sv_br_gh527_iv,VerihoggFormat,imported,True,0,ivtest,428,30,0.008465,0.002976,0.013849,19.852
regress-vlg_pr2849783_iv,VerihoggFormat,imported,True,0,ivtest,722,30,0.008775,0.004202,0.018005,21.969
regress-synth_synth_if_no_else_iv,VerihoggFormat,imported,False,1,ivtest,656,30,0.00425,0.007277,0.012915,20.227
regress-sv_br_ml20191221_iv,VerihoggFormat,imported,True,0,ivtest,258,30,0.001335,0.010107,0.012723,20.09
regress-sv_sv_class_property_signed2_iv,VerihoggFormat,imported,True,0,ivtest,464,30,0.0,0.011696,0.013232,20.012
regress-sv_struct1_iv,VerihoggFormat,imported,True,0,ivtest,583,30,0.00371,0.007609,0.013675,20.133
regress-vlg_pr2138979_iv,VerihoggFormat,imported,False,1,ivtest,1161,30,0.008651,0.004379,0.015265,21.379
regress-vlg_ga_mod_iv,VerihoggFormat,imported,True,0,ivtest,1853,30,0.003926,0.008673,0.017708,21.844
regress-vlg_pr2395835_iv,VerihoggFormat,imported,True,0,ivtest,330,30,0.007742,0.003843,0.013457,20.227
regress-sv_enum_base_integer_iv,VerihoggFormat,imported,True,0,ivtest,296,30,0.001305,0.009665,0.01195,19.68
regress-vlg_task_bypath_iv,VerihoggFormat,imported,True,0,ivtest,1008,30,0.0,0.011492,0.011976,17.609
regress-sv_sv_var_block_iv,VerihoggFormat,imported,False,1,ivtest,881,30,0.010942,0.00543,0.022262,25.594
regress-vlg_udp_output_reg_iv,VerihoggFormat,imported,True,0,ivtest,529,30,0.00133,0.010418,0.013774,20.051
regress-sv_br_gh164a_iv,VerihoggFormat,imported,True,0,ivtest,821,30,0.003737,0.0104,0.019528,24.137
regress-sv_sv_end_label_iv,VerihoggFormat,imported,True,0,ivtest,905,30,0.0,0.012211,0.015547,19.363
regress-sv_pr3366217f_iv,VerihoggFormat,imported,True,0,ivtest,623,30,0.004094,0.006941,0.013237,20.012
regress-vlg_pr1936363_iv,VerihoggFormat,imported,True,0,ivtest,715,30,0.001491,0.010889,0.014396,20.152
regress-vlg_br955_iv,VerihoggFormat,imported,False,1,ivtest,2265,30,0.001522,0.013839,0.025526,27.867
regress-vlg_pow_ca_signed_iv,VerihoggFormat,imported,True,0,ivtest,793,30,0.004691,0.008402,0.016604,22.223
regress-vlg_extend_iv,VerihoggFormat,imported,True,0,ivtest,3197,30,0.001348,0.012265,0.020463,24.109
regress-vlg_pr183_iv,VerihoggFormat,imported,True,0,ivtest,270,30,0.008975,0.003101,0.013688,19.633
regress-vlg_pr3522653_iv,VerihoggFormat,imported,True,0,ivtest,289,30,0.007678,0.003506,0.012617,19.84
regress-vlg_array_select_a_iv,VerihoggFormat,imported,True,0,ivtest,4401,30,0.010189,0.006183,0.031523,27.684
regress-sv_sv_union2b_iv,VerihoggFormat,imported,True,0,ivtest,801,30,0.001279,0.009544,0.013726,20.09
regress-sv_assign_op_type_iv,VerihoggFormat,imported,True,0,ivtest,526,30,0.001314,0.010951,0.015366,20.188
regress-sv_named_begin_fail_iv,VerihoggFormat,imported,True,1,ivtest,95,30,0.004259,0.003524,0.007271,17.766
regress-vlg_constmult_iv,VerihoggFormat,imported,True,0,ivtest,1164,30,0.011813,0.0,0.013258,19.82
regress-vlg_always316C_iv,VerihoggFormat,imported,True,0,ivtest,3417,30,0.008831,0.004172,0.019384,23.562
regress-sv_sv_queue_function2_iv,VerihoggFormat,imported,True,0,ivtest,413,30,0.003575,0.007882,0.013424,19.984
regress-sv_sv_ap_parray_fail1_iv,VerihoggFormat,imported,False,0,ivtest,313,30,0.001501,0.009921,0.011992,17.711
regress-vlg_ptest007_iv,VerihoggFormat,imported,True,0,ivtest,1249,30,0.008932,0.002964,0.014238,20.242
regress-vlg_pr533_iv,VerihoggFormat,imported,True,0,ivtest,915,30,0.005153,0.007606,0.01632,19.805
regress-vlg_ga_or_iv,VerihoggFormat,imported,True,0,ivtest,1579,30,0.007789,0.003986,0.014766,20.074
regress-sv_struct_line_info_iv,VerihoggFormat,imported,False,0,ivtest,409,30,0.001455,0.009653,0.011553,17.496
regress-vlg_br_gh283c_iv,VerihoggFormat,imported,True,0,ivtest,380,30,0.00148,0.010632,0.014101,19.988
regress-vlg_br_gh99j_iv,VerihoggFormat,imported,True,0,ivtest,278,30,0.007795,0.003731,0.01316,20.016
regress-vlg_pr1565699b_iv,VerihoggFormat,imported,True,0,ivtest,745,30,0.006861,0.004967,0.01609,21.348
regress-vlg_pr578_iv,VerihoggFormat,imported,True,0,ivtest,411,30,0.007679,0.003975,0.013831,20.008
regress-vlg_array_lval_select3b_iv,VerihoggFormat,imported,False,0,ivtest,278,30,0.003443,0.011095,0.014082,17.398
regress-vlg_pr1862744a_iv,VerihoggFormat,imported,True,0,ivtest,2181,30,0.009671,0.004972,0.025004,25.789
regress-sv_br_gh386b_iv,VerihoggFormat,imported,True,0,ivtest,337,30,0.007678,0.003539,0.012879,20.031
regress-vlg_recursive_task_iv,VerihoggFormat,imported,True,0,ivtest,537,30,0.001483,0.010955,0.014602,19.984
regress-vlg_module_nonansi_fail7_iv,VerihoggFormat,imported,False,0,ivtest,241,30,0.004842,0.006035,0.01096,17.594
regress-vlg_unary_nor_iv,VerihoggFormat,imported,True,0,ivtest,1441,30,0.004852,0.006658,0.014418,19.621
regress-sv_sv_ap_struct4_iv,VerihoggFormat,imported,True,0,ivtest,630,30,0.008086,0.003284,0.013594,19.871
regress-sv_sv_typedef_darray_base2_iv,VerihoggFormat,imported,True,0,ivtest,481,30,0.005119,0.006295,0.013038,20.012
regress-vlg_casez310A_iv,VerihoggFormat,imported,True,0,ivtest,1702,30,0.008162,0.00417,0.015559,20.105
regress-vlg_memref_iv,VerihoggFormat,imported,True,0,ivtest,453,30,0.004348,0.006858,0.01309,20.023
regress-sv_br_gh177a_iv,VerihoggFormat,imported,True,0,ivtest,850,30,0.004412,0.007048,0.014863,20.164
regress-vlg_porttest3_iv,VerihoggFormat,imported,False,0,ivtest,1140,30,0.005064,0.007047,0.014895,19.879
regress-sv_enum_compatibility7_iv,VerihoggFormat,imported,True,0,ivtest,356,30,0.010977,0.0,0.012249,19.891
regress-vlg_sdw_task2_iv,VerihoggFormat,imported,True,0,ivtest,1313,30,0.004215,0.007177,0.013751,19.48
regress-vlg_mem1_iv,VerihoggFormat,imported,True,0,ivtest,1852,30,0.010263,0.001419,0.015211,19.797
regress-vlg_ldelay5_iv,VerihoggFormat,imported,True,0,ivtest,1347,30,0.004269,0.007567,0.013941,19.902
regress-vlg_pr2018235a_iv,VerihoggFormat,imported,False,1,ivtest,796,30,0.00286,0.008546,0.012669,20.129
regress-vlg_br_gh19a_iv,VerihoggFormat,imported,True,0,ivtest,306,30,0.011123,0.0,0.012363,19.594
regress-synth_basicexpr2_iv,VerihoggFormat,imported,True,0,ivtest,1439,30,0.008878,0.003692,0.015422,20.297
regress-sv_br_gh164b_iv,VerihoggFormat,imported,True,0,ivtest,821,30,0.008494,0.0044,0.018871,23.621
regress-sv_module_nonansi_parray_fail_iv,VerihoggFormat,imported,False,0,ivtest,398,30,0.007908,0.00276,0.011542,17.719
regress-vlg_pr1717361_iv,VerihoggFormat,imported,True,0,ivtest,386,30,0.003469,0.008353,0.014315,19.98
regress-vlg_pr1787423c_iv,VerihoggFormat,imported,False,1,ivtest,491,30,0.0,0.01156,0.012691,19.941
regress-vlg_pr1702593_iv,VerihoggFormat,imported,True,0,ivtest,145,30,0.007567,0.003707,0.011786,17.992
regress-vlg_pr1787394b_iv,VerihoggFormat,imported,True,0,ivtest,844,30,0.010451,0.001464,0.013833,19.969
regress-vlg_always311E_iv,VerihoggFormat,imported,True,0,ivtest,1455,30,0.007376,0.003931,0.013177,20.098
regress-sv_size_cast_fail2_iv,VerihoggFormat,imported,False,0,ivtest,222,30,0.0,0.011237,0.011516,17.863
regress-sv_br_gh388_iv,VerihoggFormat,imported,True,0,ivtest,637,30,0.006869,0.005271,0.014394,19.961
regress-sv_sv_class_compat1_iv,VerihoggFormat,imported,True,0,ivtest,354,30,0.004448,0.007968,0.0136,19.883
regress-sv_sv_darray2_iv,VerihoggFormat,imported,True,0,ivtest,1130,30,0.00844,0.004597,0.017565,22.148
regress-vlg_br_gh632c_iv,VerihoggFormat,imported,True,0,ivtest,519,30,0.005583,0.00678,0.016046,19.895
regress-vlg_pr2725700a_iv,VerihoggFormat,imported,True,0,ivtest,1331,30,0.003202,0.00905,0.016974,22.145
regress-vlg_pr1639064b_iv,VerihoggFormat,imported,True,0,ivtest,373,30,0.007511,0.003811,0.012807,19.918
regress-vlg_negvalue_iv,VerihoggFormat,imported,True,0,ivtest,177,30,0.008133,0.003439,0.012347,19.684
regress-vlg_pr245_std_iv,VerihoggFormat,imported,True,0,ivtest,368,30,0.005273,0.006515,0.013144,19.996
regress-vlg_pr136_iv,VerihoggFormat,imported,True,0,ivtest,2097,30,0.006486,0.004836,0.012939,19.941
regress-vlg_pr2715547_iv,VerihoggFormat,imported,True,0,ivtest,216,30,0.005092,0.006328,0.012849,19.602
regress-vlg_module_nonansi_fail11_iv,VerihoggFormat,imported,False,0,ivtest,226,30,0.004213,0.006824,0.011329,17.824
regress-vlg_pr1828642_iv,VerihoggFormat,imported,True,0,ivtest,630,30,0.00791,0.004079,0.015165,21.871
regress-vlg_casez310E_iv,VerihoggFormat,imported,False,1,ivtest,1674,30,0.001877,0.010016,0.013435,20.059
regress-vlg_pr3445452_iv,VerihoggFormat,imported,True,0,ivtest,671,30,0.011327,0.0,0.013783,19.828
regress-synth_basicexpr4_iv,VerihoggFormat,imported,True,0,ivtest,1428,30,0.004234,0.007712,0.014731,20.023
regress-vlg_escape3_iv,VerihoggFormat,imported,False,1,ivtest,1649,30,0.007464,0.003618,0.011393,20.051
regress-vlg_pr2138979c_iv,VerihoggFormat,imported,True,0,ivtest,778,30,0.001262,0.010516,0.015222,19.91
regress-sv_program3_iv,VerihoggFormat,imported,True,0,ivtest,643,30,0.005106,0.006629,0.013812,19.887
regress-vlg_pr1478121_iv,VerihoggFormat,imported,False,1,ivtest,778,30,0.007605,0.004139,0.013803,19.734
regress-vlg_pr2224845_iv,VerihoggFormat,imported,False,1,ivtest,510,30,0.004487,0.007681,0.013682,19.934
regress-sv_sv_ap_struct_fail1_iv,VerihoggFormat,imported,False,0,ivtest,323,30,0.001291,0.009325,0.011471,17.738
regress-vlg_pr2974216_iv,VerihoggFormat,imported,True,0,ivtest,1318,30,0.007608,0.003579,0.015397,22.059
regress-sv_program_hello_iv,VerihoggFormat,imported,True,0,ivtest,285,30,0.006249,0.004264,0.010771,17.57
regress-sv_sv_timeunit_prec2_iv,VerihoggFormat,imported,False,1,ivtest,2986,30,0.004638,0.010683,0.020037,27.961
regress-sv_enum_compatibility_fail1_iv,VerihoggFormat,imported,False,0,ivtest,320,30,0.001492,0.009577,0.011739,17.957
regress-vlg_br_gh127c_iv,VerihoggFormat,imported,True,0,ivtest,675,30,0.003659,0.008339,0.01661,21.902
regress-sv_br_gh72b_iv,VerihoggFormat,imported,False,1,ivtest,183,30,0.009147,0.002948,0.012495,20.0
regress-vlg_pr1570451_iv,VerihoggFormat,imported,False,1,ivtest,903,30,0.001354,0.010772,0.013755,20.07
regress-vlg_pr1693921_iv,VerihoggFormat,imported,False,1,ivtest,760,30,0.012177,0.0,0.01407,19.77
regress-sv_gh161a_iv,VerihoggFormat,imported,False,1,ivtest,950,30,0.004369,0.007566,0.014584,20.164
regress-vlg_string7_iv,VerihoggFormat,imported,True,0,ivtest,2093,30,0.01263,0.0,0.017391,21.551
regress-vlg_pr2146620_iv,VerihoggFormat,imported,True,0,ivtest,233,30,0.003711,0.008214,0.0134,19.949
regress-sv_task_nonansi_parray1_iv,VerihoggFormat,imported,True,0,ivtest,584,30,0.004469,0.007524,0.014755,19.523
regress-vlg_tern2_iv,VerihoggFormat,imported,True,0,ivtest,417,30,0.003463,0.008209,0.012894,19.691
regress-sv_br_gh801b_iv,VerihoggFormat,imported,True,0,ivtest,386,30,0.006658,0.005176,0.013623,19.422
regress-vlg_task_nonansi_vec1_iv,VerihoggFormat,imported,True,0,ivtest,372,30,0.001449,0.008994,0.011045,20.012
regress-vlg_always3111B_iv,VerihoggFormat,imported,True,0,ivtest,1538,30,0.007904,0.003542,0.013651,19.637
regress-vlg_pv_wr_vec4a_nb_ec_iv,VerihoggFormat,imported,False,1,ivtest,2031,30,0.007057,0.011485,0.027146,29.562
regress-sv_l_equiv_iv,VerihoggFormat,imported,True,0,ivtest,3995,30,0.012958,0.002849,0.03049,28.031
regress-sv_size_cast4_iv,VerihoggFormat,imported,True,0,ivtest,1535,30,0.001233,0.011685,0.019934,23.762
regress-vlg_meminit_iv,VerihoggFormat,imported,True,0,ivtest,1373,30,0.011,0.0,0.012412,19.844
regress-vlg_constfunc10_iv,VerihoggFormat,imported,True,0,ivtest,435,30,0.004893,0.006805,0.013585,19.859
regress-vlg_pr1087_iv,VerihoggFormat,imported,True,0,ivtest,1123,30,0.008712,0.00303,0.016198,21.934
regress-vlg_readmemb3_iv,VerihoggFormat,imported,True,0,ivtest,1687,30,0.01027,0.001765,0.015242,19.637
regress-vlg_constfunc4_iv,VerihoggFormat,imported,True,0,ivtest,1180,30,0.008349,0.003669,0.016766,22.16
regress-vlg_pr2909386b_iv,VerihoggFormat,imported,True,0,ivtest,6461,30,0.016003,0.001478,0.040722,27.816
regress-sv_sv_class_method_lt_static2_iv,VerihoggFormat,imported,True,1,ivtest,350,30,0.005853,0.001489,0.006715,17.703
regress-sv_sv_ps_function2_iv,VerihoggFormat,imported,True,0,ivtest,363,30,0.007416,0.00317,0.011617,20.16
regress-sv_sv_class10_iv,VerihoggFormat,imported,True,0,ivtest,845,30,0.005621,0.006712,0.014947,20.047
regress-vlg_pr2121536b_iv,VerihoggFormat,imported,True,0,ivtest,988,30,0.001192,0.010733,0.016902,21.859
regress-sv_sv_uwire3_iv,VerihoggFormat,imported,False,1,ivtest,769,30,0.012244,0.0,0.013864,20.168
regress-vlg_udp_x_iv,VerihoggFormat,imported,False,1,ivtest,2091,30,0.011036,0.002093,0.017567,21.699
regress-vlg_event_list_iv,VerihoggFormat,imported,False,1,ivtest,1953,30,0.008036,0.003726,0.013559,20.113
regress-sv_sv_ap_struct3_iv,VerihoggFormat,imported,True,0,ivtest,692,30,0.004619,0.007872,0.015121,19.984
regress-vlg_ptest005_iv,VerihoggFormat,imported,True,0,ivtest,1043,30,0.004097,0.007271,0.012499,19.949
regress-sv_br_gh498_iv,VerihoggFormat,imported,True,0,ivtest,757,30,0.0,0.012554,0.016614,21.93
regress-vlg_pr1510724_iv,VerihoggFormat,imported,True,0,ivtest,856,30,0.004665,0.008284,0.01632,20.145
regress-vlg_always3112B_iv,VerihoggFormat,imported,True,0,ivtest,1751,30,0.001443,0.009815,0.014131,20.191
regress-vlg_check_constant_15_iv,VerihoggFormat,imported,False,0,ivtest,264,30,0.0,0.011784,0.013687,20.059
regress-vlg_pr848_iv,VerihoggFormat,imported,True,0,ivtest,376,30,0.007787,0.003621,0.013109,20.09
regress-vlg_pr1883052_iv,VerihoggFormat,imported,True,0,ivtest,553,30,0.00377,0.008145,0.013978,19.84
regress-sv_module_nonansi_struct_fail_iv,VerihoggFormat,imported,False,0,ivtest,409,30,0.005019,0.006433,0.012537,19.793
regress-sv_br_gh374_iv,VerihoggFormat,imported,False,1,ivtest,217,30,0.004146,0.007002,0.011854,17.492
regress-vlg_varrshft_iv,VerihoggFormat,imported,True,0,ivtest,2715,30,0.005985,0.007883,0.022389,23.918
regress-vlg_select8_iv,VerihoggFormat,imported,False,1,ivtest,770,30,0.001436,0.01067,0.013993,19.531
regress-vlg_addsr_iv,VerihoggFormat,imported,True,0,ivtest,1253,30,0.00517,0.006493,0.01315,19.695
regress-vlg_check_constant_17_iv,VerihoggFormat,imported,False,0,ivtest,264,30,0.005239,0.00668,0.013882,20.039
regress-vlg_pr556_iv,VerihoggFormat,imported,True,0,ivtest,442,30,0.008615,0.002954,0.012394,19.859
regress-vlg_br_gh621_iv,VerihoggFormat,imported,True,0,ivtest,1169,30,0.008602,0.004435,0.018895,22.098
regress-vlg_br990_iv,VerihoggFormat,imported,True,0,ivtest,244,30,0.001419,0.01005,0.012996,19.816
regress-sv_program4_iv,VerihoggFormat,imported,True,0,ivtest,540,30,0.00757,0.003824,0.013556,19.715
regress-sv_br_gh226_iv,VerihoggFormat,imported,True,0,ivtest,260,30,0.004813,0.006671,0.012769,19.988
regress-sv_struct10_iv,VerihoggFormat,imported,False,1,ivtest,818,30,0.009386,0.003141,0.016748,21.883
regress-vlg_pr2924354_iv,VerihoggFormat,imported,True,0,ivtest,302,30,0.0,0.01136,0.012737,19.438
regress-vlg_pr1698820_iv,VerihoggFormat,imported,True,0,ivtest,527,30,0.0,0.011807,0.013734,20.031
regress-vlg_delay5_iv,VerihoggFormat,imported,False,1,ivtest,1284,30,0.00533,0.007073,0.014504,19.777
regress-sv_automatic_error16_iv,VerihoggFormat,imported,False,0,ivtest,354,30,0.0,0.011412,0.01213,17.988
regress-vlg_automatic_error5_iv,VerihoggFormat,imported,True,1,ivtest,141,30,0.004591,0.003627,0.007689,17.473
regress-vlg_def_nettype_iv,VerihoggFormat,imported,True,0,ivtest,10825,30,0.021152,0.00496,0.080916,33.434
regress-vlg_module_nonansi_fail2_iv,VerihoggFormat,imported,False,0,ivtest,187,30,0.004828,0.006389,0.011327,17.625
regress-vlg_br_gh1178a_iv,VerihoggFormat,imported,False,0,ivtest,541,30,0.005534,0.006029,0.013364,19.797
regress-vlg_assign_neq_iv,VerihoggFormat,imported,True,0,ivtest,1484,30,0.005631,0.006833,0.015322,19.633
regress-vlg_function7_iv,VerihoggFormat,imported,True,0,ivtest,704,30,0.007464,0.003503,0.012928,19.875
regress-vlg_pr707_iv,VerihoggFormat,imported,True,0,ivtest,502,30,0.00396,0.007297,0.014058,19.492
regress-sv_sshortint_test_iv,VerihoggFormat,imported,True,0,ivtest,11560,30,0.01619,0.003749,0.049414,30.094
regress-sv_enum_test2_iv,VerihoggFormat,imported,True,0,ivtest,186,30,0.003648,0.007734,0.011925,17.707
regress-vlg_disblock_iv,VerihoggFormat,imported,True,0,ivtest,1202,30,0.011429,0.0,0.012675,19.977
regress-sv_br_gh112f_iv,VerihoggFormat,imported,True,0,ivtest,1018,30,0.00879,0.004322,0.01962,23.406
regress-sv_br_gh280_iv,VerihoggFormat,imported,True,0,ivtest,433,30,0.003838,0.007721,0.013321,20.152
regress-vlg_br947_iv,VerihoggFormat,imported,True,0,ivtest,658,30,0.008089,0.004007,0.014926,20.094
regress-vlg_pr1008_iv,VerihoggFormat,imported,False,1,ivtest,462,30,0.001486,0.010145,0.01212,19.773
regress-vlg_pr1867161a_iv,VerihoggFormat,imported,True,0,ivtest,605,30,0.012452,0.0,0.013779,19.957
regress-vlg_pr584_iv,VerihoggFormat,imported,True,0,ivtest,557,30,0.007325,0.003702,0.012209,19.762
regress-vlg_pr564_iv,VerihoggFormat,imported,True,0,ivtest,1359,30,0.004144,0.007657,0.013964,19.637
regress-sv_br_ml20171017_iv,VerihoggFormat,imported,True,0,ivtest,238,30,0.0,0.012386,0.013682,19.84
regress-sv_genvar_compressed_iv,VerihoggFormat,imported,False,1,ivtest,2192,30,0.011968,0.006686,0.027167,30.004
regress-vlg_pr675_iv,VerihoggFormat,imported,True,0,ivtest,314,30,0.004167,0.0075,0.013504,19.852
regress-synth_ssetclr2_iv,VerihoggFormat,imported,False,1,ivtest,1618,30,0.004067,0.008697,0.015913,23.973
regress-vlg_contrib84_iv,VerihoggFormat,imported,True,0,ivtest,981,30,0.003047,0.008422,0.012028,17.941
regress-sv_struct8_iv,VerihoggFormat,imported,True,0,ivtest,570,30,0.004888,0.006462,0.01407,19.875
regress-sv_sv_class_property_signed4_iv,VerihoggFormat,imported,True,0,ivtest,525,30,0.004458,0.007323,0.013741,19.562
regress-sv_sv_macro3b_iv,VerihoggFormat,imported,False,1,ivtest,324,30,0.0,0.011789,0.012439,19.949
regress-sv_br_gh105b_iv,VerihoggFormat,imported,False,1,ivtest,346,30,0.004415,0.007468,0.013422,20.047
regress-sv_always_latch_warn_iv,VerihoggFormat,imported,True,0,ivtest,1437,30,0.0,0.012717,0.018825,24.109
regress-vlg_pr1492075_iv,VerihoggFormat,imported,True,0,ivtest,825,30,0.00441,0.00742,0.013963,20.203
regress-vlg_wait3_iv,VerihoggFormat,imported,True,0,ivtest,799,30,0.004399,0.007725,0.015655,20.035
regress-sv_sv_darray_oob_vec2_iv,VerihoggFormat,imported,True,0,ivtest,341,30,0.006443,0.004824,0.012399,19.832
regress-sv_module_nonansi_enum1_iv,VerihoggFormat,imported,True,0,ivtest,391,30,0.003775,0.008441,0.013109,19.848
regress-sv_clkgen_net_iv,VerihoggFormat,imported,True,0,ivtest,684,30,0.002584,0.008625,0.012659,19.902
regress-sv_sv_string6_iv,VerihoggFormat,imported,True,0,ivtest,1062,30,0.008687,0.004327,0.016999,22.172
regress-vlg_pr1691709_iv,VerihoggFormat,imported,True,0,ivtest,196,30,0.008196,0.003239,0.012459,19.961
regress-vlg_pr2305307b_iv,VerihoggFormat,imported,True,0,ivtest,1692,30,0.010896,0.002177,0.018686,24.254
regress-vlg_pr2815398a_iv,VerihoggFormat,imported,True,0,ivtest,1609,30,0.004272,0.008139,0.018715,23.785
regress-vlg_always314A_iv,VerihoggFormat,imported,True,0,ivtest,1098,30,0.004366,0.007002,0.012121,17.672
regress-vlg_param_mod_iv,VerihoggFormat,imported,True,0,ivtest,1099,30,0.008139,0.00287,0.011606,17.758
regress-vlg_task314D_iv,VerihoggFormat,imported,True,0,ivtest,1722,30,0.007717,0.003644,0.01517,19.285
regress-sv_sv_ps_member_sel1_iv,VerihoggFormat,imported,True,0,ivtest,398,30,0.001441,0.010066,0.012511,19.348
regress-vlg_pr2937417c_iv,VerihoggFormat,imported,False,1,ivtest,2246,30,0.002764,0.011124,0.018062,26.137
regress-vlg_pr2201909_iv,VerihoggFormat,imported,True,0,ivtest,434,30,0.004468,0.007577,0.014092,19.906
regress-sv_sv_typedef_chained_iv,VerihoggFormat,imported,False,1,ivtest,844,30,0.010561,0.005115,0.020548,25.516
regress-vlg_wirege_iv,VerihoggFormat,imported,True,0,ivtest,1536,30,0.005205,0.006485,0.014794,20.141
regress-synth_case7_iv,VerihoggFormat,imported,False,1,ivtest,1015,30,0.00806,0.003456,0.013102,19.551
regress-vlg_pr1992729_iv,VerihoggFormat,imported,False,1,ivtest,677,30,0.001495,0.011178,0.013774,19.996
regress-vlg_test_notif1_iv,VerihoggFormat,imported,True,0,ivtest,3804,30,0.007287,0.008223,0.029226,26.016
regress-vlg_pr2969724_iv,VerihoggFormat,imported,False,1,ivtest,671,30,0.007986,0.003972,0.013296,19.75
regress-sv_sv_var_module_output1_iv,VerihoggFormat,imported,False,1,ivtest,1349,30,0.004527,0.010754,0.020537,25.965
regress-sv_sv_queue_parray_bounded_iv,VerihoggFormat,imported,False,1,ivtest,2383,30,0.012188,0.001255,0.022491,26.035
regress-vlg_always314I_iv,VerihoggFormat,imported,False,1,ivtest,1670,30,0.011286,0.0,0.013115,19.77
regress-vlg_event_list2_iv,VerihoggFormat,imported,False,1,ivtest,2072,30,0.001479,0.011482,0.015133,19.996
regress-sv_br_gh412_iv,VerihoggFormat,imported,True,0,ivtest,283,30,0.007325,0.003685,0.01233,19.973
regress-vlg_constfunc6_iv,VerihoggFormat,imported,True,0,ivtest,1167,30,0.008465,0.004181,0.01837,22.02
regress-sv_sv_queue_method_signed4_iv,VerihoggFormat,imported,True,0,ivtest,736,30,0.004559,0.007737,0.014447,20.227
regress-sv_sv_queue_string_bounded_iv,VerihoggFormat,imported,False,1,ivtest,2609,30,0.009654,0.004903,0.025057,25.992
regress-sv_sv_class_method_default2_iv,VerihoggFormat,imported,False,1,ivtest,966,30,0.001454,0.01439,0.022697,25.438
regress-sv_sv_uwire1_iv,VerihoggFormat,imported,False,1,ivtest,666,30,0.007881,0.003625,0.012675,19.578
regress-vlg_hierspace_iv,VerihoggFormat,imported,True,0,ivtest,1372,30,0.012634,0.0,0.014298,19.766
regress-vlg_attrib03_parameter_iv,VerihoggFormat,imported,True,0,ivtest,576,30,0.004019,0.007273,0.014335,19.738
regress-vlg_pr3149494_iv,VerihoggFormat,imported,True,0,ivtest,190,30,0.007893,0.003654,0.012793,19.984
regress-vlg_pr2470181b_iv,VerihoggFormat,imported,False,1,ivtest,616,30,0.002943,0.008876,0.013457,19.766
regress-sv_sbyte_test_iv,VerihoggFormat,imported,True,0,ivtest,10299,30,0.008695,0.011896,0.046815,29.902
regress-vlg_int_not_signext_iv,VerihoggFormat,imported,True,0,ivtest,558,30,0.004722,0.007072,0.013793,20.027
regress-vlg_pr1694413_iv,VerihoggFormat,imported,True,0,ivtest,267,30,0.001426,0.009908,0.012253,19.871
regress-sv_sv_package_implicit_var1_iv,VerihoggFormat,imported,True,1,ivtest,173,30,0.003844,0.003252,0.006582,17.52
regress-sv_pv_wr_vec2_nb_iv,VerihoggFormat,imported,False,1,ivtest,1788,30,0.007708,0.010039,0.024454,29.91
regress-sv_br_gh130a_iv,VerihoggFormat,imported,False,0,ivtest,123,30,0.00135,0.010009,0.011855,17.59
regress-sv_enum_compatibility3_iv,VerihoggFormat,imported,True,0,ivtest,442,30,0.004441,0.005964,0.011782,20.004
regress-vlg_pr699_iv,VerihoggFormat,imported,False,1,ivtest,509,30,0.008217,0.003184,0.012042,20.004
regress-vlg_pow_unsigned_iv,VerihoggFormat,imported,True,0,ivtest,1006,30,0.001483,0.011543,0.015034,19.992
regress-vlg_br_gh162_iv,VerihoggFormat,imported,True,0,ivtest,184,30,0.003958,0.006956,0.011626,19.789
regress-vlg_sdw_always2_iv,VerihoggFormat,imported,True,0,ivtest,3036,30,0.008454,0.004259,0.018483,22.227
regress-vlg_br_gh99r_iv,VerihoggFormat,imported,True,0,ivtest,274,30,0.005255,0.006394,0.01291,19.289
regress-vlg_string14_iv,VerihoggFormat,imported,False,1,ivtest,664,30,0.001466,0.012957,0.017303,24.039
regress-vlg_check_constant_13_iv,VerihoggFormat,imported,False,0,ivtest,264,30,0.007428,0.004321,0.013616,20.031
regress-vlg_pr1603918_iv,VerihoggFormat,imported,False,1,ivtest,1663,30,0.007042,0.005593,0.014962,24.086
regress-sv_br_gh386d_iv,VerihoggFormat,imported,True,0,ivtest,299,30,0.006955,0.003722,0.012132,19.281
regress-vlg_const_iv,VerihoggFormat,imported,False,1,ivtest,1643,30,0.007906,0.00432,0.013559,19.945
regress-vlg_br930_iv,VerihoggFormat,imported,True,0,ivtest,713,30,0.00605,0.005126,0.014587,19.789
regress-sv_sv_ps_type_expr1_iv,VerihoggFormat,imported,False,1,ivtest,461,30,0.009747,0.003766,0.014957,21.773
regress-sv_pr3366217h_iv,VerihoggFormat,imported,True,0,ivtest,1779,30,0.008335,0.004718,0.018662,24.102
regress-vlg_fork1_iv,VerihoggFormat,imported,True,0,ivtest,1361,30,0.004979,0.006675,0.013784,19.988
regress-sv_br_ml20181012a_iv,VerihoggFormat,imported,False,0,ivtest,44,30,0.004716,0.006212,0.010994,17.574
regress-vlg_disp_part_iv,VerihoggFormat,imported,True,0,ivtest,1207,30,0.007856,0.003661,0.013271,19.988
regress-synth_inside_synth2_iv,VerihoggFormat,imported,False,1,ivtest,1278,30,0.004256,0.008612,0.015897,23.523
regress-sv_sv_string7_iv,VerihoggFormat,imported,True,0,ivtest,1333,30,0.005736,0.006984,0.017131,21.672
regress-vlg_always314C_iv,VerihoggFormat,imported,False,1,ivtest,1775,30,0.005979,0.005117,0.013051,19.969
regress-vlg_pr3592746_iv,VerihoggFormat,imported,True,0,ivtest,495,30,0.007766,0.003212,0.013361,19.496
regress-vlg_undef_lval_select4a_iv,VerihoggFormat,imported,True,0,ivtest,2522,30,0.001223,0.012067,0.021229,23.391
regress-sv_enum_compatibility_fail6_iv,VerihoggFormat,imported,False,0,ivtest,308,30,0.00442,0.006727,0.012037,17.609
regress-sv_br1003a_iv,VerihoggFormat,imported,True,0,ivtest,474,30,0.008718,0.002947,0.014354,19.773
regress-sv_task_port_types1_iv,VerihoggFormat,imported,True,0,ivtest,769,30,0.003689,0.007956,0.015309,19.898
regress-synth_blocksynth3_iv,VerihoggFormat,imported,False,1,ivtest,1318,30,0.004674,0.007804,0.014239,21.77
regress-vlg_pr1992244_iv,VerihoggFormat,imported,True,0,ivtest,267,30,0.008051,0.003632,0.012646,19.633
regress-vlg_force_release_wire_pv_iv,VerihoggFormat,imported,False,1,ivtest,1655,30,0.008331,0.00434,0.015141,24.141
regress-sv_sv_typedef_array_base4_iv,VerihoggFormat,imported,True,0,ivtest,475,30,0.007941,0.004629,0.014047,19.773
regress-sv_struct_packed_darray_fail_iv,VerihoggFormat,imported,False,0,ivtest,199,30,0.004193,0.006859,0.011647,17.375
regress-sv_edge_iv,VerihoggFormat,imported,True,0,ivtest,1905,30,0.012571,0.0,0.020433,24.145
regress-vlg_pr528_iv,VerihoggFormat,imported,False,1,ivtest,311,30,0.007131,0.003358,0.011793,19.809
regress-sv_sv_union3b_iv,VerihoggFormat,imported,True,0,ivtest,729,30,0.008257,0.002942,0.013525,20.227
regress-vlg_pr2597278_iv,VerihoggFormat,imported,True,0,ivtest,526,30,0.004162,0.007735,0.014491,19.527
regress-sv_sv_darray_assign2_iv,VerihoggFormat,imported,True,0,ivtest,779,30,0.007798,0.004065,0.015497,19.504
regress-vlg_signed10_iv,VerihoggFormat,imported,True,0,ivtest,1070,30,0.004339,0.007028,0.012418,20.203
regress-sv_sv_void_cast2_iv,VerihoggFormat,imported,True,0,ivtest,604,30,0.004605,0.007364,0.014643,19.688
regress-vlg_pr2019553_iv,VerihoggFormat,imported,False,1,ivtest,482,30,0.005069,0.006492,0.012662,19.379
regress-vlg_pr1990029_iv,VerihoggFormat,imported,True,0,ivtest,1064,30,0.00405,0.008335,0.016552,21.66
regress-sv_sv_var_init2_iv,VerihoggFormat,imported,True,0,ivtest,253,30,0.009952,0.001384,0.012773,19.828
regress-vlg_param_binv_iv,VerihoggFormat,imported,True,0,ivtest,1120,30,0.006078,0.004429,0.011021,17.445
regress-vlg_pr2728547_iv,VerihoggFormat,imported,True,0,ivtest,936,30,0.009277,0.00276,0.015801,19.422
regress-vlg_pr527_iv,VerihoggFormat,imported,True,0,ivtest,2504,30,0.001448,0.011792,0.020589,23.902
regress-sv_pr3366114_iv,VerihoggFormat,imported,True,0,ivtest,718,30,0.004342,0.007138,0.013586,19.582
regress-vlg_pr872_iv,VerihoggFormat,imported,False,1,ivtest,342,30,0.004429,0.00653,0.011104,19.961
regress-sv_sv_unpacked_port_iv,VerihoggFormat,imported,False,1,ivtest,890,30,0.007679,0.004151,0.01407,22.086
regress-vlg_pr3534422_iv,VerihoggFormat,imported,True,0,ivtest,358,30,0.005092,0.006589,0.014001,19.504
regress-sv_pr3576165_iv,VerihoggFormat,imported,True,0,ivtest,741,30,0.004531,0.007048,0.014694,19.812
regress-sv_timeliteral_iv,VerihoggFormat,imported,True,0,ivtest,4125,30,0.004754,0.008678,0.023391,25.531
regress-sv_sv_var_module_output2_iv,VerihoggFormat,imported,False,1,ivtest,1359,30,0.006143,0.008816,0.0199,25.879
regress-vlg_always311F_iv,VerihoggFormat,imported,True,0,ivtest,1472,30,0.003627,0.007927,0.013025,19.863
regress-vlg_ptest011_iv,VerihoggFormat,imported,True,0,ivtest,1436,30,0.005457,0.007023,0.017113,21.328
regress-sv_pv_wr_vec2_nb_ec_iv,VerihoggFormat,imported,False,1,ivtest,1895,30,0.015501,0.002087,0.024601,29.602
regress-vlg_tranif0_iv,VerihoggFormat,imported,True,0,ivtest,5670,30,0.005268,0.013676,0.047397,30.09
regress-vlg_br918c_iv,VerihoggFormat,imported,True,0,ivtest,442,30,0.00857,0.003116,0.014409,19.988
regress-sv_sv_foreach8_iv,VerihoggFormat,imported,True,0,ivtest,379,30,0.003974,0.006817,0.011864,19.988
regress-vlg_br_gh531_iv,VerihoggFormat,imported,True,0,ivtest,1179,30,0.011352,0.001234,0.019338,24.016
regress-vlg_time2_iv,VerihoggFormat,imported,True,0,ivtest,1469,30,0.001269,0.010576,0.014669,20.102
regress-vlg_always313B2_iv,VerihoggFormat,imported,True,0,ivtest,1453,30,0.0,0.011162,0.012375,19.66
regress-vlg_nb_ec_multi_ev_iv,VerihoggFormat,imported,False,1,ivtest,981,30,0.014985,0.0,0.019744,30.074
regress-vlg_pr1455873_iv,VerihoggFormat,imported,False,1,ivtest,269,30,0.001266,0.010143,0.011985,19.961
regress-vlg_pr3064375_iv,VerihoggFormat,imported,True,0,ivtest,512,30,0.008162,0.003844,0.014493,20.055
regress-vlg_sched1_iv,VerihoggFormat,imported,True,0,ivtest,1577,30,0.008339,0.002981,0.013971,19.754
regress-vlg_pr2715558b_iv,VerihoggFormat,imported,True,0,ivtest,2817,30,0.005018,0.009449,0.022954,23.82
regress-sv_sv_class13_iv,VerihoggFormat,imported,True,0,ivtest,1225,30,0.008132,0.003527,0.015143,19.977
regress-vlg_pr1101_iv,VerihoggFormat,imported,True,0,ivtest,467,30,0.008193,0.003921,0.014652,20.188
regress-vlg_pr1603313_iv,VerihoggFormat,imported,True,0,ivtest,1485,30,0.004325,0.008139,0.017218,22.07
regress-vlg_pr1695309_iv,VerihoggFormat,imported,False,1,ivtest,554,30,0.005457,0.007571,0.014336,19.82
regress-vlg_always317A_iv,VerihoggFormat,imported,True,0,ivtest,1766,30,0.007683,0.003889,0.014316,20.055
regress-sv_sv_queue_assign_fail1_iv,VerihoggFormat,imported,False,0,ivtest,286,30,0.004697,0.006587,0.011481,18.164
regress-vlg_lh_varindx4_iv,VerihoggFormat,imported,False,1,ivtest,1546,30,0.011574,0.0,0.012581,19.883
regress-vlg_sdw_task1_iv,VerihoggFormat,imported,True,0,ivtest,1302,30,0.00525,0.006429,0.013272,19.699
regress-sv_task_init_assign_iv,VerihoggFormat,imported,True,0,ivtest,428,30,0.0,0.011492,0.012971,19.789
regress-vlg_eeq_iv,VerihoggFormat,imported,True,0,ivtest,1782,30,0.004183,0.008685,0.017514,21.789
regress-vlg_pr2202846c_iv,VerihoggFormat,imported,False,1,ivtest,1397,30,0.00452,0.008625,0.015724,21.992
regress-vlg_pr1474283_iv,VerihoggFormat,imported,True,0,ivtest,716,30,0.004849,0.007054,0.015229,19.938
regress-sv_sv_ps_method1_iv,VerihoggFormat,imported,False,1,ivtest,857,30,0.005438,0.008521,0.017814,24.094
regress-sv_sv_foreach2_iv,VerihoggFormat,imported,True,0,ivtest,1949,30,0.004312,0.008811,0.01867,24.09
regress-sv_sv_queue_vec_fail_iv,VerihoggFormat,imported,True,1,ivtest,326,30,0.001444,0.010287,0.013388,19.926
regress-sv_sv_end_labels_iv,VerihoggFormat,imported,True,0,ivtest,329,30,0.009408,0.001476,0.011404,17.719
regress-sv_assign_op_real_array_iv,VerihoggFormat,imported,True,0,ivtest,575,30,0.008023,0.003451,0.014405,19.73
regress-sv_br_gh167b_iv,VerihoggFormat,imported,True,0,ivtest,227,30,0.004128,0.006815,0.011786,17.902
regress-sv_sv_darray_signed_iv,VerihoggFormat,imported,True,0,ivtest,596,30,0.008081,0.003791,0.015219,19.551
regress-sv_br_ml20180309a_iv,VerihoggFormat,imported,True,0,ivtest,361,30,0.004839,0.006519,0.013887,19.734
regress-sv_unp_array_typedef_iv,VerihoggFormat,imported,True,0,ivtest,5035,30,0.008369,0.00723,0.02756,27.629
regress-vlg_genloop_iv,VerihoggFormat,imported,False,1,ivtest,916,30,0.004142,0.007859,0.013816,21.848
regress-vlg_casez310C_iv,VerihoggFormat,imported,True,0,ivtest,1666,30,0.008517,0.004075,0.015314,19.973
regress-vlg_sdf4_iv,VerihoggFormat,imported,True,0,ivtest,529,30,0.00768,0.004698,0.014333,20.074
regress-vlg_pr1574175_iv,VerihoggFormat,imported,True,0,ivtest,352,30,0.009466,0.002671,0.012802,19.938
regress-sv_localparam_type2_iv,VerihoggFormat,imported,True,0,ivtest,6398,30,0.016872,0.003887,0.051147,30.086
regress-vlg_real_logical_iv,VerihoggFormat,imported,True,0,ivtest,5829,30,0.00653,0.011244,0.035563,27.621
regress-vlg_pr3054101d_iv,VerihoggFormat,imported,True,0,ivtest,8832,30,0.012791,0.008175,0.055969,29.965
regress-vlg_br_gh827_iv,VerihoggFormat,imported,True,0,ivtest,300,30,0.004183,0.007071,0.012238,20.203
regress-vlg_pr2350934_iv,VerihoggFormat,imported,False,1,ivtest,964,30,0.005244,0.007319,0.014032,20.031
regress-sv_sv_void_cast_fail3_iv,VerihoggFormat,imported,False,0,ivtest,125,30,0.0,0.01091,0.011537,17.289
regress-vlg_br1001_iv,VerihoggFormat,imported,True,0,ivtest,228,30,0.0,0.011948,0.012975,19.777
regress-sv_pr3534333_iv,VerihoggFormat,imported,True,0,ivtest,448,30,0.005102,0.006665,0.014275,19.473
regress-vlg_patch1268_iv,VerihoggFormat,imported,True,0,ivtest,478,30,0.008054,0.003584,0.014399,20.125
regress-vlg_pr1795005a_iv,VerihoggFormat,imported,True,0,ivtest,410,30,0.001238,0.010297,0.014497,19.719
regress-vlg_pr1924845_iv,VerihoggFormat,imported,True,0,ivtest,901,30,0.009296,0.00266,0.015065,19.859
regress-synth_br_gh99w_iv,VerihoggFormat,imported,False,1,ivtest,362,30,0.009155,0.002968,0.012756,19.98
regress-sv_wait_fork_iv,VerihoggFormat,imported,True,0,ivtest,553,30,0.005268,0.006792,0.014357,19.977
regress-sv_struct_packed_member_def_iv,VerihoggFormat,imported,False,0,ivtest,292,30,0.005024,0.005853,0.011317,17.77
regress-sv_sv_end_labels_unnamed_iv,VerihoggFormat,imported,True,1,ivtest,207,30,0.001177,0.006103,0.007201,17.262
regress-sv_struct_packed_sysfunct_iv,VerihoggFormat,imported,True,0,ivtest,799,30,0.001207,0.010974,0.014673,19.969
regress-sv_sv_ap_struct2_iv,VerihoggFormat,imported,True,0,ivtest,384,30,0.007491,0.003533,0.012579,19.16
regress-vlg_pr1650842_iv,VerihoggFormat,imported,True,0,ivtest,624,30,0.0,0.011654,0.013914,19.895
regress-sv_sv_new_array_error_iv,VerihoggFormat,imported,False,0,ivtest,55,30,0.011116,0.0,0.011819,17.277
regress-vlg_pr2835632b_iv,VerihoggFormat,imported,True,0,ivtest,17683,30,0.01837,0.011776,0.102607,33.914
regress-vlg_pr2053944_iv,VerihoggFormat,imported,False,1,ivtest,316,30,0.007861,0.003962,0.012501,20.215
regress-sv_br_gh4a_iv,VerihoggFormat,imported,True,0,ivtest,96,30,0.00783,0.002981,0.011278,17.543
regress-vlg_br_gh1175d_iv,VerihoggFormat,imported,True,1,ivtest,94,30,0.004119,0.003403,0.006953,17.527
regress-vlg_const4_iv,VerihoggFormat,imported,False,1,ivtest,1388,30,0.00807,0.006288,0.0217,23.418
regress-vlg_sdw_lvalconcat_iv,VerihoggFormat,imported,True,0,ivtest,1772,30,0.010427,0.001346,0.015634,19.938
regress-vlg_always_star_array_lval_iv,VerihoggFormat,imported,False,1,ivtest,816,30,0.008766,0.003774,0.014899,21.48
regress-vlg_pr1831724_iv,VerihoggFormat,imported,True,0,ivtest,189,30,0.010189,0.0,0.011157,17.629
regress-sv_struct9_iv,VerihoggFormat,imported,False,1,ivtest,466,30,0.005126,0.006604,0.012842,19.551
regress-vlg_always311H_iv,VerihoggFormat,imported,True,0,ivtest,1483,30,0.006856,0.004926,0.013876,20.234
regress-vlg_signed5_iv,VerihoggFormat,imported,True,0,ivtest,1478,30,0.001441,0.009871,0.013377,20.027
regress-sv_br_gh386c_iv,VerihoggFormat,imported,False,0,ivtest,110,30,0.005929,0.004393,0.010664,17.77
regress-sv_sv_darray7_iv,VerihoggFormat,imported,True,0,ivtest,1191,30,0.004237,0.008217,0.017618,22.168
regress-vlg_pr3022502_iv,VerihoggFormat,imported,True,0,ivtest,1023,30,0.0,0.016565,0.021948,24.266
regress-sv_br1005_iv,VerihoggFormat,imported,True,0,ivtest,597,30,0.008954,0.003159,0.016088,19.695
regress-vlg_ptest010_iv,VerihoggFormat,imported,True,0,ivtest,1052,30,0.004647,0.006562,0.012485,19.898
regress-vlg_pr1676071_iv,VerihoggFormat,imported,True,0,ivtest,1197,30,0.004888,0.009669,0.022595,24.047
regress-vlg_pr1777103_iv,VerihoggFormat,imported,False,1,ivtest,430,30,0.008277,0.003701,0.013355,19.594
regress-sv_sv_export6_iv,VerihoggFormat,imported,True,0,ivtest,538,30,0.001474,0.009948,0.0124,19.68
regress-vlg_pr2673846_iv,VerihoggFormat,imported,True,0,ivtest,1021,30,0.005548,0.007167,0.015461,19.957
regress-vlg_pr1841300_iv,VerihoggFormat,imported,True,0,ivtest,401,30,0.005004,0.00671,0.013615,20.023
regress-vlg_pr678_iv,VerihoggFormat,imported,True,0,ivtest,820,30,0.005323,0.007254,0.015666,20.148
regress-vlg_task_nonansi_fail2_iv,VerihoggFormat,imported,False,0,ivtest,269,30,0.011212,0.0,0.011971,17.773
regress-vlg_pr1474316_iv,VerihoggFormat,imported,False,1,ivtest,358,30,0.007123,0.003716,0.011679,19.969
regress-sv_sv_unpacked_wire_iv,VerihoggFormat,imported,False,1,ivtest,827,30,0.003873,0.007531,0.013252,20.055
regress-vlg_automatic_events2_iv,VerihoggFormat,imported,True,0,ivtest,1033,30,0.007204,0.007257,0.02104,23.965
regress-vlg_trior_iv,VerihoggFormat,imported,False,1,ivtest,1551,30,0.01157,0.001679,0.016219,25.941
regress-vlg_constfunc2_iv,VerihoggFormat,imported,True,0,ivtest,813,30,0.0,0.011532,0.015024,19.562
regress-sv_sv_array_cassign1_iv,VerihoggFormat,imported,True,0,ivtest,206,30,0.004291,0.007596,0.012388,17.539
regress-vlg_pr2829776_iv,VerihoggFormat,imported,True,0,ivtest,3180,30,0.003055,0.01143,0.024522,26.09
regress-sv_sv_assign_pattern_part_iv,VerihoggFormat,imported,False,1,ivtest,749,30,0.004957,0.009662,0.019862,25.375
regress-sv_enum_base_range_iv,VerihoggFormat,imported,True,0,ivtest,1451,30,0.008494,0.004119,0.018393,23.941
regress-vlg_casex39D_iv,VerihoggFormat,imported,True,0,ivtest,1716,30,0.008851,0.003094,0.01458,19.848
regress-vlg_pr2076391_iv,VerihoggFormat,imported,True,0,ivtest,369,30,0.011649,0.0,0.013951,20.078
regress-vlg_force317C_iv,VerihoggFormat,imported,True,0,ivtest,1148,30,0.007972,0.003442,0.012594,19.973
regress-sv_implicitport7_iv,VerihoggFormat,imported,False,1,ivtest,739,30,0.006193,0.005581,0.013792,22.027
regress-sv_sf_countbits_iv,VerihoggFormat,imported,True,0,ivtest,1917,30,0.004338,0.0089,0.020198,23.715
regress-vlg_constfunc1_iv,VerihoggFormat,imported,True,0,ivtest,1000,30,0.01267,0.0,0.017824,22.09
regress-vlg_sdw_instmod1_iv,VerihoggFormat,imported,True,0,ivtest,2963,30,0.010394,0.003002,0.020314,23.91
regress-vlg_undef_lval_select3a_iv,VerihoggFormat,imported,True,0,ivtest,2664,30,0.00322,0.010354,0.022389,25.793
regress-vlg_br_gh316c_iv,VerihoggFormat,imported,True,0,ivtest,992,30,0.003704,0.01036,0.020857,23.695
regress-vlg_array_lval_select4b_iv,VerihoggFormat,imported,False,0,ivtest,277,30,0.008028,0.002797,0.011428,17.703
regress-vlg_pr2991457b_iv,VerihoggFormat,imported,True,0,ivtest,589,30,0.00149,0.010575,0.01254,18.066
regress-sv_fork_join_none_iv,VerihoggFormat,imported,False,1,ivtest,801,30,0.004245,0.007131,0.012486,19.996
regress-vlg_always319D_iv,VerihoggFormat,imported,True,0,ivtest,1258,30,0.005148,0.006954,0.013797,19.539
regress-sv_sv_assign_pattern_expand_iv,VerihoggFormat,imported,False,1,ivtest,926,30,0.004601,0.010264,0.018359,23.75
regress-vlg_pr1784984_iv,VerihoggFormat,imported,True,0,ivtest,751,30,0.005903,0.006764,0.015002,19.785
regress-vlg_pr2219441_iv,VerihoggFormat,imported,False,1,ivtest,980,30,0.004344,0.008249,0.015138,21.715
regress-sv_br_gh386a_iv,VerihoggFormat,imported,True,0,ivtest,325,30,0.007152,0.004228,0.012872,19.484
regress-sv_pr3366217c_iv,VerihoggFormat,imported,False,0,ivtest,155,30,0.001443,0.009598,0.011734,17.5
regress-vlg_shift2_iv,VerihoggFormat,imported,True,0,ivtest,464,30,0.005278,0.006245,0.013313,19.516
regress-sv_sv_class_task1_iv,VerihoggFormat,imported,True,0,ivtest,321,30,0.001218,0.009414,0.011349,17.777
regress-vlg_pr3270320_iv,VerihoggFormat,imported,False,0,ivtest,138,30,0.01207,0.0,0.012589,19.539
regress-vlg_string3_iv,VerihoggFormat,imported,True,0,ivtest,1188,30,0.010664,0.0,0.012136,20.027
regress-vlg_pr2202706c_iv,VerihoggFormat,imported,True,0,ivtest,8198,30,0.013851,0.003371,0.037139,27.941
regress-vlg_pr2305307c_iv,VerihoggFormat,imported,True,0,ivtest,4350,30,0.004596,0.011069,0.027183,28.105
regress-vlg_cmos_iv,VerihoggFormat,imported,True,0,ivtest,985,30,0.005963,0.007824,0.020568,23.68
regress-vlg_pr1866215_iv,VerihoggFormat,imported,True,0,ivtest,757,30,0.001336,0.011063,0.017593,21.773
regress-vlg_pr2709097_iv,VerihoggFormat,imported,True,0,ivtest,228,30,0.00422,0.007241,0.012449,19.406
regress-vlg_lh_varindx2_iv,VerihoggFormat,imported,True,0,ivtest,1539,30,0.008928,0.004073,0.015275,19.59
regress-vlg_sdw_function5_iv,VerihoggFormat,imported,True,0,ivtest,1370,30,0.002902,0.009128,0.014262,19.777
regress-vlg_pr2152011_iv,VerihoggFormat,imported,True,0,ivtest,165,30,0.004956,0.00756,0.013483,19.992
regress-vlg_module_nonansi_fail6_iv,VerihoggFormat,imported,False,0,ivtest,250,30,0.001464,0.009735,0.011242,17.641
regress-vlg_test_bufif0_iv,VerihoggFormat,imported,True,0,ivtest,3843,30,0.0,0.015726,0.029848,25.801
regress-vlg_task314F_iv,VerihoggFormat,imported,True,0,ivtest,1553,30,0.004397,0.007251,0.013975,19.988
regress-sv_implicit_cast11_iv,VerihoggFormat,imported,True,0,ivtest,7206,30,0.009176,0.011367,0.053426,30.188
regress-vlg_pr1623097_iv,VerihoggFormat,imported,True,0,ivtest,779,30,0.004595,0.008013,0.016281,20.164
regress-sv_sv_darray_copy_empty2_iv,VerihoggFormat,imported,True,0,ivtest,304,30,0.00135,0.009796,0.012768,19.695
regress-vlg_pr617_iv,VerihoggFormat,imported,True,0,ivtest,978,30,0.001473,0.011082,0.016638,21.906
regress-vlg_assign32A_iv,VerihoggFormat,imported,True,0,ivtest,1958,30,0.001451,0.01097,0.016371,21.676
regress-sv_enum_base_time_iv,VerihoggFormat,imported,True,0,ivtest,278,30,0.003592,0.00803,0.012297,19.75
regress-sv_br_gh361_iv,VerihoggFormat,imported,True,0,ivtest,774,30,0.006724,0.005303,0.014041,20.09
regress-vlg_pr3306516_iv,VerihoggFormat,imported,False,1,ivtest,1209,30,0.009665,0.003032,0.014297,20.125
regress-vlg_pr3284821_iv,VerihoggFormat,imported,True,0,ivtest,486,30,0.004939,0.006341,0.013509,19.523
regress-vlg_string2_iv,VerihoggFormat,imported,True,0,ivtest,1029,30,0.003301,0.007878,0.011601,18.023
regress-vlg_module_output_port_var1_iv,VerihoggFormat,imported,True,0,ivtest,336,30,0.007613,0.003109,0.012078,20.086
regress-sv_task_nonansi_struct_fail_iv,VerihoggFormat,imported,False,0,ivtest,423,30,0.002858,0.008115,0.012052,19.758
regress-synth_casesynth4_iv,VerihoggFormat,imported,False,1,ivtest,1088,30,0.006896,0.006735,0.016313,21.773
regress-vlg_param_select3_iv,VerihoggFormat,imported,True,0,ivtest,1076,30,0.003992,0.007698,0.016328,22.105
regress-vlg_pr3054101b_iv,VerihoggFormat,imported,True,0,ivtest,8143,30,0.008959,0.012254,0.052263,29.977
regress-sv_sv_typedef_fwd_class_iv,VerihoggFormat,imported,False,1,ivtest,806,30,0.005483,0.008799,0.017011,21.934
regress-vlg_signed_pv_iv,VerihoggFormat,imported,True,0,ivtest,1391,30,0.004059,0.009257,0.018688,21.867
regress-vlg_task314E_iv,VerihoggFormat,imported,True,0,ivtest,1752,30,0.002549,0.009378,0.015469,21.992
regress-vlg_signed12_iv,VerihoggFormat,imported,True,0,ivtest,207,30,0.006407,0.004087,0.011027,17.504
regress-vlg_pr1993479_iv,VerihoggFormat,imported,True,0,ivtest,655,30,0.003857,0.007489,0.013567,19.785
regress-vlg_fr47_iv,VerihoggFormat,imported,True,0,ivtest,345,30,0.003605,0.007952,0.013607,19.523
regress-sv_ipsupsel_real_idx_iv,VerihoggFormat,imported,False,0,ivtest,1094,30,0.008748,0.004156,0.019145,23.699
regress-vlg_br_gh283a_iv,VerihoggFormat,imported,True,0,ivtest,364,30,0.0,0.012114,0.014528,19.812
regress-sv_enum_compatibility1_iv,VerihoggFormat,imported,True,0,ivtest,381,30,0.004981,0.006531,0.012656,20.0
regress-vlg_pr2722339b_iv,VerihoggFormat,imported,True,0,ivtest,1240,30,0.004082,0.008351,0.018634,21.836
regress-vlg_pr1805837_iv,VerihoggFormat,imported,True,0,ivtest,664,30,0.012384,0.0,0.016633,19.449
regress-vlg_always311G_iv,VerihoggFormat,imported,True,0,ivtest,1444,30,0.007407,0.003209,0.012325,19.973
regress-vlg_types1_iv,VerihoggFormat,imported,False,1,ivtest,772,30,0.001437,0.010484,0.013202,19.348
regress-vlg_readmemh2_iv,VerihoggFormat,imported,True,0,ivtest,1688,30,0.004503,0.007472,0.014605,19.691
regress-vlg_pow_signed_iv,VerihoggFormat,imported,True,0,ivtest,922,30,0.004037,0.007551,0.015666,21.75
regress-sv_sv_darray_assign_fail3_iv,VerihoggFormat,imported,False,0,ivtest,212,30,0.011187,0.0,0.011783,18.023
regress-sv_always_ff_warn_sens_iv,VerihoggFormat,imported,True,0,ivtest,1325,30,0.001454,0.011471,0.017224,21.598
regress-sv_br_gh823b_iv,VerihoggFormat,imported,False,0,ivtest,150,30,0.004225,0.006811,0.012011,17.227
regress-vlg_pr2038048_iv,VerihoggFormat,imported,False,1,ivtest,654,30,0.004799,0.006854,0.013334,19.586
regress-vlg_real5_iv,VerihoggFormat,imported,True,0,ivtest,224,30,0.011104,0.0,0.012036,17.703
regress-vlg_br1006_iv,VerihoggFormat,imported,True,0,ivtest,480,30,0.0,0.01186,0.014956,19.879
regress-vlg_pr1898983_iv,VerihoggFormat,imported,True,0,ivtest,309,30,0.003608,0.008196,0.013304,19.887
regress-vlg_select2_iv,VerihoggFormat,imported,False,1,ivtest,1637,30,0.003854,0.008279,0.013652,19.5
regress-vlg_pr2036953_iv,VerihoggFormat,imported,True,0,ivtest,250,30,0.001499,0.010436,0.013355,19.555
regress-vlg_fread_iv,VerihoggFormat,imported,True,0,ivtest,5005,30,0.009752,0.005162,0.028833,27.992
regress-sv_br_gh265_iv,VerihoggFormat,imported,False,0,ivtest,112,30,0.009334,0.001321,0.011277,17.668
regress-vlg_fopen2_iv,VerihoggFormat,imported,True,0,ivtest,1069,30,0.001288,0.011245,0.017336,22.016
regress-vlg_wiresl2_iv,VerihoggFormat,imported,True,0,ivtest,963,30,0.004997,0.006491,0.014076,19.562
regress-sv_enum_base_fail_range3_iv,VerihoggFormat,imported,False,0,ivtest,236,30,0.004155,0.005635,0.010354,17.652
regress-vlg_pr1983762_iv,VerihoggFormat,imported,True,0,ivtest,466,30,0.00907,0.003306,0.014637,19.91
regress-vlg_random_iv,VerihoggFormat,imported,True,0,ivtest,125,30,0.00834,0.003287,0.012119,17.695
regress-sv_br975_iv,VerihoggFormat,imported,False,0,ivtest,256,30,0.008055,0.002907,0.011923,17.238
regress-vlg_tranif1_iv,VerihoggFormat,imported,True,0,ivtest,5670,30,0.008095,0.010787,0.046594,29.953
regress-sv_sv_ps_array_cassign_iv,VerihoggFormat,imported,True,0,ivtest,423,30,0.004395,0.007414,0.013712,19.969
regress-sv_l_equiv_ca_iv,VerihoggFormat,imported,True,0,ivtest,3864,30,0.007417,0.00912,0.030866,27.734
regress-synth_conditsynth1_iv,VerihoggFormat,imported,False,1,ivtest,1209,30,0.00816,0.004639,0.014894,23.719
regress-sv_recursive_func2_iv,VerihoggFormat,imported,True,0,ivtest,841,30,0.004238,0.007656,0.016236,21.77
regress-sv_sv_ps_member_sel2_iv,VerihoggFormat,imported,True,0,ivtest,450,30,0.006931,0.004548,0.012607,19.801
regress-sv_sv_string9_iv,VerihoggFormat,imported,False,1,ivtest,647,30,0.008349,0.004022,0.014187,22.309
regress-vlg_pr3465541_iv,VerihoggFormat,imported,False,1,ivtest,2492,30,0.009094,0.004669,0.017591,21.891
regress-vlg_wiresl_iv,VerihoggFormat,imported,True,0,ivtest,1501,30,0.007724,0.003815,0.014654,19.766
regress-sv_enum_base_typename2_iv,VerihoggFormat,imported,True,0,ivtest,331,30,0.003749,0.007645,0.012185,19.594
regress-vlg_pr2395378c_iv,VerihoggFormat,imported,True,1,ivtest,63,30,0.005606,0.004707,0.010313,17.812
regress-vlg_dotinid_iv,VerihoggFormat,imported,False,1,ivtest,1353,30,0.001224,0.010275,0.011925,19.797
regress-vlg_pr1960575_iv,VerihoggFormat,imported,True,0,ivtest,85,30,0.007363,0.003187,0.010766,17.652
regress-vlg_parameter_override_invalid2_iv,VerihoggFormat,imported,False,0,ivtest,267,30,0.004656,0.007154,0.012565,17.645
regress-sv_br917b_iv,VerihoggFormat,imported,True,0,ivtest,770,30,0.004576,0.007567,0.015826,19.801
regress-vlg_function311C_iv,VerihoggFormat,imported,True,0,ivtest,1739,30,0.008674,0.002945,0.014588,19.938
regress-sv_sv_port_default3_iv,VerihoggFormat,imported,True,0,ivtest,891,30,0.007786,0.00383,0.014906,19.805
regress-vlg_shift4_iv,VerihoggFormat,imported,True,0,ivtest,1195,30,0.008518,0.003851,0.016307,21.746
regress-vlg_br_gh315_iv,VerihoggFormat,imported,True,0,ivtest,2604,30,0.004011,0.009446,0.02146,23.719
regress-vlg_br_gh7_iv,VerihoggFormat,imported,True,0,ivtest,320,30,0.003707,0.008753,0.013825,19.484
regress-vlg_pr522_iv,VerihoggFormat,imported,True,0,ivtest,2115,30,0.007012,0.004085,0.014147,19.793
regress-vlg_br960a_iv,VerihoggFormat,imported,True,0,ivtest,939,30,0.003789,0.008189,0.016185,21.883
regress-vlg_pr530a_iv,VerihoggFormat,imported,True,0,ivtest,177,30,0.007947,0.00357,0.012322,17.867
regress-fsv_resetall_iv,VerihoggFormat,imported,True,0,ivtest,587,30,0.001297,0.010849,0.013894,19.434
regress-vlg_const2_iv,VerihoggFormat,imported,True,0,ivtest,1379,30,0.001179,0.011026,0.01331,20.199
regress-vlg_always311I_iv,VerihoggFormat,imported,True,0,ivtest,1703,30,0.007512,0.004616,0.01521,20.02
regress-vlg_pr1819452_iv,VerihoggFormat,imported,True,0,ivtest,1225,30,0.005022,0.007018,0.017575,24.066
regress-vlg_select5_iv,VerihoggFormat,imported,True,0,ivtest,1133,30,0.007064,0.005582,0.018117,21.492
regress-sv_simple_byte_iv,VerihoggFormat,imported,True,0,ivtest,608,30,0.008904,0.002666,0.013783,19.984
regress-sv_mod_inst_pkg_iv,VerihoggFormat,imported,True,0,ivtest,1539,30,0.001421,0.01082,0.015049,20.074
regress-vlg_npmos2_iv,VerihoggFormat,imported,True,0,ivtest,2270,30,0.004082,0.008277,0.017312,21.777
regress-vlg_ifdef4_iv,VerihoggFormat,imported,True,0,ivtest,1218,30,0.004164,0.007467,0.013117,20.164
regress-sv_sv_typedef_fwd_base_iv,VerihoggFormat,imported,False,1,ivtest,964,30,0.006525,0.008636,0.019603,24.102
regress-vlg_div16_iv,VerihoggFormat,imported,False,1,ivtest,8068,30,0.001431,0.015265,0.031247,27.75
regress-sv_sv_queue_assign1_iv,VerihoggFormat,imported,True,0,ivtest,569,30,0.007168,0.004421,0.013194,20.105
regress-vlg_br_gh99b_iv,VerihoggFormat,imported,True,0,ivtest,262,30,0.003346,0.008987,0.013827,19.758
regress-vlg_pr2306259_iv,VerihoggFormat,imported,True,0,ivtest,187,30,0.007936,0.002535,0.010952,17.91
regress-vlg_delayed_comp_reduct_iv,VerihoggFormat,imported,True,0,ivtest,322,30,0.001444,0.009276,0.011369,17.699
regress-sv_sv_queue_assign_fail5_iv,VerihoggFormat,imported,False,0,ivtest,229,30,0.006935,0.002931,0.010356,18.0
regress-vlg_signed6_iv,VerihoggFormat,imported,True,0,ivtest,1595,30,0.004837,0.00613,0.012654,20.23
regress-vlg_unary_not_iv,VerihoggFormat,imported,False,1,ivtest,1337,30,0.001514,0.010858,0.013257,19.965
regress-vlg_pr2974216b_iv,VerihoggFormat,imported,True,0,ivtest,1360,30,0.005123,0.006576,0.016127,21.883
regress-vlg_automatic_events3_iv,VerihoggFormat,imported,True,0,ivtest,1335,30,0.004131,0.008316,0.018069,22.133
regress-vlg_pr1522570_iv,VerihoggFormat,imported,True,0,ivtest,508,30,0.007051,0.003773,0.01273,19.984
regress-vlg_pr1752353_iv,VerihoggFormat,imported,False,1,ivtest,403,30,0.004511,0.007875,0.013276,19.844
regress-vlg_module312B_iv,VerihoggFormat,imported,True,0,ivtest,1149,30,0.011713,0.0,0.013186,19.488
regress-sv_br973_iv,VerihoggFormat,imported,True,0,ivtest,328,30,0.008433,0.003089,0.013236,19.766
regress-vlg_resolv1_iv,VerihoggFormat,imported,True,0,ivtest,400,30,0.004872,0.006916,0.014044,19.676
regress-vlg_case38C_iv,VerihoggFormat,imported,False,1,ivtest,1715,30,0.001296,0.010547,0.013513,20.027
regress-vlg_check_constant_11_iv,VerihoggFormat,imported,False,0,ivtest,264,30,0.004053,0.007313,0.012969,19.492
regress-vlg_udp_sched_iv,VerihoggFormat,imported,False,1,ivtest,1157,30,0.0,0.012107,0.013843,19.918
regress-sv_sv_queue_real_fail_iv,VerihoggFormat,imported,True,1,ivtest,353,30,0.007692,0.003738,0.012898,19.492
regress-vlg_pr2043324_iv,VerihoggFormat,imported,True,0,ivtest,1212,30,0.009328,0.002989,0.017727,21.32
regress-sv_l_impl_iv,VerihoggFormat,imported,True,0,ivtest,2800,30,0.006615,0.008236,0.025172,25.633
regress-vlg_automatic_task2_iv,VerihoggFormat,imported,True,0,ivtest,602,30,0.00123,0.011404,0.016878,22.09
regress-vlg_pow_reg_signed_iv,VerihoggFormat,imported,True,0,ivtest,747,30,0.008388,0.002997,0.014326,22.094
regress-sv_sv_typedef_fwd_enum1_iv,VerihoggFormat,imported,False,1,ivtest,702,30,0.005336,0.008786,0.016535,22.332
regress-vlg_unary_xor_iv,VerihoggFormat,imported,True,0,ivtest,1665,30,0.004143,0.007704,0.015571,20.035
regress-sv_sv_class11_iv,VerihoggFormat,imported,True,0,ivtest,1498,30,0.012695,0.0,0.016798,22.02
regress-sv_sv_ps_type_expr2_iv,VerihoggFormat,imported,False,1,ivtest,555,30,0.001227,0.012291,0.01459,21.578
regress-vlg_hier_ref_error_iv,VerihoggFormat,imported,False,0,ivtest,107,30,0.001288,0.009632,0.011398,17.652
regress-vlg_function3_iv,VerihoggFormat,imported,True,0,ivtest,1825,30,0.001301,0.010575,0.015155,21.914
regress-vlg_pr1932444_iv,VerihoggFormat,imported,True,0,ivtest,737,30,0.005823,0.0071,0.016752,19.707
regress-vlg_always3112C_iv,VerihoggFormat,imported,False,1,ivtest,1914,30,0.008368,0.004478,0.014084,20.164
regress-vlg_pr1812297_iv,VerihoggFormat,imported,True,0,ivtest,486,30,0.001469,0.010292,0.013458,19.984
regress-sv_sf_onehot_iv,VerihoggFormat,imported,True,0,ivtest,1329,30,0.00425,0.008711,0.017924,21.977
regress-sv_sv_typedef_array_base2_iv,VerihoggFormat,imported,True,0,ivtest,406,30,0.004992,0.006239,0.013113,19.582
regress-sv_sv_export3_iv,VerihoggFormat,imported,True,0,ivtest,371,30,0.0077,0.00358,0.012225,19.418
regress-sv_clkgen_logic_iv,VerihoggFormat,imported,True,0,ivtest,625,30,0.008095,0.00378,0.013321,19.852
regress-sv_assign_op_after_cmp2_iv,VerihoggFormat,imported,True,0,ivtest,498,30,0.00758,0.003699,0.012479,20.02
regress-vlg_br_gh508b_iv,VerihoggFormat,imported,True,0,ivtest,409,30,0.011347,0.0,0.014193,19.668
regress-vlg_nested_impl_event1_iv,VerihoggFormat,imported,True,0,ivtest,323,30,0.001511,0.010561,0.013819,19.766
regress-vlg_pr2276163_iv,VerihoggFormat,imported,True,0,ivtest,944,30,0.007025,0.00536,0.015835,19.742
regress-vlg_pr1697732_iv,VerihoggFormat,imported,False,1,ivtest,427,30,0.0,0.012012,0.012661,19.941
regress-vlg_pr2503208_iv,VerihoggFormat,imported,True,0,ivtest,249,30,0.0,0.010621,0.012022,19.648
regress-vlg_pr2355304b_iv,VerihoggFormat,imported,True,0,ivtest,182,30,0.004472,0.006796,0.011976,17.977
regress-sv_br917c_iv,VerihoggFormat,imported,True,0,ivtest,760,30,0.004102,0.007643,0.015525,19.324
regress-vlg_pr1869769_iv,VerihoggFormat,imported,False,1,ivtest,1000,30,0.0,0.012848,0.014869,21.898
regress-vlg_br_gh6_iv,VerihoggFormat,imported,True,0,ivtest,370,30,0.007858,0.00364,0.013276,20.301
regress-vlg_module_nonansi_vec1_iv,VerihoggFormat,imported,True,0,ivtest,364,30,0.001747,0.010225,0.012616,19.645
regress-sv_always_comb_void_func_iv,VerihoggFormat,imported,True,0,ivtest,989,30,0.01123,0.0,0.014573,19.91
regress-vlg_task_nonansi_real1_iv,VerihoggFormat,imported,True,0,ivtest,346,30,0.008271,0.002945,0.012156,19.82
regress-vlg_array_select_iv,VerihoggFormat,imported,True,0,ivtest,2312,30,0.004786,0.008331,0.021486,25.938
regress-synth_inside_synth3_iv,VerihoggFormat,imported,False,1,ivtest,1178,30,0.005658,0.007897,0.015995,22.062
regress-synth_lcatsynth_iv,VerihoggFormat,imported,False,1,ivtest,720,30,0.0,0.012409,0.013651,19.984
regress-vlg_inout4_iv,VerihoggFormat,imported,False,1,ivtest,786,30,0.007953,0.003782,0.013247,21.988
regress-vlg_redef_net_error_iv,VerihoggFormat,imported,False,0,ivtest,50,30,0.003988,0.006926,0.011049,17.367
regress-sv_enum_dims_invalid_iv,VerihoggFormat,imported,False,0,ivtest,494,30,0.003649,0.008129,0.013969,19.855
regress-vlg_lh_catadd_iv,VerihoggFormat,imported,False,1,ivtest,1303,30,0.003667,0.008379,0.013175,19.629
regress-sv_br_gh1223b_iv,VerihoggFormat,imported,True,0,ivtest,1457,30,0.00141,0.012143,0.020719,23.402
regress-vlg_force1_iv,VerihoggFormat,imported,False,1,ivtest,1712,30,0.007853,0.00444,0.013918,20.062
regress-vlg_parameter_override_invalid4_iv,VerihoggFormat,imported,False,0,ivtest,217,30,0.011266,0.0,0.011825,17.742
regress-sv_sv_class_new_fail1_iv,VerihoggFormat,imported,False,0,ivtest,186,30,0.004446,0.006624,0.011381,17.918
regress-synth_ssetclr3_iv,VerihoggFormat,imported,False,1,ivtest,1601,30,0.013151,0.0,0.015779,23.922
regress-vlg_pr3452808_iv,VerihoggFormat,imported,False,1,ivtest,2803,30,0.003642,0.008534,0.018711,20.082
regress-vlg_pr2533175_iv,VerihoggFormat,imported,True,0,ivtest,365,30,0.005148,0.006542,0.014008,19.527
regress-sv_sv_class23_iv,VerihoggFormat,imported,True,0,ivtest,686,30,0.008908,0.003321,0.014338,20.09
regress-sv_sv_class_method_lt_static1_iv,VerihoggFormat,imported,True,1,ivtest,318,30,0.006063,0.001237,0.006819,17.832
regress-sv_bitsel_real_idx_iv,VerihoggFormat,imported,False,0,ivtest,565,30,0.007863,0.00358,0.014254,20.176
regress-vlg_disp_dec_iv,VerihoggFormat,imported,True,0,ivtest,1225,30,0.0,0.011307,0.012529,19.895
regress-synth_ufuncsynth1_iv,VerihoggFormat,imported,True,0,ivtest,691,30,0.004419,0.007169,0.014674,19.973
regress-sv_sv_class_new_typed1_iv,VerihoggFormat,imported,True,0,ivtest,209,30,0.011098,0.0,0.01153,17.824
regress-vlg_module_nonansi_time1_iv,VerihoggFormat,imported,True,0,ivtest,352,30,0.007409,0.003669,0.012094,19.766
regress-sv_sv_timeunit_prec3d_iv,VerihoggFormat,imported,True,0,ivtest,282,30,0.005032,0.006447,0.012141,17.73
regress-sv_implicit_cast8_iv,VerihoggFormat,imported,True,0,ivtest,7647,30,0.00897,0.010977,0.054701,29.969
regress-sv_final2_iv,VerihoggFormat,imported,True,0,ivtest,108,30,0.007626,0.003508,0.011624,17.25
regress-vlg_select7_iv,VerihoggFormat,imported,False,1,ivtest,729,30,0.007695,0.003738,0.013071,20.176
regress-sv_enum_base_fail_enum_iv,VerihoggFormat,imported,False,0,ivtest,214,30,0.00709,0.003711,0.011288,17.746
regress-vlg_pr2728032_iv,VerihoggFormat,imported,True,0,ivtest,5734,30,0.007851,0.009462,0.034921,28.121
regress-vlg_tern1_iv,VerihoggFormat,imported,True,0,ivtest,1393,30,0.003898,0.007754,0.014022,20.031
regress-vlg_sdf8_iv,VerihoggFormat,imported,True,0,ivtest,614,30,0.004175,0.007645,0.014333,19.984
regress-sv_pv_wr_vec2_iv,VerihoggFormat,imported,False,1,ivtest,1676,30,0.011609,0.005637,0.024632,29.934
regress-vlg_shift1_iv,VerihoggFormat,imported,True,0,ivtest,1218,30,0.004368,0.007565,0.014149,19.609
regress-vlg_pr1950282_iv,VerihoggFormat,imported,True,0,ivtest,228,30,0.007365,0.00382,0.012462,19.766
regress-sv_module_nonansi_int1_iv,VerihoggFormat,imported,True,0,ivtest,496,30,0.006774,0.005167,0.013844,19.773
regress-vlg_porttest6_iv,VerihoggFormat,imported,True,0,ivtest,1606,30,0.007998,0.003825,0.015656,20.141
regress-sv_func_empty_arg3_iv,VerihoggFormat,imported,False,1,ivtest,863,30,0.001238,0.012883,0.016778,22.371
regress-vlg_always315B_iv,VerihoggFormat,imported,True,0,ivtest,1319,30,0.005015,0.006344,0.012431,20.02
regress-vlg_land4_iv,VerihoggFormat,imported,True,0,ivtest,1436,30,0.007576,0.003714,0.014921,19.527
regress-sv_sv_class_return_iv,VerihoggFormat,imported,True,0,ivtest,393,30,0.003307,0.007681,0.012498,19.395
regress-vlg_pr524_iv,VerihoggFormat,imported,False,1,ivtest,226,30,0.004255,0.006819,0.011932,17.562
regress-vlg_scope4_iv,VerihoggFormat,imported,True,0,ivtest,328,30,0.007577,0.003614,0.012646,19.953
regress-vlg_scanf_iv,VerihoggFormat,imported,True,0,ivtest,577,30,0.00404,0.007736,0.014608,19.555
regress-vlg_fifo_iv,VerihoggFormat,imported,False,1,ivtest,7714,30,0.006783,0.009458,0.024535,28.195
regress-sv_part_sel_port_iv,VerihoggFormat,imported,False,1,ivtest,1347,30,0.007917,0.003426,0.012099,20.004
regress-vlg_pr1695322_iv,VerihoggFormat,imported,False,1,ivtest,395,30,0.003955,0.007828,0.01257,20.113
regress-vlg_br_gh14_iv,VerihoggFormat,imported,True,0,ivtest,240,30,0.006899,0.003587,0.011251,20.055
regress-vlg_pr751_iv,VerihoggFormat,imported,False,1,ivtest,291,30,0.005296,0.006755,0.013546,19.805
regress-vlg_sdf6_iv,VerihoggFormat,imported,False,1,ivtest,793,30,0.005472,0.006817,0.017149,22.102
regress-vlg_br1019_iv,VerihoggFormat,imported,True,0,ivtest,404,30,0.007448,0.003523,0.012882,19.656
regress-sv_func_empty_arg1_iv,VerihoggFormat,imported,False,1,ivtest,739,30,0.013918,0.002538,0.021261,28.145
regress-sv_br_gh164e_iv,VerihoggFormat,imported,True,0,ivtest,786,30,0.013605,0.0,0.019001,23.844
regress-sv_sv_class_prop_shadow1_iv,VerihoggFormat,imported,True,0,ivtest,411,30,0.001244,0.011358,0.013933,20.047
regress-vlg_br_ml20190806a_iv,VerihoggFormat,imported,True,0,ivtest,487,30,0.004786,0.006997,0.013708,19.715
regress-sv_br936_iv,VerihoggFormat,imported,True,0,ivtest,362,30,0.00438,0.006394,0.012174,19.789
regress-vlg_vector_iv,VerihoggFormat,imported,False,1,ivtest,1661,30,0.002725,0.009142,0.013287,19.957
regress-vlg_br_gh674_iv,VerihoggFormat,imported,True,0,ivtest,566,30,0.007959,0.003291,0.013651,20.012
regress-vlg_br_gh103_iv,VerihoggFormat,imported,True,0,ivtest,207,30,0.004424,0.00624,0.011547,19.57
regress-vlg_muxtest_iv,VerihoggFormat,imported,True,0,ivtest,1998,30,0.00953,0.00313,0.018692,23.867
regress-vlg_br_gh18_iv,VerihoggFormat,imported,True,0,ivtest,281,30,0.007352,0.003316,0.011523,19.832
regress-vlg_br_gh732_iv,VerihoggFormat,imported,True,0,ivtest,513,30,0.004769,0.00766,0.014877,20.117
regress-sv_pr3366217a_iv,VerihoggFormat,imported,False,0,ivtest,152,30,0.009434,0.001345,0.011393,17.816
regress-sv_sv_cast_packed_array_iv,VerihoggFormat,imported,True,0,ivtest,2007,30,0.010591,0.003219,0.021049,23.477
regress-vlg_pr2270035_iv,VerihoggFormat,imported,True,0,ivtest,223,30,0.006402,0.003743,0.01116,19.984
regress-vlg_pr810_iv,VerihoggFormat,imported,False,1,ivtest,1022,30,0.007804,0.003968,0.014518,19.934
regress-vlg_pr3296466b_iv,VerihoggFormat,imported,True,0,ivtest,497,30,0.007965,0.004415,0.015891,19.777
regress-sv_br_gh1223a_iv,VerihoggFormat,imported,True,0,ivtest,2397,30,0.001269,0.013564,0.025747,25.461
regress-vlg_always313E2_iv,VerihoggFormat,imported,True,0,ivtest,1268,30,0.008,0.002993,0.012358,19.746
regress-vlg_pr3197917_iv,VerihoggFormat,imported,True,0,ivtest,481,30,0.011723,0.0,0.013443,20.164
regress-vlg_pr1403406a_iv,VerihoggFormat,imported,True,0,ivtest,297,30,0.008029,0.00395,0.012603,17.953
regress-vlg_pr3044843_iv,VerihoggFormat,imported,True,0,ivtest,221,30,0.008156,0.003496,0.012592,19.992
regress-sv_sv_cast_integer2_iv,VerihoggFormat,imported,True,0,ivtest,2286,30,0.0,0.013537,0.021029,23.988
regress-vlg_pr540c_iv,VerihoggFormat,imported,True,0,ivtest,624,30,0.011384,0.0,0.013394,19.742
regress-vlg_monitor_iv,VerihoggFormat,imported,True,0,ivtest,1079,30,0.006745,0.004941,0.012486,19.613
regress-vlg_br_gh356a_iv,VerihoggFormat,imported,True,0,ivtest,502,30,0.006317,0.005081,0.014469,19.934
regress-vlg_tern5_iv,VerihoggFormat,imported,True,0,ivtest,1071,30,0.00691,0.004971,0.01655,21.652
regress-sv_sv_class_method_signed1_iv,VerihoggFormat,imported,False,1,ivtest,1329,30,0.004056,0.010568,0.021655,27.539
regress-vlg_check_constant_10_iv,VerihoggFormat,imported,False,0,ivtest,264,30,0.001499,0.010132,0.013369,19.922
regress-sv_enum_method_signed1_iv,VerihoggFormat,imported,False,1,ivtest,3157,30,0.00904,0.0107,0.041796,32.09
regress-vlg_pr2202846a_iv,VerihoggFormat,imported,False,1,ivtest,627,30,0.001463,0.010701,0.013674,21.316
regress-vlg_pr1675789b_iv,VerihoggFormat,imported,True,0,ivtest,921,30,0.00435,0.008699,0.01798,21.969
regress-sv_sv_import_hier_fail3_iv,VerihoggFormat,imported,False,0,ivtest,392,30,0.0,0.011551,0.012331,19.895
regress-sv_sv_queue_assign2_iv,VerihoggFormat,imported,True,0,ivtest,786,30,0.005236,0.007275,0.01596,19.898
regress-sv_fr49_iv,VerihoggFormat,imported,False,1,ivtest,244,30,0.007779,0.003377,0.01151,17.82
regress-vlg_param_test4_iv,VerihoggFormat,imported,True,0,ivtest,212,30,0.0,0.011092,0.011683,17.762
regress-vlg_br_gh567_iv,VerihoggFormat,imported,True,0,ivtest,337,30,0.0,0.011626,0.013744,19.348
regress-vlg_param_and_iv,VerihoggFormat,imported,True,0,ivtest,1127,30,0.001324,0.009882,0.011989,17.629
regress-vlg_real_events_iv,VerihoggFormat,imported,True,0,ivtest,621,30,0.003865,0.007941,0.01529,20.0
regress-vlg_pr1833754_iv,VerihoggFormat,imported,False,0,ivtest,512,30,0.00135,0.009947,0.013113,19.992
regress-vlg_pr3104254_iv,VerihoggFormat,imported,True,0,ivtest,1132,30,0.0,0.012721,0.017914,21.738
regress-sv_sv_array_cassign_fail2_iv,VerihoggFormat,imported,False,0,ivtest,240,30,0.001458,0.010043,0.012295,17.723
regress-sv_sv_class14_iv,VerihoggFormat,imported,True,0,ivtest,1820,30,0.004128,0.008358,0.018484,23.566
regress-vlg_real_array_store_after_cmp_iv,VerihoggFormat,imported,True,0,ivtest,524,30,0.0,0.011266,0.012579,19.402
regress-vlg_real10_iv,VerihoggFormat,imported,True,0,ivtest,231,30,0.01115,0.0,0.011435,20.234
regress-vlg_br_gh1225c_iv,VerihoggFormat,imported,False,0,ivtest,691,30,0.004339,0.006384,0.012939,19.473
regress-vlg_pr2358848_iv,VerihoggFormat,imported,True,0,ivtest,2465,30,0.001227,0.011484,0.020583,23.418
regress-sv_enum_test7_iv,VerihoggFormat,imported,False,0,ivtest,159,30,0.004705,0.006161,0.011273,17.602
regress-vlg_constfunc7_iv,VerihoggFormat,imported,True,0,ivtest,5534,30,0.00769,0.010456,0.041216,28.0
regress-vlg_task_nonansi_real_fail_iv,VerihoggFormat,imported,False,0,ivtest,267,30,0.007257,0.003389,0.011696,17.367
regress-vlg_br_ml20190806b_iv,VerihoggFormat,imported,True,0,ivtest,507,30,0.007615,0.004284,0.014241,19.844
regress-sv_implicit_cast3_iv,VerihoggFormat,imported,True,0,ivtest,6780,30,0.0171,0.004185,0.049169,29.988
regress-vlg_string5_iv,VerihoggFormat,imported,True,0,ivtest,990,30,0.007932,0.003641,0.012218,17.773
regress-sv_implicit_cast5_iv,VerihoggFormat,imported,True,0,ivtest,8227,30,0.00338,0.014804,0.046816,30.062
regress-sv_br1003b_iv,VerihoggFormat,imported,True,0,ivtest,404,30,0.003497,0.007478,0.013024,20.02
regress-vlg_pr513_iv,VerihoggFormat,imported,False,1,ivtest,230,30,0.004789,0.006469,0.012422,17.848
regress-vlg_function8_iv,VerihoggFormat,imported,True,0,ivtest,1390,30,0.008705,0.004621,0.019478,23.762
regress-vlg_parameter_override_invalid6_iv,VerihoggFormat,imported,False,0,ivtest,367,30,0.00122,0.010156,0.012167,19.711
regress-sv_br_gh478_iv,VerihoggFormat,imported,False,1,ivtest,405,30,0.007794,0.003634,0.012963,19.961
regress-sv_sv_class18_iv,VerihoggFormat,imported,True,0,ivtest,1235,30,0.004306,0.007627,0.015137,20.297
regress-vlg_pr1921332_iv,VerihoggFormat,imported,True,0,ivtest,192,30,0.004887,0.006304,0.01223,19.484
regress-sv_enum_in_class_iv,VerihoggFormat,imported,True,0,ivtest,922,30,0.005235,0.006637,0.014598,19.977
regress-sv_br917d_iv,VerihoggFormat,imported,True,0,ivtest,768,30,0.008387,0.003541,0.014882,20.172
regress-vlg_uwire_iv,VerihoggFormat,imported,True,0,ivtest,378,30,0.007775,0.002972,0.011941,20.086
regress-vlg_br_gh22_iv,VerihoggFormat,imported,True,0,ivtest,289,30,0.004383,0.007612,0.013679,19.723
regress-vlg_pr1353345b_iv,VerihoggFormat,imported,True,0,ivtest,1158,30,0.00773,0.003926,0.01579,21.984
regress-vlg_pr2029336_iv,VerihoggFormat,imported,True,0,ivtest,1256,30,0.008409,0.002958,0.014487,20.059
regress-sv_packed_dims_invalid_class_iv,VerihoggFormat,imported,False,0,ivtest,367,30,0.007571,0.003181,0.012859,19.855
regress-vlg_br_gh99k_iv,VerihoggFormat,imported,True,0,ivtest,284,30,0.005192,0.006814,0.013746,19.301
regress-vlg_pr1026_iv,VerihoggFormat,imported,True,0,ivtest,330,30,0.0,0.011625,0.013085,19.988
regress-vlg_monitor2_iv,VerihoggFormat,imported,True,0,ivtest,1037,30,0.007583,0.003101,0.011315,19.902
regress-vlg_lh_memcat2_iv,VerihoggFormat,imported,True,0,ivtest,1915,30,0.004195,0.007699,0.015668,22.051
regress-sv_packeda2_iv,VerihoggFormat,imported,True,0,ivtest,684,30,0.004387,0.007496,0.014645,19.504
regress-sv_task_init_var3_iv,VerihoggFormat,imported,True,0,ivtest,745,30,0.005745,0.00705,0.016434,20.02
regress-vlg_generate_specify_iv,VerihoggFormat,imported,True,1,ivtest,234,30,0.0,0.00794,0.007324,17.441
regress-vlg_time7_iv,VerihoggFormat,imported,True,0,ivtest,2564,30,0.004319,0.008301,0.0183,21.766
regress-vlg_define1_iv,VerihoggFormat,imported,True,0,ivtest,1514,30,0.004621,0.008136,0.015353,19.902
regress-vlg_rptconcat_iv,VerihoggFormat,imported,True,0,ivtest,1152,30,0.004305,0.007613,0.013365,19.418
regress-vlg_pr3527694_iv,VerihoggFormat,imported,True,0,ivtest,1918,30,0.003221,0.011107,0.023573,23.867
regress-sv_sv_export_fail6_iv,VerihoggFormat,imported,False,0,ivtest,361,30,0.004912,0.006091,0.011505,17.941
regress-vlg_complex_lidx_iv,VerihoggFormat,imported,True,0,ivtest,513,30,0.008224,0.003896,0.014836,19.891
regress-vlg_ca_func_iv,VerihoggFormat,imported,False,1,ivtest,345,30,0.003619,0.007999,0.013889,19.398
regress-vlg_pr509_iv,VerihoggFormat,imported,True,0,ivtest,186,30,0.010438,0.0,0.010683,17.746
regress-sv_parameter_override_invalid7_iv,VerihoggFormat,imported,False,0,ivtest,235,30,0.006011,0.004418,0.011054,17.582
regress-vlg_pr2085984_iv,VerihoggFormat,imported,True,0,ivtest,280,30,0.004478,0.007424,0.014195,19.68
regress-sv_br_gh165_iv,VerihoggFormat,imported,True,0,ivtest,416,30,0.0,0.010996,0.012754,19.965
regress-vlg_always3112A_iv,VerihoggFormat,imported,True,0,ivtest,1714,30,0.003449,0.009339,0.01559,19.488
regress-vlg_always319C_iv,VerihoggFormat,imported,True,0,ivtest,1209,30,0.004427,0.007268,0.013301,19.488
regress-sv_sv_queue1_iv,VerihoggFormat,imported,True,0,ivtest,2056,30,0.008723,0.004674,0.021161,24.039
regress-vlg_pr1866215b_iv,VerihoggFormat,imported,True,0,ivtest,567,30,0.008551,0.004194,0.016269,19.328
regress-sv_always_ff_warn_iv,VerihoggFormat,imported,True,0,ivtest,1496,30,0.004083,0.008544,0.019142,23.992
regress-sv_sv_packed_port2_iv,VerihoggFormat,imported,True,0,ivtest,651,30,0.00146,0.010739,0.015182,19.785
regress-vlg_posedge_iv,VerihoggFormat,imported,False,1,ivtest,1342,30,0.008659,0.003176,0.013007,19.609
regress-sv_sv_darray5_iv,VerihoggFormat,imported,True,0,ivtest,1130,30,0.003849,0.007859,0.017164,21.512
regress-vlg_no_if_statement_iv,VerihoggFormat,imported,True,1,ivtest,53,30,0.0,0.008119,0.007599,17.32
regress-sv_struct_packed_uarray_fail_iv,VerihoggFormat,imported,False,0,ivtest,202,30,0.008248,0.002863,0.011621,17.805
regress-vlg_param_times_iv,VerihoggFormat,imported,True,0,ivtest,1352,30,0.004972,0.006393,0.013047,19.672
regress-sv_sv_class_in_module_decl_iv,VerihoggFormat,imported,True,0,ivtest,532,30,0.004838,0.00628,0.012965,19.383
regress-vlg_pr1799904_iv,VerihoggFormat,imported,False,1,ivtest,660,30,0.001483,0.010553,0.014041,21.594
regress-vlg_sdw_assign_iv,VerihoggFormat,imported,True,0,ivtest,1728,30,0.005715,0.006659,0.014976,19.898
regress-vlg_unary_minus2_iv,VerihoggFormat,imported,False,1,ivtest,1428,30,0.012042,0.0,0.013066,19.961
regress-vlg_pr978_iv,VerihoggFormat,imported,True,0,ivtest,436,30,0.00119,0.009663,0.011961,19.91
regress-vlg_pr2172606_iv,VerihoggFormat,imported,False,1,ivtest,1168,30,0.005415,0.00711,0.014348,22.078
regress-vlg_pr1705027_iv,VerihoggFormat,imported,True,0,ivtest,92,30,0.004962,0.006454,0.01214,17.301
regress-sv_sv_array_cassign_fail1_iv,VerihoggFormat,imported,False,0,ivtest,233,30,0.00702,0.003487,0.011473,17.438
regress-sv_sv_void_cast4_iv,VerihoggFormat,imported,True,0,ivtest,153,30,0.010254,0.0,0.010574,17.887
regress-vlg_pr2725700c_iv,VerihoggFormat,imported,True,0,ivtest,1430,30,0.006607,0.00709,0.019426,23.77
regress-vlg_pr1664684_iv,VerihoggFormat,imported,False,1,ivtest,539,30,0.003002,0.008881,0.014486,19.781
regress-vlg_br1007_iv,VerihoggFormat,imported,True,0,ivtest,678,30,0.005249,0.007237,0.015406,19.727
regress-vlg_recursive_func1_iv,VerihoggFormat,imported,True,0,ivtest,688,30,0.004263,0.007493,0.015569,20.133
regress-vlg_br_mw20171108_iv,VerihoggFormat,imported,True,0,ivtest,1001,30,0.004285,0.009013,0.01908,23.883
regress-vlg_br_gh142_iv,VerihoggFormat,imported,False,0,ivtest,87,30,0.008088,0.002886,0.011269,17.648
regress-sv_br_gh800_iv,VerihoggFormat,imported,True,0,ivtest,1636,30,0.00839,0.004713,0.020945,25.598
regress-vlg_taskscope_iv,VerihoggFormat,imported,True,0,ivtest,1459,30,0.0,0.012657,0.015505,19.941
regress-vlg_assign_delay_iv,VerihoggFormat,imported,False,1,ivtest,1378,30,0.007859,0.003227,0.011928,19.781
regress-vlg_module_nonansi_fail5_iv,VerihoggFormat,imported,False,0,ivtest,248,30,0.0,0.010784,0.010704,17.496
regress-vlg_rtranif0_iv,VerihoggFormat,imported,True,0,ivtest,5701,30,0.006893,0.011618,0.045599,29.992
regress-sv_sv_port_default5_iv,VerihoggFormat,imported,True,0,ivtest,1600,30,0.005972,0.007216,0.018631,21.688
regress-vlg_task_nonansi_fail5_iv,VerihoggFormat,imported,False,0,ivtest,310,30,0.001482,0.010217,0.012043,17.746
regress-vlg_real7_iv,VerihoggFormat,imported,True,0,ivtest,236,30,0.003098,0.0079,0.012122,17.266
regress-vlg_escape4_iv,VerihoggFormat,imported,False,1,ivtest,1325,30,0.006414,0.004576,0.011903,19.965
regress-vlg_pr1637208_iv,VerihoggFormat,imported,False,1,ivtest,959,30,0.001465,0.011088,0.01421,22.008
regress-vlg_array_lval_select5_iv,VerihoggFormat,imported,True,0,ivtest,1523,30,0.003183,0.009732,0.018994,23.711
regress-vlg_pr3061015b_iv,VerihoggFormat,imported,False,0,ivtest,152,30,0.0,0.01096,0.011398,17.363
regress-sv_sv_queue_method_signed2_iv,VerihoggFormat,imported,True,0,ivtest,744,30,0.003288,0.008102,0.013503,19.984
regress-vlg_pr2973532_iv,VerihoggFormat,imported,True,0,ivtest,281,30,0.003491,0.007832,0.012914,19.625
regress-vlg_pr2985542_iv,VerihoggFormat,imported,True,0,ivtest,502,30,0.001219,0.009686,0.013663,19.973
regress-vlg_string11_iv,VerihoggFormat,imported,True,0,ivtest,163,30,0.007343,0.003506,0.011607,17.793
regress-vlg_pr2146620c_iv,VerihoggFormat,imported,True,0,ivtest,324,30,0.003487,0.007149,0.0117,19.965
regress-vlg_br_gh15_iv,VerihoggFormat,imported,True,0,ivtest,289,30,0.012445,0.0,0.013556,19.773
regress-vlg_contrib85_iv,VerihoggFormat,imported,True,0,ivtest,2096,30,0.003953,0.008252,0.016333,21.941
regress-sv_sv_array_query_iv,VerihoggFormat,imported,False,1,ivtest,615,30,0.005774,0.008265,0.017753,24.012
regress-vlg_unary_lnot1_iv,VerihoggFormat,imported,True,0,ivtest,1042,30,0.005395,0.006662,0.012899,20.098
regress-vlg_always316A_iv,VerihoggFormat,imported,True,0,ivtest,2632,30,0.005042,0.007426,0.016639,21.992
regress-sv_sv_darray_decl_assign_iv,VerihoggFormat,imported,True,0,ivtest,825,30,0.007525,0.005467,0.018255,22.016
regress-vlg_scanf3_iv,VerihoggFormat,imported,True,0,ivtest,552,30,0.011893,0.0,0.014378,19.84
regress-sv_struct4_iv,VerihoggFormat,imported,True,0,ivtest,847,30,0.008927,0.003808,0.015696,20.012
regress-vlg_pr1776485_iv,VerihoggFormat,imported,True,0,ivtest,639,30,0.001464,0.01075,0.014638,19.43
regress-vlg_pr1639060_iv,VerihoggFormat,imported,True,0,ivtest,419,30,0.004129,0.007257,0.012757,20.109
regress-vlg_uwire2_iv,VerihoggFormat,imported,False,1,ivtest,388,30,0.0,0.011863,0.012071,19.785
regress-vlg_pr2018305_iv,VerihoggFormat,imported,True,0,ivtest,182,30,0.00772,0.002934,0.011202,17.832
regress-vlg_pr1565544_iv,VerihoggFormat,imported,False,1,ivtest,446,30,0.0,0.011946,0.012884,19.949
regress-vlg_pr1032_iv,VerihoggFormat,imported,False,1,ivtest,1050,30,0.012034,0.0,0.013961,19.539
regress-sv_sv_class_extends_scoped_iv,VerihoggFormat,imported,True,0,ivtest,363,30,0.007635,0.003511,0.012115,19.922
regress-vlg_pr1570635_iv,VerihoggFormat,imported,False,1,ivtest,1173,30,0.008594,0.003093,0.013445,22.074
regress-vlg_sp2_iv,VerihoggFormat,imported,True,0,ivtest,1715,30,0.003888,0.008473,0.015288,19.809
regress-synth_shiftl_iv,VerihoggFormat,imported,False,1,ivtest,1512,30,0.004325,0.007756,0.014056,19.633
regress-sv_sv_string3_iv,VerihoggFormat,imported,True,0,ivtest,268,30,0.002932,0.008624,0.011763,18.059
regress-vlg_pr2842621_std_iv,VerihoggFormat,imported,True,0,ivtest,1260,30,0.008213,0.004044,0.017127,21.969
regress-vlg_module_nonansi_integer2_iv,VerihoggFormat,imported,True,0,ivtest,345,30,0.00777,0.003252,0.012051,19.723
regress-vlg_pr3549328_iv,VerihoggFormat,imported,False,0,ivtest,275,30,0.003729,0.008093,0.012586,19.543
regress-sv_bits3_iv,VerihoggFormat,imported,False,1,ivtest,673,30,0.013611,0.002832,0.022672,25.664
regress-vlg_pr2233180c_iv,VerihoggFormat,imported,True,0,ivtest,2862,30,0.00403,0.009009,0.021406,23.855
regress-sv_simple_shortint_iv,VerihoggFormat,imported,True,0,ivtest,620,30,0.005272,0.006648,0.014521,20.047
regress-vlg_pr3061015c_iv,VerihoggFormat,imported,False,0,ivtest,134,30,0.008353,0.001423,0.0099,17.734
regress-sv_task_nonansi_struct1_iv,VerihoggFormat,imported,True,0,ivtest,516,30,0.004841,0.007375,0.014001,19.945
regress-sv_br_gh979_iv,VerihoggFormat,imported,True,0,ivtest,1823,30,0.005683,0.006678,0.017394,22.223
regress-sv_struct3_iv,VerihoggFormat,imported,True,0,ivtest,823,30,0.008134,0.003612,0.014426,20.047
regress-vlg_automatic_error9_iv,VerihoggFormat,imported,True,1,ivtest,133,30,0.0,0.008124,0.007473,17.969
regress-vlg_pr2922063_iv,VerihoggFormat,imported,True,0,ivtest,1963,30,0.00797,0.003731,0.015843,22.027
regress-vlg_fdisplay_fail_mcd_iv,VerihoggFormat,imported,True,0,ivtest,133,30,0.003679,0.00691,0.010759,17.66
regress-vlg_pr2434688_iv,VerihoggFormat,imported,True,0,ivtest,1677,30,0.008632,0.004673,0.019242,23.898
regress-sv_br_gh433_iv,VerihoggFormat,imported,True,0,ivtest,575,30,0.004185,0.007141,0.013403,20.156
regress-vlg_pr1867161b_iv,VerihoggFormat,imported,True,0,ivtest,316,30,0.00416,0.007944,0.014713,19.98
regress-sv_size_cast3_iv,VerihoggFormat,imported,True,0,ivtest,1549,30,0.006151,0.007242,0.021093,23.613
regress-vlg_pr1752823a_iv,VerihoggFormat,imported,True,0,ivtest,154,30,0.009558,0.001259,0.011859,17.434
regress-vlg_memidx_iv,VerihoggFormat,imported,True,0,ivtest,2325,30,0.008768,0.004962,0.022228,25.555
regress-sv_sv_class_property_signed1_iv,VerihoggFormat,imported,False,1,ivtest,1258,30,0.00503,0.010309,0.021528,27.867
regress-vlg_uncon_drive_iv,VerihoggFormat,imported,False,1,ivtest,770,30,0.001482,0.010821,0.013513,19.949
regress-vlg_pr3039548_iv,VerihoggFormat,imported,True,0,ivtest,290,30,0.005004,0.006786,0.013237,19.656
regress-synth_condit1_iv,VerihoggFormat,imported,False,1,ivtest,987,30,0.0039,0.007661,0.013237,19.859
regress-vlg_pr2909386a_iv,VerihoggFormat,imported,True,0,ivtest,5833,30,0.003594,0.01366,0.036551,27.785
regress-vlg_pr3103880_iv,VerihoggFormat,imported,True,0,ivtest,730,30,0.004053,0.007926,0.016241,22.145
regress-sv_module_nonansi_struct2_iv,VerihoggFormat,imported,True,0,ivtest,392,30,0.007984,0.003369,0.012623,19.984
regress-vlg_rise_fall_delay2_iv,VerihoggFormat,imported,True,0,ivtest,1905,30,0.00669,0.008777,0.029893,27.984
regress-sv_func_empty_arg_fail2_iv,VerihoggFormat,imported,False,0,ivtest,403,30,0.002908,0.008584,0.012657,19.762
regress-vlg_pr1065_iv,VerihoggFormat,imported,False,1,ivtest,678,30,0.007538,0.003206,0.012081,19.48
regress-vlg_pr1639064_iv,VerihoggFormat,imported,True,0,ivtest,354,30,0.003715,0.007632,0.012569,20.09
regress-vlg_wait2_iv,VerihoggFormat,imported,False,1,ivtest,1372,30,0.004293,0.006739,0.011742,19.543
regress-sv_sv_union2_iv,VerihoggFormat,imported,True,0,ivtest,824,30,0.00525,0.006428,0.014927,19.723
regress-vlg_task_nonansi_fail6_iv,VerihoggFormat,imported,False,0,ivtest,313,30,0.006259,0.004651,0.011781,17.559
regress-vlg_br916b_iv,VerihoggFormat,imported,True,0,ivtest,148,30,0.00125,0.009861,0.011963,17.73
regress-vlg_br_gh99s_iv,VerihoggFormat,imported,True,0,ivtest,276,30,0.003488,0.008453,0.0133,19.746
regress-vlg_lh_memcat_iv,VerihoggFormat,imported,True,0,ivtest,1852,30,0.003972,0.008334,0.016824,21.898
regress-vlg_readmemerror_iv,VerihoggFormat,imported,True,0,ivtest,7238,30,0.007026,0.011515,0.041422,27.785
regress-vlg_pr530b_iv,VerihoggFormat,imported,True,0,ivtest,175,30,0.0,0.010711,0.011358,20.094
regress-vlg_br_gh99p_iv,VerihoggFormat,imported,True,0,ivtest,279,30,0.011553,0.0,0.01261,19.754
regress-vlg_attrib_iv,VerihoggFormat,imported,True,0,ivtest,673,30,0.008176,0.00388,0.015105,19.938
regress-vlg_pr1002_iv,VerihoggFormat,imported,True,0,ivtest,1151,30,0.007552,0.004269,0.015549,21.656
regress-vlg_ifdef1_iv,VerihoggFormat,imported,True,0,ivtest,1129,30,0.00408,0.007174,0.01271,19.973
regress-vlg_pr1701921_iv,VerihoggFormat,imported,False,1,ivtest,429,30,0.007791,0.003865,0.01229,20.141
regress-vlg_tern9_iv,VerihoggFormat,imported,False,1,ivtest,1981,30,0.011155,0.002291,0.017668,26.117
regress-vlg_task_inpad_iv,VerihoggFormat,imported,True,0,ivtest,1357,30,0.00415,0.007278,0.013455,19.395
regress-sv_sv_var_module_iv,VerihoggFormat,imported,False,1,ivtest,874,30,0.004227,0.011712,0.021472,25.82
regress-vlg_task_nonansi_fail10_iv,VerihoggFormat,imported,False,0,ivtest,310,30,0.003035,0.008277,0.012244,17.449
regress-vlg_pr2815398b_iv,VerihoggFormat,imported,True,0,ivtest,873,30,0.005152,0.006822,0.015202,19.496
regress-synth_if_part_no_else2_iv,VerihoggFormat,imported,False,1,ivtest,1944,30,0.011599,0.002425,0.018082,25.938
regress-vlg_task_nonansi_fail11_iv,VerihoggFormat,imported,False,0,ivtest,270,30,0.0,0.011851,0.012514,17.953
regress-vlg_fdisplay_fail_fd_iv,VerihoggFormat,imported,True,0,ivtest,132,30,0.004281,0.006635,0.011008,17.652
regress-vlg_pr2039694_iv,VerihoggFormat,imported,True,0,ivtest,501,30,0.001464,0.009967,0.012629,19.98
regress-vlg_pr1971662b_iv,VerihoggFormat,imported,False,0,ivtest,149,30,0.004848,0.006307,0.011665,17.652
regress-vlg_pr1990269_iv,VerihoggFormat,imported,True,0,ivtest,633,30,0.0,0.012657,0.014619,19.938
regress-fsv_br_gh956b_iv,VerihoggFormat,imported,False,0,ivtest,187,30,0.005059,0.006437,0.012007,19.625
regress-vlg_pr2172606b_iv,VerihoggFormat,imported,False,1,ivtest,3241,30,0.004525,0.011521,0.029519,27.508
regress-vlg_pr2224949_iv,VerihoggFormat,imported,True,0,ivtest,265,30,0.004968,0.006255,0.01257,20.105
regress-sv_sv_ps_type_cast2_iv,VerihoggFormat,imported,False,1,ivtest,591,30,0.001205,0.012057,0.014081,22.344
regress-vlg_br_gh497c_iv,VerihoggFormat,imported,True,0,ivtest,877,30,0.004479,0.007751,0.017509,22.176
regress-vlg_br_gh632b_iv,VerihoggFormat,imported,False,1,ivtest,560,30,0.008151,0.003895,0.014056,20.098
regress-vlg_gen_case_opt1_iv,VerihoggFormat,imported,True,0,ivtest,264,30,0.008285,0.002841,0.012555,19.414
regress-vlg_task_nonansi_fail7_iv,VerihoggFormat,imported,False,0,ivtest,311,30,0.007727,0.003194,0.011289,17.867
regress-vlg_include2_iv,VerihoggFormat,imported,True,0,ivtest,910,30,0.009223,0.002834,0.014737,19.906
regress-vlg_task_port_range_mismatch_iv,VerihoggFormat,imported,False,0,ivtest,328,30,0.004038,0.007494,0.012458,20.156
regress-vlg_generate_case_iv,VerihoggFormat,imported,True,0,ivtest,1031,30,0.003885,0.009193,0.017001,21.781
regress-sv_sv_type_param5_iv,VerihoggFormat,imported,False,1,ivtest,462,30,0.006344,0.007232,0.015071,22.082
regress-vlg_pr987_iv,VerihoggFormat,imported,True,0,ivtest,498,30,0.005345,0.004794,0.011018,17.602
regress-vlg_unary_or_iv,VerihoggFormat,imported,True,0,ivtest,1434,30,0.011999,0.0,0.014719,20.184
regress-vlg_pr590_iv,VerihoggFormat,imported,True,0,ivtest,761,30,0.005008,0.006677,0.014877,19.938
regress-vlg_task_noop_iv,VerihoggFormat,imported,True,0,ivtest,1114,30,0.004989,0.006536,0.012918,17.371
regress-vlg_module_nonansi_fail13_iv,VerihoggFormat,imported,False,0,ivtest,200,30,0.006632,0.003574,0.010008,17.688
regress-vlg_br_gh99l_iv,VerihoggFormat,imported,True,0,ivtest,269,30,0.005096,0.006513,0.012386,19.969
regress-sv_fork_join_dis_iv,VerihoggFormat,imported,True,0,ivtest,2710,30,0.00458,0.009216,0.021329,24.18
regress-sv_cfunc_assign_op_vec_iv,VerihoggFormat,imported,True,0,ivtest,6668,30,0.013032,0.007517,0.051371,30.098
regress-synth_casesynth1_iv,VerihoggFormat,imported,False,1,ivtest,3043,30,0.010707,0.003,0.017978,22.223
regress-sv_module_port_typedef_array1_iv,VerihoggFormat,imported,False,1,ivtest,575,30,0.004235,0.010389,0.016476,22.102
regress-sv_sv_sign_cast2_iv,VerihoggFormat,imported,False,1,ivtest,1933,30,0.005432,0.013158,0.026261,29.898
regress-vlg_module_nonansi_integer_fail_iv,VerihoggFormat,imported,False,0,ivtest,355,30,0.004374,0.006012,0.010902,17.336
regress-vlg_pr1869781_iv,VerihoggFormat,imported,False,1,ivtest,624,30,0.004565,0.006382,0.011529,20.051
regress-sv_enum_method_signed2_iv,VerihoggFormat,imported,True,0,ivtest,727,30,0.001477,0.011172,0.01522,19.848
regress-sv_sv_class_constructor1_iv,VerihoggFormat,imported,True,0,ivtest,221,30,0.004342,0.007069,0.011594,17.965
regress-sv_br_gh129_iv,VerihoggFormat,imported,True,0,ivtest,242,30,0.003421,0.009334,0.013928,19.734
regress-vlg_bufif_iv,VerihoggFormat,imported,True,0,ivtest,2278,30,0.01021,0.003153,0.019408,21.703
regress-sv_program5a_iv,VerihoggFormat,imported,True,1,ivtest,164,30,0.004961,0.00302,0.007289,17.887
regress-vlg_repeat_expr_probe_iv,VerihoggFormat,imported,True,0,ivtest,356,30,0.005831,0.005079,0.011914,20.082
regress-vlg_pr2941939_iv,VerihoggFormat,imported,False,1,ivtest,679,30,0.01197,0.0,0.013103,20.117
regress-vlg_br_gh435_iv,VerihoggFormat,imported,False,1,ivtest,130,30,0.0,0.011087,0.011358,17.277
regress-sv_task_nonansi_atom2_fail_iv,VerihoggFormat,imported,False,0,ivtest,366,30,0.001187,0.010257,0.012107,18.07
regress-synth_br_gh99x_iv,VerihoggFormat,imported,True,0,ivtest,438,30,0.008078,0.003362,0.01342,19.996
regress-sv_sv_ps_method4_iv,VerihoggFormat,imported,True,0,ivtest,491,30,0.011828,0.0,0.01348,19.777
regress-vlg_pr2166188_iv,VerihoggFormat,imported,True,0,ivtest,398,30,0.008065,0.003408,0.013666,20.117
regress-vlg_check_constant_5_iv,VerihoggFormat,imported,False,0,ivtest,264,30,0.001463,0.010491,0.013663,20.02
regress-sv_sv_array_cassign_fail10_iv,VerihoggFormat,imported,False,0,ivtest,386,30,0.004625,0.006156,0.011667,17.465
regress-vlg_pr2723712_iv,VerihoggFormat,imported,True,0,ivtest,391,30,0.004388,0.007546,0.013823,20.066
regress-vlg_pr1735836_iv,VerihoggFormat,imported,True,0,ivtest,221,30,0.004741,0.006507,0.012187,19.879
regress-vlg_pr498b_iv,VerihoggFormat,imported,False,0,ivtest,1027,30,0.008369,0.003049,0.012009,17.668
regress-vlg_br_gh11_iv,VerihoggFormat,imported,True,0,ivtest,253,30,0.00405,0.007289,0.012707,19.73
regress-sv_sv_queue_oob_string_iv,VerihoggFormat,imported,True,0,ivtest,315,30,0.00121,0.010742,0.012675,19.812
regress-sv_sv_ps_function_fail2_iv,VerihoggFormat,imported,False,0,ivtest,267,30,0.004855,0.006428,0.011907,18.172
regress-sv_sv_queue_assign_fail6_iv,VerihoggFormat,imported,False,0,ivtest,229,30,0.008035,0.002878,0.011328,17.734
regress-vlg_pr3477107_iv,VerihoggFormat,imported,True,0,ivtest,754,30,0.003743,0.007803,0.014776,20.129
regress-vlg_pr2043585_iv,VerihoggFormat,imported,False,1,ivtest,573,30,0.004297,0.008049,0.01384,19.984
regress-vlg_pr307a_iv,VerihoggFormat,imported,True,0,ivtest,1832,30,0.002909,0.009559,0.017463,21.742
regress-vlg_pullupdown3_iv,VerihoggFormat,imported,False,1,ivtest,2624,30,0.008902,0.00453,0.019039,21.93
regress-vlg_ldelay2_iv,VerihoggFormat,imported,True,0,ivtest,1333,30,0.004859,0.006198,0.013213,19.969
regress-vlg_comp1001_fail3_iv,VerihoggFormat,imported,True,0,ivtest,1135,30,0.001455,0.009813,0.012812,19.68
regress-sv_net_darray_fail_iv,VerihoggFormat,imported,False,0,ivtest,158,30,0.00422,0.006167,0.010545,17.648
regress-vlg_nb_ec_concat_iv,VerihoggFormat,imported,False,1,ivtest,2008,30,0.012736,0.006014,0.032729,30.191
regress-sv_sv_typedef_fwd_enum3_iv,VerihoggFormat,imported,True,0,ivtest,338,30,0.003983,0.006991,0.012527,19.648
regress-vlg_pr1916261_iv,VerihoggFormat,imported,True,0,ivtest,516,30,0.008171,0.003529,0.014109,20.203
regress-synth_case_wo_default_iv,VerihoggFormat,imported,False,1,ivtest,813,30,0.011783,0.0,0.013413,19.988
regress-vlg_pr1823732_iv,VerihoggFormat,imported,True,0,ivtest,482,30,0.006919,0.004409,0.013136,20.086
regress-vlg_readmemh4_iv,VerihoggFormat,imported,True,0,ivtest,1396,30,0.008104,0.003971,0.016173,19.645
regress-sv_br_gh390a_iv,VerihoggFormat,imported,True,1,ivtest,1061,30,0.005175,0.003153,0.007905,19.59
regress-sv_br_gh661b_iv,VerihoggFormat,imported,True,0,ivtest,940,30,0.001291,0.011186,0.01745,21.77
regress-synth_basiclatch_iv,VerihoggFormat,imported,True,0,ivtest,1714,30,0.00792,0.003861,0.014972,19.543
regress-sv_br_gh72b_fail_iv,VerihoggFormat,imported,True,1,ivtest,342,30,0.003525,0.004109,0.006891,19.652
regress-vlg_idiv2_iv,VerihoggFormat,imported,True,0,ivtest,1398,30,0.007069,0.003929,0.012968,20.023
regress-vlg_disable36A_iv,VerihoggFormat,imported,True,0,ivtest,1809,30,0.008726,0.003939,0.016027,19.852
regress-vlg_porttest5_iv,VerihoggFormat,imported,True,0,ivtest,1566,30,0.00636,0.00567,0.015272,19.906
regress-vlg_pr1719055_iv,VerihoggFormat,imported,True,0,ivtest,1522,30,0.005015,0.006944,0.01535,20.016
regress-vlg_pr1978358d_iv,VerihoggFormat,imported,True,0,ivtest,943,30,0.005057,0.00745,0.014913,19.688
regress-vlg_pr1696137_iv,VerihoggFormat,imported,True,0,ivtest,567,30,0.001203,0.010352,0.013499,19.891
regress-vlg_pv_wr_vec4_nb_iv,VerihoggFormat,imported,False,1,ivtest,1780,30,0.010685,0.006648,0.02485,30.039
regress-vlg_readmemh1_iv,VerihoggFormat,imported,True,0,ivtest,1411,30,0.007273,0.00324,0.012911,19.844
regress-vlg_constfunc3_iv,VerihoggFormat,imported,True,0,ivtest,1808,30,0.003924,0.010905,0.026322,25.984
regress-vlg_always315E_iv,VerihoggFormat,imported,True,0,ivtest,1328,30,0.005022,0.006887,0.013258,20.078
regress-sv_string_index_iv,VerihoggFormat,imported,True,0,ivtest,1215,30,0.010978,0.0,0.012921,19.551
regress-sv_br_gh307_iv,VerihoggFormat,imported,True,0,ivtest,689,30,0.002989,0.008551,0.013949,20.137
regress-vlg_scope2_iv,VerihoggFormat,imported,False,1,ivtest,1552,30,0.0,0.011043,0.01183,20.004
regress-sv_br_gh289a_iv,VerihoggFormat,imported,True,0,ivtest,434,30,0.006754,0.005158,0.01373,19.77
regress-vlg_pr1845683_iv,VerihoggFormat,imported,True,0,ivtest,591,30,0.007212,0.00341,0.012203,20.18
regress-vlg_contrib83_iv,VerihoggFormat,imported,False,0,ivtest,1070,30,0.006027,0.00426,0.010911,17.098
regress-sv_sv_darray4_iv,VerihoggFormat,imported,True,0,ivtest,1133,30,0.004404,0.008126,0.017451,21.703
regress-sv_pr3462145_iv,VerihoggFormat,imported,True,0,ivtest,224,30,0.0,0.011523,0.012981,20.301
regress-vlg_porttest4a_iv,VerihoggFormat,imported,False,0,ivtest,378,30,0.001466,0.009235,0.0109,17.738
regress-sv_sv_class_method_signed2_iv,VerihoggFormat,imported,True,0,ivtest,520,30,0.001328,0.010807,0.014053,19.992
regress-vlg_module_nonansi_fail10_iv,VerihoggFormat,imported,False,0,ivtest,203,30,0.00278,0.008199,0.011377,17.113
regress-sv_sv_ps_type_enum1_iv,VerihoggFormat,imported,False,1,ivtest,597,30,0.004122,0.009158,0.015368,22.203
regress-vlg_assign_nb2_iv,VerihoggFormat,imported,True,0,ivtest,1407,30,0.004415,0.006896,0.013426,20.113
regress-sv_br_gh219_iv,VerihoggFormat,imported,True,0,ivtest,412,30,0.007499,0.003754,0.01331,19.551
regress-vlg_br_gh283b_iv,VerihoggFormat,imported,True,0,ivtest,377,30,0.004238,0.007902,0.014184,19.992
regress-vlg_pr2877564_iv,VerihoggFormat,imported,False,0,ivtest,87,30,0.001418,0.00975,0.011681,17.496
regress-sv_sv_package3_iv,VerihoggFormat,imported,True,0,ivtest,597,30,0.001515,0.010556,0.014201,20.426
regress-vlg_pr1645518_iv,VerihoggFormat,imported,True,0,ivtest,745,30,0.008445,0.003886,0.016591,20.109
regress-sv_assign_op_after_cmp1_iv,VerihoggFormat,imported,True,0,ivtest,545,30,0.003353,0.007534,0.012314,19.941
regress-vlg_pr2215342_iv,VerihoggFormat,imported,True,0,ivtest,98,30,0.003121,0.008722,0.011876,17.727
regress-vlg_array_lval_select2_iv,VerihoggFormat,imported,True,0,ivtest,3345,30,0.009903,0.005829,0.030937,27.801
regress-vlg_else1_iv,VerihoggFormat,imported,True,0,ivtest,1217,30,0.001432,0.010106,0.013094,19.723
regress-vlg_br_gh198_iv,VerihoggFormat,imported,True,0,ivtest,1607,30,0.0,0.014459,0.023839,26.051
regress-vlg_br960d_iv,VerihoggFormat,imported,True,0,ivtest,939,30,0.006799,0.005698,0.016544,22.004
regress-vlg_nested_impl_event2_iv,VerihoggFormat,imported,True,0,ivtest,261,30,0.007186,0.003295,0.011598,19.863
regress-vlg_br_gh330_iv,VerihoggFormat,imported,True,0,ivtest,36673,30,1.112327,0.100568,1.715627,393.824
regress-sv_sv_class_compat_fail2_iv,VerihoggFormat,imported,False,0,ivtest,343,30,0.007998,0.002931,0.011897,17.992
regress-sv_sv_timeunit_prec4a_iv,VerihoggFormat,imported,True,0,ivtest,2290,30,0.008578,0.004225,0.018174,22.016
regress-sv_sv_port_default12_iv,VerihoggFormat,imported,True,0,ivtest,622,30,0.008884,0.002989,0.015223,19.992
regress-vlg_ptest001_iv,VerihoggFormat,imported,True,0,ivtest,1389,30,0.005508,0.006765,0.015251,20.203
regress-synth_case4_iv,VerihoggFormat,imported,False,1,ivtest,1179,30,0.001275,0.010822,0.014255,21.723
regress-sv_br956_iv,VerihoggFormat,imported,True,0,ivtest,888,30,0.006567,0.005057,0.014087,19.941
regress-sv_enum_base_fail_string2_iv,VerihoggFormat,imported,False,0,ivtest,205,30,0.003928,0.006172,0.010694,17.703
regress-vlg_resetall2_iv,VerihoggFormat,imported,True,0,ivtest,238,30,0.001263,0.00861,0.010612,18.066
regress-vlg_pr1780480_iv,VerihoggFormat,imported,True,0,ivtest,381,30,0.004726,0.006209,0.012065,19.941
regress-vlg_pr1703959_iv,VerihoggFormat,imported,True,0,ivtest,355,30,0.00909,0.003103,0.013714,19.871
regress-sv_sv_queue_oob_vec2_iv,VerihoggFormat,imported,True,0,ivtest,334,30,0.001399,0.010226,0.012467,19.52
regress-vlg_pr2117488_iv,VerihoggFormat,imported,True,0,ivtest,453,30,0.00432,0.007559,0.014086,20.047
regress-vlg_pr1963960_iv,VerihoggFormat,imported,True,0,ivtest,1313,30,0.00523,0.007902,0.018176,21.973
regress-vlg_pullupdown2_iv,VerihoggFormat,imported,False,1,ivtest,2408,30,0.001366,0.011546,0.018188,22.055
regress-vlg_event3_iv,VerihoggFormat,imported,False,1,ivtest,572,30,0.004623,0.007753,0.014229,20.082
regress-vlg_sdw_stmt002_iv,VerihoggFormat,imported,True,0,ivtest,4252,30,0.006209,0.007963,0.023248,26.133
regress-sv_sv_queue_method_signed1_iv,VerihoggFormat,imported,False,1,ivtest,2267,30,0.008666,0.00858,0.028863,27.633
regress-vlg_always311D_iv,VerihoggFormat,imported,True,0,ivtest,1378,30,0.0076,0.003454,0.012502,19.895
regress-vlg_pr1115_iv,VerihoggFormat,imported,False,1,ivtest,419,30,0.001347,0.010656,0.013163,19.973
regress-synth_for_loop_synth2_iv,VerihoggFormat,imported,False,1,ivtest,997,30,0.004561,0.008646,0.015447,21.863
regress-vlg_pr1636409_iv,VerihoggFormat,imported,True,0,ivtest,594,30,0.009873,0.00131,0.013446,19.902
regress-vlg_pr2428890_iv,VerihoggFormat,imported,True,0,ivtest,708,30,0.009359,0.003438,0.021122,19.434
regress-vlg_pr2138979d_iv,VerihoggFormat,imported,True,0,ivtest,9714,30,0.013318,0.007937,0.055849,29.738
regress-vlg_real6_iv,VerihoggFormat,imported,True,0,ivtest,392,30,0.004149,0.007502,0.013873,19.688
regress-vlg_fscanf_u_warn_iv,VerihoggFormat,imported,True,0,ivtest,4094,30,0.010274,0.005628,0.030443,28.094
regress-vlg_pr3054101a_iv,VerihoggFormat,imported,True,0,ivtest,8129,30,0.020167,0.0,0.050909,30.133
regress-sv_sv_queue_oob_vec4_iv,VerihoggFormat,imported,True,0,ivtest,337,30,0.004327,0.007229,0.012903,19.824
regress-sv_sv_typedef_fwd_struct_fail_iv,VerihoggFormat,imported,False,0,ivtest,249,30,0.007878,0.002813,0.011462,17.742
regress-vlg_lh_varindx_iv,VerihoggFormat,imported,True,0,ivtest,1419,30,0.008821,0.002862,0.014567,20.129
regress-vlg_pr905_iv,VerihoggFormat,imported,True,0,ivtest,153,30,0.00614,0.004368,0.010869,17.824
regress-vlg_check_constant_6_iv,VerihoggFormat,imported,False,0,ivtest,264,30,0.008196,0.002975,0.013398,19.434
regress-sv_br_gh231_iv,VerihoggFormat,imported,True,0,ivtest,263,30,0.007908,0.00325,0.012324,19.812
regress-vlg_pr2781595_iv,VerihoggFormat,imported,False,1,ivtest,1599,30,0.004453,0.009439,0.018477,25.766
regress-vlg_pr1639971_iv,VerihoggFormat,imported,True,0,ivtest,420,30,0.011612,0.0,0.013367,20.102
regress-vlg_pr2823414_iv,VerihoggFormat,imported,False,0,ivtest,220,30,0.00455,0.006987,0.011932,17.543
regress-vlg_con_tri_iv,VerihoggFormat,imported,False,1,ivtest,2127,30,0.012721,0.0,0.01492,22.062
regress-vlg_timescale1_iv,VerihoggFormat,imported,False,1,ivtest,2056,30,0.004241,0.007526,0.014147,21.703
regress-vlg_pr572b_iv,VerihoggFormat,imported,True,0,ivtest,956,30,0.004295,0.007068,0.012608,20.051
regress-vlg_pr3527022_iv,VerihoggFormat,imported,True,0,ivtest,1897,30,0.004401,0.009454,0.024518,26.105
regress-vlg_event_list3_iv,VerihoggFormat,imported,True,0,ivtest,1248,30,0.00842,0.003938,0.014761,19.879
regress-sv_sv_class_super4_iv,VerihoggFormat,imported,True,0,ivtest,328,30,0.006401,0.00508,0.012593,20.16
regress-vlg_rtranif1_iv,VerihoggFormat,imported,True,0,ivtest,5701,30,0.008678,0.011043,0.048147,30.168
regress-vlg_multiply_large_iv,VerihoggFormat,imported,True,0,ivtest,3249,30,0.004684,0.012469,0.036596,28.062
regress-vlg_tran_iv,VerihoggFormat,imported,True,0,ivtest,3438,30,0.006995,0.009754,0.033427,27.656
regress-vlg_pr2918095_iv,VerihoggFormat,imported,True,0,ivtest,652,30,0.008568,0.003001,0.014645,20.098
regress-sv_sv_wildcard_import6_iv,VerihoggFormat,imported,True,0,ivtest,590,30,0.001279,0.010386,0.015254,20.305
regress-vlg_br_gh163_iv,VerihoggFormat,imported,False,0,ivtest,146,30,0.007603,0.00292,0.011125,17.391
regress-vlg_task314A_iv,VerihoggFormat,imported,True,0,ivtest,1167,30,0.0,0.011173,0.012462,19.32
regress-vlg_pr1601896_iv,VerihoggFormat,imported,True,0,ivtest,115,30,0.004954,0.005755,0.011142,17.734
regress-sv_implicit_cast2_iv,VerihoggFormat,imported,True,0,ivtest,6587,30,0.014653,0.006791,0.050811,29.891
regress-sv_br1004_iv,VerihoggFormat,imported,True,0,ivtest,386,30,0.00352,0.008284,0.013042,20.102
regress-sv_br_gh672_iv,VerihoggFormat,imported,True,0,ivtest,563,30,0.004947,0.006942,0.013972,19.988
regress-vlg_pr1958801_iv,VerihoggFormat,imported,True,0,ivtest,586,30,0.0,0.012911,0.015492,19.836
regress-vlg_pr2593733_iv,VerihoggFormat,imported,False,1,ivtest,301,30,0.001344,0.010593,0.014587,19.992
regress-vlg_ca_pow_unsigned_iv,VerihoggFormat,imported,True,0,ivtest,1022,30,0.003521,0.008248,0.014934,20.051
regress-sv_sv_var_for_fail_iv,VerihoggFormat,imported,True,1,ivtest,292,30,0.002466,0.004857,0.007005,17.391
regress-sv_sv_port_default13_iv,VerihoggFormat,imported,False,0,ivtest,236,30,0.00339,0.008427,0.01265,17.656
regress-vlg_pr1913937_iv,VerihoggFormat,imported,True,0,ivtest,877,30,0.004502,0.00695,0.013807,19.262
regress-synth_pr685_iv,VerihoggFormat,imported,False,1,ivtest,923,30,0.008106,0.003685,0.013793,21.887
regress-sv_pr3366217e_iv,VerihoggFormat,imported,True,0,ivtest,1027,30,0.007833,0.004047,0.015484,20.113
regress-sv_partsel_real_idx_iv,VerihoggFormat,imported,False,0,ivtest,1066,30,0.004222,0.008564,0.019362,23.473
regress-sv_br_gh540_iv,VerihoggFormat,imported,True,0,ivtest,1607,30,0.004157,0.008915,0.019758,23.875
regress-vlg_pr2159630_iv,VerihoggFormat,imported,True,0,ivtest,383,30,0.009488,0.00138,0.013134,19.945
regress-vlg_qmark1_iv,VerihoggFormat,imported,True,0,ivtest,2606,30,0.005058,0.007229,0.017775,24.086
regress-sv_br_gh164d_iv,VerihoggFormat,imported,True,0,ivtest,783,30,0.007968,0.005503,0.018885,23.711
regress-synth_casesynth7_iv,VerihoggFormat,imported,False,1,ivtest,605,30,0.003927,0.007498,0.01251,19.496
regress-synth_br994_iv,VerihoggFormat,imported,False,1,ivtest,537,30,0.001436,0.010838,0.013754,20.254
regress-vlg_pr1877740_iv,VerihoggFormat,imported,True,0,ivtest,462,30,0.007674,0.003736,0.013268,19.898
regress-vlg_always311J_iv,VerihoggFormat,imported,True,0,ivtest,1713,30,0.003106,0.009196,0.014711,20.148
regress-sv_sv_port_default4_iv,VerihoggFormat,imported,True,0,ivtest,911,30,0.007966,0.003898,0.014735,20.137
regress-vlg_pr2580730_iv,VerihoggFormat,imported,True,0,ivtest,1423,30,0.01176,0.001501,0.018806,21.613
regress-vlg_unary_lnot2_iv,VerihoggFormat,imported,True,0,ivtest,1056,30,0.008035,0.003808,0.012909,19.754
regress-vlg_pr544_iv,VerihoggFormat,imported,True,0,ivtest,1055,30,0.004198,0.007715,0.016338,22.086
regress-vlg_varlsfht2_iv,VerihoggFormat,imported,True,0,ivtest,3059,30,0.004395,0.00894,0.022463,26.004
regress-vlg_pr2352834_iv,VerihoggFormat,imported,True,0,ivtest,580,30,0.005139,0.006481,0.013454,19.859
regress-sv_sv_foreach4_iv,VerihoggFormat,imported,True,0,ivtest,2173,30,0.009117,0.004506,0.020266,23.891
regress-vlg_memassign_iv,VerihoggFormat,imported,True,0,ivtest,2701,30,0.008121,0.004116,0.017912,24.133
regress-sv_br974b_iv,VerihoggFormat,imported,True,0,ivtest,338,30,0.007212,0.004447,0.013905,19.918
regress-vlg_pr2971207_iv,VerihoggFormat,imported,True,0,ivtest,3509,30,0.009097,0.005064,0.024591,26.195
regress-vlg_br_gh1175a_iv,VerihoggFormat,imported,False,0,ivtest,94,30,0.001289,0.009656,0.011615,17.379
regress-vlg_pr3054101g_iv,VerihoggFormat,imported,True,0,ivtest,6741,30,0.007985,0.010747,0.044898,29.969
regress-vlg_constfunc15_iv,VerihoggFormat,imported,True,0,ivtest,1371,30,0.006017,0.006981,0.020718,24.148
regress-vlg_landor1_iv,VerihoggFormat,imported,True,0,ivtest,265,30,0.004095,0.006903,0.012276,19.965
regress-sv_sv_port_default8_iv,VerihoggFormat,imported,True,0,ivtest,1810,30,0.004345,0.008499,0.018849,24.109
regress-vlg_fork319B_iv,VerihoggFormat,imported,True,0,ivtest,1849,30,0.009524,0.003049,0.016128,20.117
regress-sv_pull371b_iv,VerihoggFormat,imported,False,1,ivtest,446,30,0.004777,0.006483,0.012381,19.734
regress-vlg_task_nonansi_fail8_iv,VerihoggFormat,imported,False,0,ivtest,263,30,0.008225,0.00323,0.011863,17.844
regress-sv_br974c_iv,VerihoggFormat,imported,True,0,ivtest,367,30,0.0,0.012082,0.014369,20.176
regress-vlg_specify3_iv,VerihoggFormat,imported,True,0,ivtest,678,30,0.009011,0.003776,0.016659,20.102
regress-vlg_module_nonansi_vec_fail3_iv,VerihoggFormat,imported,False,0,ivtest,289,30,0.004609,0.006092,0.011469,17.191
regress-vlg_unary_lnot3_iv,VerihoggFormat,imported,True,0,ivtest,1710,30,0.004166,0.008673,0.014988,20.219
regress-vlg_bitwidth_iv,VerihoggFormat,imported,False,1,ivtest,1258,30,0.008128,0.003746,0.012737,19.684
regress-sv_iuint1_iv,VerihoggFormat,imported,True,0,ivtest,1495,30,0.008084,0.004365,0.018828,24.234
regress-vlg_hello1_iv,VerihoggFormat,imported,True,0,ivtest,1083,30,0.003747,0.006696,0.010936,17.816
regress-vlg_pr2801662_iv,VerihoggFormat,imported,True,0,ivtest,496,30,0.007935,0.003532,0.013185,20.18
regress-vlg_pr1963240_iv,VerihoggFormat,imported,True,0,ivtest,335,30,0.004443,0.007304,0.01348,19.992
regress-vlg_automatic_task3_iv,VerihoggFormat,imported,True,0,ivtest,441,30,0.0,0.012719,0.015496,20.004
regress-sv_br_gh177b_iv,VerihoggFormat,imported,True,0,ivtest,872,30,0.00124,0.010553,0.015516,20.156
regress-vlg_comp1001_iv,VerihoggFormat,imported,False,1,ivtest,71008,360,51.882333,1.886212,54.060181,6926.156
regress-synth_br_gh99v_iv,VerihoggFormat,imported,True,0,ivtest,366,30,0.004856,0.00643,0.013435,19.578
regress-sv_always_latch_iv,VerihoggFormat,imported,True,0,ivtest,1671,30,0.008976,0.004284,0.020101,24.191
regress-vlg_pr1403406_iv,VerihoggFormat,imported,True,0,ivtest,297,30,0.00411,0.006686,0.011679,17.613
regress-vlg_signed1_iv,VerihoggFormat,imported,True,0,ivtest,1732,30,0.005391,0.007207,0.015454,20.098
regress-sv_enum_compatibility_fail7_iv,VerihoggFormat,imported,False,0,ivtest,328,30,0.007796,0.003755,0.012674,19.594
regress-vlg_br961a_iv,VerihoggFormat,imported,False,0,ivtest,141,30,0.004273,0.006218,0.011155,17.871
regress-sv_sv_queue_assign_fail2_iv,VerihoggFormat,imported,False,0,ivtest,297,30,0.001418,0.010571,0.012692,18.016
regress-vlg_pr1832097a_iv,VerihoggFormat,imported,True,0,ivtest,971,30,0.008891,0.003675,0.016386,21.902
regress-vlg_pr2425055c_iv,VerihoggFormat,imported,False,1,ivtest,992,30,0.002892,0.00946,0.013685,21.902
regress-vlg_br_gh26_iv,VerihoggFormat,imported,False,0,ivtest,254,30,0.003385,0.00815,0.012548,19.719
regress-sv_br1015b_iv,VerihoggFormat,imported,True,0,ivtest,396,30,0.001424,0.010704,0.014427,20.039
regress-vlg_br_gh99u_iv,VerihoggFormat,imported,True,0,ivtest,349,30,0.005137,0.006787,0.013697,19.758
regress-sv_parpkg_test_iv,VerihoggFormat,imported,True,0,ivtest,660,30,0.004423,0.007804,0.013293,20.301
regress-vlg_param_eq3_iv,VerihoggFormat,imported,True,0,ivtest,1129,30,0.007593,0.00358,0.011889,17.777
regress-vlg_pr1598445_iv,VerihoggFormat,imported,False,1,ivtest,677,30,0.011851,0.0,0.013508,20.031
regress-vlg_pr1581580_iv,VerihoggFormat,imported,False,1,ivtest,761,30,0.005374,0.006465,0.013425,19.734
regress-sv_sv_var_package_iv,VerihoggFormat,imported,False,1,ivtest,912,30,0.00657,0.009901,0.022123,25.723
regress-vlg_pr1868991b_iv,VerihoggFormat,imported,True,0,ivtest,205,30,0.0115,0.0,0.012465,19.453
regress-sv_sv_export5_iv,VerihoggFormat,imported,True,0,ivtest,415,30,0.007577,0.003307,0.012243,19.266
regress-vlg_gate_connect2_iv,VerihoggFormat,imported,False,0,ivtest,454,30,0.003571,0.008348,0.01359,19.949
regress-sv_sv_class19_iv,VerihoggFormat,imported,True,0,ivtest,1507,30,0.007102,0.005361,0.015819,19.875
regress-vlg_escape2b_iv,VerihoggFormat,imported,False,1,ivtest,512,30,0.004114,0.007341,0.012603,19.324
regress-vlg_constadd_iv,VerihoggFormat,imported,True,0,ivtest,1177,30,0.00147,0.010875,0.01387,19.836
regress-vlg_br960b_iv,VerihoggFormat,imported,True,0,ivtest,947,30,0.004073,0.008839,0.017136,21.625
regress-sv_union_packed_darray_fail_iv,VerihoggFormat,imported,False,0,ivtest,197,30,0.00771,0.00331,0.011804,17.445
regress-sv_br_gh451_iv,VerihoggFormat,imported,True,0,ivtest,409,30,0.004897,0.006478,0.012547,19.789
regress-vlg_select_padding_iv,VerihoggFormat,imported,True,0,ivtest,1227,30,0.004518,0.009186,0.018734,24.09
regress-sv_sv_array_cassign5_iv,VerihoggFormat,imported,True,0,ivtest,313,30,0.007792,0.003266,0.011744,19.734
regress-sv_logical_short_circuit_iv,VerihoggFormat,imported,True,0,ivtest,2235,30,0.010826,0.003007,0.023875,26.023
regress-vlg_pr2909414_iv,VerihoggFormat,imported,True,0,ivtest,461,30,0.004379,0.007718,0.014427,20.305
regress-sv_func_empty_arg_fail3_iv,VerihoggFormat,imported,False,0,ivtest,289,30,0.003028,0.008542,0.012008,17.723
regress-vlg_pr1822658_iv,VerihoggFormat,imported,True,0,ivtest,137,30,0.00804,0.002856,0.011629,17.258
regress-sv_sv_class2_iv,VerihoggFormat,imported,True,0,ivtest,831,30,0.007674,0.003841,0.014545,19.816
regress-sv_sint_test_iv,VerihoggFormat,imported,True,0,ivtest,11716,30,0.00972,0.011559,0.051152,29.98
regress-sv_always_ff_iv,VerihoggFormat,imported,True,0,ivtest,761,30,0.008155,0.003691,0.01517,19.766
regress-sv_sv_ps_function6_iv,VerihoggFormat,imported,True,0,ivtest,503,30,0.004462,0.007471,0.013841,19.414
regress-sv_ibyte_test_iv,VerihoggFormat,imported,True,0,ivtest,2651,30,0.004074,0.009417,0.019826,24.004
regress-vlg_pr1691599b_iv,VerihoggFormat,imported,False,1,ivtest,593,30,0.007662,0.003358,0.012769,19.625
regress-vlg_unary_nand2_iv,VerihoggFormat,imported,True,0,ivtest,1510,30,0.008026,0.003448,0.014166,20.027
regress-sv_implicitport5_iv,VerihoggFormat,imported,False,1,ivtest,492,30,0.008419,0.003759,0.013385,19.914
regress-vlg_pr2123190_iv,VerihoggFormat,imported,False,1,ivtest,709,30,0.0,0.011902,0.014025,19.723
regress-sv_pr3390385c_iv,VerihoggFormat,imported,True,0,ivtest,766,30,0.008383,0.004162,0.016447,21.922
regress-sv_sv_ps_var1_iv,VerihoggFormat,imported,False,1,ivtest,536,30,0.00451,0.008143,0.013678,22.254
regress-vlg_pr1746401_iv,VerihoggFormat,imported,False,1,ivtest,389,30,0.007985,0.004114,0.012851,19.977
regress-sv_enum_in_class_name_coll_iv,VerihoggFormat,imported,False,0,ivtest,225,30,0.003206,0.007259,0.01077,17.223
regress-vlg_urand_r_iv,VerihoggFormat,imported,True,0,ivtest,293,30,0.001481,0.010352,0.012707,19.938
regress-vlg_pr1024_iv,VerihoggFormat,imported,True,0,ivtest,158,30,0.00844,0.002963,0.01152,17.895
regress-vlg_pr1694427_iv,VerihoggFormat,imported,False,1,ivtest,432,30,0.004275,0.007387,0.012658,19.773
regress-sv_sv_queue_copy_empty1_iv,VerihoggFormat,imported,True,0,ivtest,303,30,0.00753,0.004626,0.013134,19.855
regress-vlg_generate_multi_loop_iv,VerihoggFormat,imported,True,0,ivtest,2251,30,0.004257,0.011116,0.028656,28.141
regress-vlg_pr541_iv,VerihoggFormat,imported,True,0,ivtest,276,30,0.007664,0.003945,0.013043,19.91
regress-vlg_pca1_iv,VerihoggFormat,imported,True,0,ivtest,1609,30,0.00758,0.003784,0.013816,19.824
regress-vlg_pr2809288_iv,VerihoggFormat,imported,False,0,ivtest,160,30,0.007965,0.003686,0.012707,19.199
regress-vlg_delay_assign_nb2_iv,VerihoggFormat,imported,False,1,ivtest,1358,30,0.006732,0.005115,0.012691,19.895
regress-sv_sv_typedef_nested_array_iv,VerihoggFormat,imported,False,1,ivtest,826,30,0.010002,0.004255,0.020386,25.742
regress-vlg_pr3582052_iv,VerihoggFormat,imported,True,0,ivtest,1885,30,0.007501,0.006111,0.024386,26.035
regress-vlg_case38A_iv,VerihoggFormat,imported,False,1,ivtest,1690,30,0.008171,0.003912,0.013551,20.059
regress-vlg_br_gh345_iv,VerihoggFormat,imported,True,0,ivtest,3000,30,0.00125,0.013325,0.024916,26.062
regress-vlg_porttest2_iv,VerihoggFormat,imported,True,0,ivtest,1419,30,0.006805,0.005575,0.016571,21.852
regress-vlg_pr1657307_iv,VerihoggFormat,imported,True,0,ivtest,733,30,0.006785,0.005127,0.015486,20.086
regress-sv_br959_iv,VerihoggFormat,imported,True,0,ivtest,849,30,0.00314,0.008562,0.013905,19.324
regress-vlg_pr572_iv,VerihoggFormat,imported,True,0,ivtest,954,30,0.007665,0.003652,0.012585,19.543
regress-vlg_pr2722330b_iv,VerihoggFormat,imported,True,0,ivtest,1328,30,0.005622,0.00728,0.017641,21.969
regress-vlg_concat_zero_wid_fail_iv,VerihoggFormat,imported,False,0,ivtest,135,30,0.001395,0.009964,0.011728,17.645
regress-vlg_pow_ca_unsigned_iv,VerihoggFormat,imported,True,0,ivtest,704,30,0.0,0.011775,0.015067,20.012
regress-vlg_string4_iv,VerihoggFormat,imported,True,0,ivtest,1526,30,0.006273,0.004971,0.013681,20.102
regress-vlg_idiv1_iv,VerihoggFormat,imported,False,1,ivtest,2621,30,0.004186,0.009022,0.015921,23.785
regress-sv_enum_compatibility_fail8_iv,VerihoggFormat,imported,False,0,ivtest,325,30,0.008456,0.003363,0.012596,19.418
regress-vlg_param_and2_iv,VerihoggFormat,imported,True,0,ivtest,1120,30,0.006272,0.004123,0.011182,17.504
regress-vlg_pr2597278b_iv,VerihoggFormat,imported,False,0,ivtest,527,30,0.0,0.01219,0.014527,19.539
regress-vlg_pr910_iv,VerihoggFormat,imported,False,1,ivtest,713,30,0.004734,0.007198,0.015552,19.988
regress-vlg_pr1029_iv,VerihoggFormat,imported,False,1,ivtest,223,30,0.001227,0.009663,0.011403,19.848
regress-sv_struct6_iv,VerihoggFormat,imported,False,1,ivtest,483,30,0.008458,0.003243,0.012424,19.879
regress-vlg_generate_case3_iv,VerihoggFormat,imported,True,0,ivtest,540,30,0.002987,0.008997,0.014469,19.938
regress-vlg_sys_func_task_error_iv,VerihoggFormat,imported,False,0,ivtest,387,30,0.010674,0.0,0.012152,17.918
regress-vlg_automatic_error8_iv,VerihoggFormat,imported,True,1,ivtest,140,30,0.002927,0.005392,0.007626,17.387
regress-sv_sv_ap_parray3_iv,VerihoggFormat,imported,True,0,ivtest,576,30,0.007897,0.003431,0.013491,20.02
regress-vlg_ram16x1_iv,VerihoggFormat,imported,False,1,ivtest,1646,30,0.009446,0.003194,0.014753,19.613
regress-vlg_pr547_iv,VerihoggFormat,imported,True,0,ivtest,318,30,0.007793,0.003333,0.012136,20.027
regress-sv_sv_class5_iv,VerihoggFormat,imported,True,0,ivtest,891,30,0.001458,0.010778,0.014709,19.719
regress-vlg_pr3499807_iv,VerihoggFormat,imported,True,0,ivtest,226,30,0.004481,0.007437,0.013377,19.5
regress-vlg_drive_strength2_iv,VerihoggFormat,imported,True,0,ivtest,1482,30,0.004087,0.007508,0.014962,19.5
regress-vlg_pr2450244_iv,VerihoggFormat,imported,False,1,ivtest,759,30,0.008106,0.002885,0.012472,19.965
regress-vlg_fscanf_z_warn_iv,VerihoggFormat,imported,True,0,ivtest,3914,30,0.004628,0.011716,0.029834,27.844
regress-vlg_br_gh356b_iv,VerihoggFormat,imported,True,0,ivtest,516,30,0.008273,0.003913,0.015755,19.836
regress-vlg_array_word_width_iv,VerihoggFormat,imported,True,0,ivtest,155,30,0.001529,0.009743,0.011911,17.766
regress-vlg_task_nonansi_vec_fail2_iv,VerihoggFormat,imported,False,0,ivtest,326,30,0.00758,0.002482,0.010964,17.461
regress-vlg_constfunc13_iv,VerihoggFormat,imported,True,0,ivtest,2488,30,0.009475,0.005174,0.026566,25.621
regress-vlg_pv_wr_vec4_nb_ec_iv,VerihoggFormat,imported,False,1,ivtest,1895,30,0.003241,0.014496,0.025163,29.742
regress-vlg_pr2913404_iv,VerihoggFormat,imported,True,0,ivtest,1617,30,0.005523,0.007153,0.021312,24.188
regress-vlg_pullupdown_iv,VerihoggFormat,imported,False,1,ivtest,2730,30,0.008572,0.004183,0.01757,22.121
regress-vlg_pr1903520_iv,VerihoggFormat,imported,True,0,ivtest,167,30,0.011456,0.0,0.01248,19.953
regress-vlg_pr355_iv,VerihoggFormat,imported,True,0,ivtest,2088,30,0.004217,0.007317,0.014448,19.941
regress-vlg_pr2728812b_iv,VerihoggFormat,imported,False,0,ivtest,1164,30,0.008284,0.004195,0.018339,23.684
regress-vlg_module_nonansi_fail3_iv,VerihoggFormat,imported,False,0,ivtest,191,30,0.003313,0.007397,0.011201,17.336
regress-vlg_attrib06_operator_suffix_iv,VerihoggFormat,imported,True,0,ivtest,540,30,0.005065,0.006691,0.014556,19.949
regress-vlg_check_constant_18_iv,VerihoggFormat,imported,False,0,ivtest,264,30,0.007612,0.003524,0.012755,19.961
regress-vlg_pr1912843_iv,VerihoggFormat,imported,True,0,ivtest,202,30,0.007514,0.003692,0.012363,19.918
regress-vlg_br_gh1175b_iv,VerihoggFormat,imported,False,0,ivtest,102,30,0.003404,0.007825,0.011564,17.617
regress-vlg_param_expr_iv,VerihoggFormat,imported,True,0,ivtest,1126,30,0.009558,0.001486,0.011741,17.871
regress-sv_ibit_test_iv,VerihoggFormat,imported,True,0,ivtest,2728,30,0.002931,0.01002,0.020715,23.777
regress-vlg_pr1949025_iv,VerihoggFormat,imported,True,0,ivtest,168,30,0.002947,0.008127,0.012177,19.301
regress-vlg_sdf7_iv,VerihoggFormat,imported,True,0,ivtest,574,30,0.004579,0.007432,0.014518,19.836
regress-vlg_pr1913918a_iv,VerihoggFormat,imported,False,1,ivtest,260,30,0.01149,0.0,0.011989,19.609
regress-sv_plus_5_iv,VerihoggFormat,imported,False,1,ivtest,1491,30,0.014031,0.0,0.017259,25.5
regress-vlg_pr913_iv,VerihoggFormat,imported,False,1,ivtest,344,30,0.009625,0.001219,0.010911,17.754
regress-vlg_unary_minus4_iv,VerihoggFormat,imported,False,1,ivtest,475,30,0.006501,0.00501,0.012622,19.727
regress-synth_not_a_latch1_iv,VerihoggFormat,imported,False,1,ivtest,1199,30,0.00131,0.011595,0.015244,21.977
regress-sv_enum_method_signed4_iv,VerihoggFormat,imported,True,0,ivtest,714,30,0.004711,0.006725,0.014006,19.445
regress-synth_partselsynth_iv,VerihoggFormat,imported,False,1,ivtest,1285,30,0.003865,0.008012,0.014358,21.887
regress-vlg_signed11_iv,VerihoggFormat,imported,True,0,ivtest,1268,30,0.00766,0.003544,0.011649,19.852
regress-vlg_ldelay1_iv,VerihoggFormat,imported,True,0,ivtest,1567,30,0.007381,0.00499,0.01634,20.262
regress-sv_enum_ports_iv,VerihoggFormat,imported,False,1,ivtest,1712,30,0.001465,0.010125,0.013037,20.102
regress-vlg_include3_iv,VerihoggFormat,imported,True,0,ivtest,913,30,0.007727,0.004086,0.01479,19.883
regress-sv_sv_type_param7_iv,VerihoggFormat,imported,False,1,ivtest,1000,30,0.009022,0.0047,0.015735,22.312
regress-vlg_pr1697250_iv,VerihoggFormat,imported,False,1,ivtest,427,30,0.002918,0.009036,0.013012,19.582
regress-sv_sv_export4_iv,VerihoggFormat,imported,True,0,ivtest,383,30,0.003995,0.007241,0.012457,19.562
regress-sv_sv_uwire4_iv,VerihoggFormat,imported,False,1,ivtest,769,30,0.004278,0.00799,0.013976,19.879
regress-vlg_pr1873146_iv,VerihoggFormat,imported,True,0,ivtest,278,30,0.004925,0.006697,0.012838,19.598
regress-vlg_pr2136787_iv,VerihoggFormat,imported,True,0,ivtest,602,30,0.011767,0.0,0.01388,19.918
regress-vlg_unary_and_iv,VerihoggFormat,imported,True,0,ivtest,1436,30,0.008106,0.003924,0.014557,20.156
regress-synth_inside_synth_iv,VerihoggFormat,imported,False,1,ivtest,1132,30,0.009613,0.003604,0.015647,21.945
regress-synth_conditsynth3_iv,VerihoggFormat,imported,False,1,ivtest,1280,30,0.00144,0.010473,0.014292,21.891
regress-vlg_array_packed_2d_iv,VerihoggFormat,imported,True,0,ivtest,2356,30,0.004565,0.009177,0.021734,23.641
regress-sv_sv_class1_iv,VerihoggFormat,imported,True,0,ivtest,1753,30,0.001483,0.011089,0.016783,21.895
regress-vlg_pr1960633_iv,VerihoggFormat,imported,True,0,ivtest,728,30,0.004428,0.007557,0.015617,20.184
regress-vlg_pr1601898_iv,VerihoggFormat,imported,True,0,ivtest,205,30,0.006283,0.004267,0.011069,17.723
regress-vlg_br968_iv,VerihoggFormat,imported,True,0,ivtest,1184,30,0.003919,0.008194,0.015944,20.02
regress-vlg_disblock2_iv,VerihoggFormat,imported,True,0,ivtest,522,30,0.011348,0.0,0.012914,20.094
regress-sv_pr3390385b_iv,VerihoggFormat,imported,True,0,ivtest,758,30,0.005252,0.007152,0.015513,22.012
regress-sv_sv_class4_iv,VerihoggFormat,imported,True,0,ivtest,855,30,0.007833,0.00383,0.014292,20.039
regress-vlg_function311F_iv,VerihoggFormat,imported,True,0,ivtest,1845,30,0.0,0.01116,0.013734,20.016
regress-sv_sv_string2_iv,VerihoggFormat,imported,True,0,ivtest,1652,30,0.004194,0.009173,0.019316,24.188
regress-vlg_assign_add_iv,VerihoggFormat,imported,True,0,ivtest,356,30,0.003591,0.007493,0.012382,19.73
regress-sv_br_gh1222_iv,VerihoggFormat,imported,False,0,ivtest,997,30,0.00433,0.00717,0.014035,19.418
regress-vlg_pr2688910_iv,VerihoggFormat,imported,True,0,ivtest,394,30,0.003331,0.00953,0.014998,19.965
regress-vlg_br_gh30_iv,VerihoggFormat,imported,True,0,ivtest,244,30,0.004841,0.006336,0.012035,19.723
regress-sv_implicit_cast10_iv,VerihoggFormat,imported,True,0,ivtest,7706,30,0.012134,0.009333,0.058542,30.184
regress-vlg_pr2824189_iv,VerihoggFormat,imported,True,0,ivtest,690,30,0.004392,0.00798,0.015283,19.906
regress-vlg_pr3054101e_iv,VerihoggFormat,imported,True,0,ivtest,8813,30,0.005427,0.015827,0.05418,30.035
regress-vlg_br_gh99d_iv,VerihoggFormat,imported,True,0,ivtest,333,30,0.0,0.011069,0.012509,19.398
regress-vlg_land2_iv,VerihoggFormat,imported,True,0,ivtest,2317,30,0.007885,0.004876,0.018764,19.977
regress-sv_fileline_iv,VerihoggFormat,imported,False,1,ivtest,492,30,0.004012,0.008085,0.013079,19.938
regress-vlg_mem2port_iv,VerihoggFormat,imported,False,1,ivtest,1334,30,0.014168,0.0,0.016792,22.176
regress-vlg_br_gh37_iv,VerihoggFormat,imported,True,0,ivtest,293,30,0.004164,0.006948,0.012293,19.809
regress-vlg_pr1925363b_iv,VerihoggFormat,imported,False,0,ivtest,208,30,0.003009,0.007566,0.011252,19.867
regress-vlg_br935_iv,VerihoggFormat,imported,True,0,ivtest,857,30,0.004628,0.007332,0.013716,20.035
regress-vlg_nb_delay_iv,VerihoggFormat,imported,True,0,ivtest,2317,30,0.006022,0.007757,0.022126,23.645
regress-sv_br_gh445_iv,VerihoggFormat,imported,True,0,ivtest,268,30,0.001269,0.010193,0.01246,19.734
regress-sv_module_output_port_sv_var1_iv,VerihoggFormat,imported,True,0,ivtest,623,30,0.006712,0.005395,0.014355,20.059
regress-vlg_disp_parm_iv,VerihoggFormat,imported,True,0,ivtest,272,30,0.006286,0.004508,0.011625,19.98
regress-sv_wild_cmp_var_iv,VerihoggFormat,imported,True,0,ivtest,3992,30,0.015997,0.0,0.032075,27.684
regress-sv_sv_darray_oob_real_iv,VerihoggFormat,imported,True,0,ivtest,318,30,0.001215,0.010053,0.012225,19.812
regress-sv_clkgen_reg_iv,VerihoggFormat,imported,True,0,ivtest,619,30,0.004175,0.007692,0.013571,19.625
regress-vlg_pv_undef_sig_sel_iv,VerihoggFormat,imported,True,0,ivtest,264,30,0.004728,0.007206,0.013116,20.016
regress-vlg_pr2233180_iv,VerihoggFormat,imported,False,1,ivtest,729,30,0.008202,0.00367,0.013018,20.086
regress-sv_br_gh801_iv,VerihoggFormat,imported,True,0,ivtest,292,30,0.009262,0.001317,0.011692,19.988
regress-sv_br_gh112c_iv,VerihoggFormat,imported,True,0,ivtest,1207,30,0.006756,0.00714,0.020252,24.102
regress-vlg_br_gh99t_iv,VerihoggFormat,imported,True,0,ivtest,343,30,0.006852,0.004272,0.012821,19.934
regress-vlg_land3_iv,VerihoggFormat,imported,True,0,ivtest,2469,30,0.008371,0.004365,0.01926,20.066
regress-vlg_vardly_iv,VerihoggFormat,imported,True,0,ivtest,903,30,0.004807,0.006172,0.014805,20.188
regress-vlg_pr509b_iv,VerihoggFormat,imported,False,1,ivtest,1429,30,0.0043,0.008251,0.015149,21.844
regress-vlg_lh_varindx5_iv,VerihoggFormat,imported,False,1,ivtest,1550,30,0.001502,0.010451,0.012921,20.066
regress-sv_array_packed_iv,VerihoggFormat,imported,True,0,ivtest,1758,30,0.013038,0.0,0.021785,26.105
regress-sv_sv_queue_method_signed3_iv,VerihoggFormat,imported,False,1,ivtest,2209,30,0.008997,0.00834,0.02833,27.938
regress-vlg_wait1_iv,VerihoggFormat,imported,False,1,ivtest,1369,30,0.008024,0.003816,0.01289,19.988
regress-sv_sv_darray_copy_empty3_iv,VerihoggFormat,imported,True,0,ivtest,346,30,0.004931,0.006634,0.012947,20.254
regress-vlg_always311C_iv,VerihoggFormat,imported,True,0,ivtest,1354,30,0.003133,0.007398,0.011793,19.926
regress-vlg_multi_driver_delay_iv,VerihoggFormat,imported,True,0,ivtest,916,30,0.003483,0.00904,0.015748,19.887
regress-vlg_prng_iv,VerihoggFormat,imported,True,0,ivtest,839,30,0.005434,0.006943,0.016447,21.574
regress-vlg_arithunknown_iv,VerihoggFormat,imported,True,0,ivtest,628,30,0.001232,0.011111,0.015374,19.918
regress-sv_sv_class9_iv,VerihoggFormat,imported,True,0,ivtest,923,30,0.004914,0.006972,0.015129,19.648
regress-sv_implicit_cast9_iv,VerihoggFormat,imported,True,0,ivtest,8263,30,0.01333,0.007484,0.054791,30.18
regress-sv_enum_next_iv,VerihoggFormat,imported,True,0,ivtest,1209,30,0.008097,0.003547,0.015045,21.867
regress-vlg_undef_lval_select2_iv,VerihoggFormat,imported,False,1,ivtest,2922,30,0.009467,0.004379,0.018618,28.074
regress-vlg_br_gh782d_iv,VerihoggFormat,imported,True,0,ivtest,413,30,0.004324,0.006794,0.011779,17.766
regress-vlg_nested_func_iv,VerihoggFormat,imported,True,0,ivtest,397,30,0.004101,0.007427,0.014061,20.023
regress-vlg_pr1851310_iv,VerihoggFormat,imported,True,0,ivtest,447,30,0.011442,0.0,0.013089,19.965
regress-sv_pv_wr_vec2a_iv,VerihoggFormat,imported,False,1,ivtest,1812,30,0.006607,0.010516,0.024663,30.105
regress-sv_always_comb_warn_iv,VerihoggFormat,imported,True,0,ivtest,1437,30,0.00489,0.009373,0.020332,23.891
regress-vlg_queue_stat_iv,VerihoggFormat,imported,True,0,ivtest,6267,30,0.013493,0.0032,0.036522,27.637
regress-sv_sv_class_super5_iv,VerihoggFormat,imported,True,0,ivtest,433,30,0.005177,0.007065,0.014137,19.586
regress-vlg_pr596_iv,VerihoggFormat,imported,True,0,ivtest,1438,30,0.004537,0.008514,0.018786,23.934
regress-vlg_pr1703120_iv,VerihoggFormat,imported,True,0,ivtest,1150,30,0.004501,0.007646,0.015661,19.719
regress-sv_param_string_compare_iv,VerihoggFormat,imported,True,0,ivtest,1684,30,0.004089,0.008593,0.016184,21.875
regress-sv_sv_import_hier_fail2_iv,VerihoggFormat,imported,False,0,ivtest,400,30,0.001223,0.009925,0.011997,19.973
regress-sv_sv_array_cassign2_iv,VerihoggFormat,imported,True,0,ivtest,314,30,0.008125,0.003575,0.013,19.484
regress-vlg_pr2014673_iv,VerihoggFormat,imported,True,0,ivtest,782,30,0.011118,0.0,0.012799,19.543
regress-vlg_dumpvars_iv,VerihoggFormat,imported,True,0,ivtest,1464,30,0.010922,0.0,0.012499,19.254
regress-vlg_check_constant_20_iv,VerihoggFormat,imported,False,0,ivtest,264,30,0.011783,0.0,0.013497,19.887
regress-vlg_br1029b_iv,VerihoggFormat,imported,True,0,ivtest,1262,30,0.006114,0.008036,0.022148,25.812
regress-vlg_pr1861212a_iv,VerihoggFormat,imported,True,0,ivtest,180,30,0.001482,0.010063,0.012335,17.672
regress-vlg_pr1648365_iv,VerihoggFormat,imported,True,0,ivtest,865,30,0.002953,0.009096,0.016185,22.027
regress-sv_sv_class17_iv,VerihoggFormat,imported,True,0,ivtest,1093,30,0.011612,0.0,0.014426,19.609
regress-vlg_pr1758135_iv,VerihoggFormat,imported,True,0,ivtest,310,30,0.00134,0.010088,0.012915,19.668
regress-vlg_pr1867332_iv,VerihoggFormat,imported,True,0,ivtest,161,30,0.011339,0.0,0.012205,17.73
regress-vlg_pr3077640_iv,VerihoggFormat,imported,True,0,ivtest,659,30,0.004399,0.008139,0.015247,19.859
regress-sv_br974a_iv,VerihoggFormat,imported,True,0,ivtest,520,30,0.008285,0.003779,0.015374,19.883
regress-vlg_timescale2_iv,VerihoggFormat,imported,True,0,ivtest,376,30,0.006283,0.005027,0.012327,20.148
regress-vlg_pr2728812a_iv,VerihoggFormat,imported,True,0,ivtest,1028,30,0.008714,0.004797,0.019233,23.492
regress-sv_first_last_num_iv,VerihoggFormat,imported,True,0,ivtest,694,30,0.0,0.011397,0.013769,20.141
regress-vlg_task_omemw3_iv,VerihoggFormat,imported,True,0,ivtest,1159,30,0.006321,0.005123,0.013053,19.668
regress-sv_sv_class_new_typed_fail4_iv,VerihoggFormat,imported,False,0,ivtest,291,30,0.001278,0.009757,0.011726,18.016
regress-vlg_pr2039632_iv,VerihoggFormat,imported,False,0,ivtest,613,30,0.004364,0.007419,0.013931,19.324
regress-vlg_schedule_iv,VerihoggFormat,imported,False,1,ivtest,1399,30,0.012163,0.0,0.01229,19.848
regress-sv_br917a_iv,VerihoggFormat,imported,True,0,ivtest,762,30,0.0,0.01248,0.016395,20.25
regress-vlg_pr1795005b_iv,VerihoggFormat,imported,True,0,ivtest,410,30,0.007816,0.00344,0.013763,20.047
regress-vlg_pr2350988_iv,VerihoggFormat,imported,True,0,ivtest,693,30,0.00407,0.007511,0.014402,20.082
regress-vlg_pr2202706b_iv,VerihoggFormat,imported,True,0,ivtest,458,30,0.007813,0.003602,0.012805,19.898
regress-vlg_pr710_iv,VerihoggFormat,imported,False,1,ivtest,357,30,0.008028,0.00359,0.012363,19.977
regress-vlg_rise_fall_delay3_iv,VerihoggFormat,imported,True,0,ivtest,1529,30,0.008835,0.005905,0.026322,25.973
regress-vlg_ldelay3_iv,VerihoggFormat,imported,True,0,ivtest,1701,30,0.00135,0.010936,0.017173,21.977
regress-vlg_pr3054101h_iv,VerihoggFormat,imported,True,0,ivtest,6741,30,0.012245,0.007152,0.045675,30.23
regress-synth_casesynth9_iv,VerihoggFormat,imported,False,1,ivtest,673,30,0.005571,0.007242,0.014632,21.91
regress-vlg_br_gh8_iv,VerihoggFormat,imported,True,0,ivtest,744,30,0.0079,0.003778,0.014901,20.145
regress-vlg_array_lval_select1_iv,VerihoggFormat,imported,True,0,ivtest,3269,30,0.013053,0.00271,0.030741,27.824
regress-vlg_paramextend_iv,VerihoggFormat,imported,True,0,ivtest,781,30,0.008218,0.004104,0.015646,19.93
regress-sv_sv_ap_parray4_iv,VerihoggFormat,imported,True,0,ivtest,517,30,0.0,0.011035,0.013021,19.715
regress-vlg_pr1948110_iv,VerihoggFormat,imported,True,0,ivtest,711,30,0.007456,0.005592,0.017309,21.691
regress-sv_enum_base_atom2_iv,VerihoggFormat,imported,True,0,ivtest,437,30,0.004021,0.007578,0.013447,19.727
regress-vlg_stask_sens_null_arg_iv,VerihoggFormat,imported,True,0,ivtest,203,30,0.008391,0.003417,0.012877,19.926
regress-vlg_param_concat_iv,VerihoggFormat,imported,True,0,ivtest,993,30,0.004075,0.006848,0.011807,17.855
regress-vlg_timeform2_iv,VerihoggFormat,imported,True,0,ivtest,1074,30,0.002928,0.007727,0.01157,20.0
regress-vlg_pr3197861_iv,VerihoggFormat,imported,True,0,ivtest,338,30,0.0,0.011037,0.012591,19.508
regress-vlg_assign_le_iv,VerihoggFormat,imported,True,0,ivtest,1484,30,0.005951,0.006936,0.015494,20.254
regress-vlg_br_gh99m_iv,VerihoggFormat,imported,True,0,ivtest,265,30,0.001426,0.009673,0.012304,19.906
regress-sv_sv_darray1_iv,VerihoggFormat,imported,True,0,ivtest,1128,30,0.0044,0.007641,0.016888,22.098
regress-vlg_param_test2_iv,VerihoggFormat,imported,True,0,ivtest,2127,30,0.008066,0.003872,0.014516,19.938
regress-synth_casesynth3_iv,VerihoggFormat,imported,False,1,ivtest,3195,30,0.008818,0.004588,0.017794,24.188
regress-sv_clkgen_bit_iv,VerihoggFormat,imported,True,0,ivtest,562,30,0.005603,0.00626,0.013659,20.25
regress-vlg_pr1628300_iv,VerihoggFormat,imported,True,0,ivtest,197,30,0.010576,0.001505,0.012946,20.062
regress-sv_pr3366217g_iv,VerihoggFormat,imported,False,0,ivtest,176,30,0.0,0.011239,0.011924,17.711
regress-vlg_br1027_iv,VerihoggFormat,imported,True,0,ivtest,581,30,0.005222,0.007067,0.015376,19.598
regress-sv_program_hello2_iv,VerihoggFormat,imported,True,1,ivtest,217,30,0.00146,0.006525,0.007406,17.945
regress-sv_br_gh112e_iv,VerihoggFormat,imported,True,0,ivtest,1018,30,0.004676,0.008149,0.01851,24.043
regress-vlg_pr1960548_iv,VerihoggFormat,imported,True,0,ivtest,70,30,0.004524,0.005957,0.010677,17.594
regress-vlg_real_array_multi_dim_iv,VerihoggFormat,imported,False,1,ivtest,692,30,0.004976,0.010383,0.019728,27.973
regress-sv_sv_ps_type_struct1_iv,VerihoggFormat,imported,False,1,ivtest,609,30,0.013817,0.0,0.01565,22.223
regress-vlg_tri2_iv,VerihoggFormat,imported,False,1,ivtest,713,30,0.0,0.012119,0.016107,21.988
regress-vlg_tri0b_iv,VerihoggFormat,imported,False,1,ivtest,1601,30,0.005428,0.006731,0.012973,19.949
regress-sv_br_gh460_iv,VerihoggFormat,imported,True,0,ivtest,535,30,0.0,0.011725,0.014099,20.199
regress-vlg_pr3563412_iv,VerihoggFormat,imported,True,0,ivtest,7124,30,0.003141,0.007859,0.011362,17.152
regress-vlg_array_lval_select3c_iv,VerihoggFormat,imported,True,0,ivtest,2897,30,0.007512,0.005525,0.020679,23.738
regress-vlg_pr3441576_iv,VerihoggFormat,imported,True,0,ivtest,96,30,0.004367,0.006833,0.01157,17.25
regress-vlg_sdw_function3_iv,VerihoggFormat,imported,True,0,ivtest,1590,30,0.0,0.012385,0.014771,20.043
regress-vlg_pr1833024_iv,VerihoggFormat,imported,False,0,ivtest,2138,30,0.014939,0.0,0.026439,25.648
regress-sv_sv_ps_hier_fail2_iv,VerihoggFormat,imported,False,0,ivtest,392,30,0.009003,0.001398,0.010983,17.965
regress-vlg_pr530c_iv,VerihoggFormat,imported,True,0,ivtest,175,30,0.005977,0.005038,0.011642,19.941
regress-vlg_zero_repl_iv,VerihoggFormat,imported,True,0,ivtest,724,30,0.004228,0.008027,0.015394,20.211
regress-sv_sv_darray3_iv,VerihoggFormat,imported,True,0,ivtest,1134,30,0.003718,0.01099,0.019794,22.039
regress-sv_br_gh823a_iv,VerihoggFormat,imported,False,0,ivtest,127,30,0.004116,0.0066,0.010815,17.688
regress-vlg_pr1701855_iv,VerihoggFormat,imported,True,0,ivtest,710,30,0.007852,0.003749,0.013102,19.469
regress-sv_enum_value_expr_iv,VerihoggFormat,imported,True,0,ivtest,850,30,0.008329,0.003907,0.0153,19.781
regress-vlg_pr2146824_iv,VerihoggFormat,imported,True,0,ivtest,132,30,0.010957,0.0,0.011756,19.781
regress-vlg_pr1752823b_iv,VerihoggFormat,imported,True,0,ivtest,231,30,0.003106,0.008773,0.013051,19.836
regress-vlg_pr3015421_iv,VerihoggFormat,imported,True,1,ivtest,470,30,0.001248,0.005676,0.006471,18.055
regress-sv_ishortint_test_iv,VerihoggFormat,imported,True,0,ivtest,2671,30,0.012554,0.001477,0.021575,23.738
regress-sv_sv_macro_iv,VerihoggFormat,imported,False,1,ivtest,667,30,0.008251,0.003814,0.013597,20.242
regress-sv_task_init_var1_iv,VerihoggFormat,imported,True,0,ivtest,738,30,0.003846,0.007966,0.014906,20.195
regress-sv_sv_queue2_iv,VerihoggFormat,imported,True,0,ivtest,850,30,0.0,0.012673,0.015886,22.156
regress-vlg_mangle_iv,VerihoggFormat,imported,False,1,ivtest,1261,30,0.01097,0.0,0.011153,18.117
regress-vlg_signed8_iv,VerihoggFormat,imported,False,1,ivtest,1488,30,0.004598,0.007648,0.013971,19.871
regress-sv_struct_packed_sysfunct2_iv,VerihoggFormat,imported,True,0,ivtest,723,30,0.001328,0.01097,0.015348,20.207
regress-vlg_br_gh788_iv,VerihoggFormat,imported,True,0,ivtest,153,30,0.008187,0.002601,0.011587,17.789
regress-sv_sv_darray_oob_vec4_iv,VerihoggFormat,imported,True,0,ivtest,344,30,0.004103,0.007087,0.01262,19.492
regress-vlg_queue_iv,VerihoggFormat,imported,True,0,ivtest,10789,30,0.012801,0.009041,0.055372,30.027
regress-vlg_pr1612693_iv,VerihoggFormat,imported,True,0,ivtest,280,30,0.004988,0.00653,0.012647,19.355
regress-vlg_pr531b_iv,VerihoggFormat,imported,True,0,ivtest,2479,30,0.009255,0.004614,0.022235,23.891
regress-vlg_lh_memcat3_iv,VerihoggFormat,imported,False,1,ivtest,1935,30,0.0,0.012565,0.01419,20.176
regress-sv_sv_var_module_inout1_iv,VerihoggFormat,imported,True,1,ivtest,175,30,0.00774,0.0,0.007302,17.121
regress-vlg_string12_iv,VerihoggFormat,imported,True,0,ivtest,139,30,0.007403,0.003444,0.011654,17.195
regress-vlg_pr2788686_iv,VerihoggFormat,imported,False,1,ivtest,1797,30,0.001439,0.011823,0.016276,24.203
regress-sv_implicit_cast6_iv,VerihoggFormat,imported,True,0,ivtest,9377,30,0.012994,0.007748,0.051978,29.801
regress-vlg_module_nonansi_vec_fail1_iv,VerihoggFormat,imported,False,0,ivtest,314,30,0.00648,0.004179,0.01139,17.574
regress-vlg_shift_pad_iv,VerihoggFormat,imported,False,1,ivtest,1234,30,0.003849,0.008493,0.013031,20.02
regress-sv_sv_foreach1_iv,VerihoggFormat,imported,True,0,ivtest,1752,30,0.002998,0.009555,0.017641,21.734
regress-sv_sv_wildcard_import7_iv,VerihoggFormat,imported,True,0,ivtest,530,30,0.004378,0.007586,0.014616,20.023
regress-sv_fork_join_any_iv,VerihoggFormat,imported,False,1,ivtest,698,30,0.008286,0.003826,0.012825,19.941
regress-sv_enum_compatibility_fail2_iv,VerihoggFormat,imported,False,0,ivtest,289,30,0.010916,0.0,0.011522,17.98
regress-vlg_array6_iv,VerihoggFormat,imported,True,0,ivtest,401,30,0.0045,0.007377,0.013982,20.227
regress-vlg_neq1_iv,VerihoggFormat,imported,True,0,ivtest,677,30,0.004479,0.008186,0.01783,21.672
regress-vlg_undef_lval_select4b_iv,VerihoggFormat,imported,False,0,ivtest,143,30,0.004561,0.006795,0.011914,17.773
regress-vlg_pr569_iv,VerihoggFormat,imported,True,0,ivtest,348,30,0.004751,0.00628,0.012224,19.746
regress-vlg_real_invalid_ops_iv,VerihoggFormat,imported,True,1,ivtest,1336,30,0.006977,0.002276,0.008786,21.484
regress-sv_localparam_implicit3_iv,VerihoggFormat,imported,False,0,ivtest,595,30,0.002867,0.008718,0.01347,19.715
regress-vlg_ga_nor_iv,VerihoggFormat,imported,True,0,ivtest,1585,30,0.010843,0.001454,0.015437,20.301
regress-sv_enum_base_fail_string1_iv,VerihoggFormat,imported,True,1,ivtest,189,30,0.004797,0.003146,0.007136,17.391
regress-vlg_pr445_iv,VerihoggFormat,imported,True,0,ivtest,112,30,0.003266,0.007735,0.011373,17.562
regress-vlg_udp_dff_std_iv,VerihoggFormat,imported,False,1,ivtest,2089,30,0.011423,0.001449,0.01609,25.715
regress-vlg_comp1001_fail5_iv,VerihoggFormat,imported,True,0,ivtest,495,30,0.001535,0.010272,0.013659,19.453
regress-vlg_pr1990164_iv,VerihoggFormat,imported,True,0,ivtest,325,30,0.001519,0.010819,0.013185,19.855
regress-vlg_pr1755593_iv,VerihoggFormat,imported,False,1,ivtest,1388,30,0.008885,0.004725,0.016741,24.027
regress-sv_sv_typedef_circular2_iv,VerihoggFormat,imported,False,0,ivtest,222,30,0.0,0.010627,0.011425,17.34
regress-vlg_scanf2_iv,VerihoggFormat,imported,True,0,ivtest,676,30,0.004433,0.007613,0.015365,19.715
regress-vlg_pr632_iv,VerihoggFormat,imported,True,0,ivtest,205,30,0.008102,0.003604,0.012524,19.938
regress-vlg_pr938_iv,VerihoggFormat,imported,True,0,ivtest,772,30,0.003575,0.00841,0.01469,19.961
regress-sv_br_gh477_iv,VerihoggFormat,imported,True,0,ivtest,596,30,0.004437,0.008088,0.015402,19.711
regress-vlg_drive_strength1_iv,VerihoggFormat,imported,False,1,ivtest,3256,30,0.001484,0.013126,0.017648,24.176
regress-synth_casesynth2_iv,VerihoggFormat,imported,False,1,ivtest,3368,30,0.009016,0.005222,0.019156,22.102
regress-vlg_function311D_iv,VerihoggFormat,imported,True,0,ivtest,1516,30,0.007792,0.004269,0.014882,19.766
regress-vlg_module_inout_port_list_def_iv,VerihoggFormat,imported,False,0,ivtest,312,30,0.003108,0.008812,0.012809,19.531
regress-sv_br_ml20181012c_iv,VerihoggFormat,imported,False,0,ivtest,44,30,0.004322,0.006679,0.011269,17.125
regress-vlg_assign_mem2_iv,VerihoggFormat,imported,True,0,ivtest,1147,30,0.007771,0.00363,0.013023,19.523
regress-vlg_automatic_task_iv,VerihoggFormat,imported,True,0,ivtest,617,30,0.007964,0.003811,0.015697,21.867
regress-vlg_ptest004_iv,VerihoggFormat,imported,True,0,ivtest,1073,30,0.003653,0.007788,0.012944,20.07
regress-vlg_dff1_iv,VerihoggFormat,imported,False,1,ivtest,1853,30,0.008079,0.004029,0.013481,19.648
regress-vlg_pr528b_iv,VerihoggFormat,imported,False,1,ivtest,868,30,0.009353,0.003104,0.016186,19.875
regress-vlg_pr993_iv,VerihoggFormat,imported,True,0,ivtest,740,30,0.008466,0.002827,0.014033,19.875
regress-sv_br_gh243_iv,VerihoggFormat,imported,True,0,ivtest,328,30,0.0,0.01108,0.012753,19.859
regress-vlg_pr748_iv,VerihoggFormat,imported,False,1,ivtest,2185,30,0.00913,0.004356,0.021563,25.57
regress-vlg_pr842_iv,VerihoggFormat,imported,True,0,ivtest,404,30,0.007157,0.003699,0.012008,20.102
regress-vlg_qmark3_iv,VerihoggFormat,imported,True,0,ivtest,1839,30,0.008214,0.003524,0.014955,21.934
regress-sv_simple_longint_iv,VerihoggFormat,imported,True,0,ivtest,617,30,0.0,0.012603,0.014654,20.066
regress-vlg_fopen1_iv,VerihoggFormat,imported,True,0,ivtest,2307,30,0.004629,0.007754,0.017791,21.957
regress-vlg_ldelay4_iv,VerihoggFormat,imported,True,0,ivtest,1855,30,0.004594,0.007845,0.016299,19.926
regress-vlg_ga_mod2_iv,VerihoggFormat,imported,False,1,ivtest,1590,30,0.00458,0.007729,0.014161,19.926
regress-vlg_pr718_iv,VerihoggFormat,imported,True,0,ivtest,312,30,0.004461,0.006773,0.01194,18.023
regress-vlg_check_constant_12_iv,VerihoggFormat,imported,False,0,ivtest,264,30,0.005189,0.006499,0.013675,19.855
regress-vlg_param_select2_iv,VerihoggFormat,imported,True,0,ivtest,1943,30,0.009611,0.002711,0.016356,22.184
regress-vlg_task_port_size_iv,VerihoggFormat,imported,True,0,ivtest,1135,30,0.004305,0.0065,0.01132,17.809
regress-sv_module_nonansi_real_fail_iv,VerihoggFormat,imported,False,0,ivtest,253,30,0.008008,0.00349,0.011868,17.66
regress-sv_task_nonansi_enum_fail_iv,VerihoggFormat,imported,False,0,ivtest,389,30,0.007752,0.00343,0.012038,17.633
regress-sv_implicitport4_iv,VerihoggFormat,imported,False,1,ivtest,436,30,0.006789,0.004962,0.012727,19.895
regress-sv_br_gh782a_iv,VerihoggFormat,imported,False,1,ivtest,647,30,0.00715,0.005597,0.015267,20.117
regress-vlg_fdisplay1_iv,VerihoggFormat,imported,True,0,ivtest,1375,30,0.001247,0.009883,0.012219,19.797
regress-sv_sv_var_module_input2_iv,VerihoggFormat,imported,False,1,ivtest,1017,30,0.014032,0.001458,0.018639,23.504
regress-vlg_pr2428890b_iv,VerihoggFormat,imported,True,0,ivtest,1207,30,0.004951,0.006788,0.015649,19.664
regress-vlg_br_gh199b_iv,VerihoggFormat,imported,False,1,ivtest,806,30,0.004056,0.007635,0.014705,20.0
regress-vlg_pr531a_iv,VerihoggFormat,imported,True,0,ivtest,2471,30,0.003887,0.009174,0.020815,24.207
regress-vlg_always314H_iv,VerihoggFormat,imported,True,0,ivtest,1491,30,0.004008,0.008177,0.013672,20.176
regress-sv_net_string_fail_iv,VerihoggFormat,imported,False,0,ivtest,154,30,0.004642,0.006101,0.011082,17.699
regress-sv_undef_lval_select_SV_iv,VerihoggFormat,imported,True,0,ivtest,577,30,0.003908,0.008236,0.014985,19.953
regress-sv_br_gh105a_iv,VerihoggFormat,imported,False,1,ivtest,155,30,0.005217,0.006534,0.012033,17.898
regress-vlg_br_gh99f_iv,VerihoggFormat,imported,True,0,ivtest,305,30,0.00711,0.004207,0.01249,19.484
regress-sv_sv_ps_type_cast1_iv,VerihoggFormat,imported,False,1,ivtest,502,30,0.00824,0.005513,0.014333,22.262
regress-sv_packed_dims_invalid_module_iv,VerihoggFormat,imported,False,0,ivtest,433,30,0.004343,0.007467,0.014086,19.18
regress-sv_sv_ps_function4_iv,VerihoggFormat,imported,False,1,ivtest,588,30,0.004894,0.008736,0.014578,22.301
regress-vlg_undef_lval_select4c_iv,VerihoggFormat,imported,False,0,ivtest,149,30,0.004195,0.006821,0.011654,17.723
regress-vlg_br_gh127e_iv,VerihoggFormat,imported,True,0,ivtest,680,30,0.008734,0.004142,0.0179,21.715
regress-sv_br_gh756_iv,VerihoggFormat,imported,True,0,ivtest,193,30,0.004055,0.007521,0.012875,19.766
regress-vlg_event2_iv,VerihoggFormat,imported,True,0,ivtest,1049,30,0.00353,0.007689,0.011728,17.68
regress-sv_sv_port_default7_iv,VerihoggFormat,imported,True,0,ivtest,1797,30,0.001416,0.012208,0.019783,24.191
regress-sv_sv_typedef_scope1_iv,VerihoggFormat,imported,True,0,ivtest,844,30,0.008813,0.003073,0.015405,19.656
regress-sv_struct_packed_array_iv,VerihoggFormat,imported,True,0,ivtest,1764,30,0.008605,0.005505,0.022099,24.023
regress-vlg_pr2909555_iv,VerihoggFormat,imported,True,0,ivtest,842,30,0.006323,0.00465,0.015033,19.684
regress-sv_wild_cmp_const_iv,VerihoggFormat,imported,True,0,ivtest,5469,30,0.011368,0.004628,0.031799,28.305
regress-sv_br_gh220_iv,VerihoggFormat,imported,True,0,ivtest,233,30,0.005264,0.006521,0.0128,20.156
regress-sv_localparam_implicit2_iv,VerihoggFormat,imported,False,0,ivtest,544,30,0.001481,0.010595,0.013949,19.73
regress-vlg_pr3437290a_iv,VerihoggFormat,imported,True,0,ivtest,345,30,0.004687,0.006636,0.013174,20.0
regress-vlg_br924_iv,VerihoggFormat,imported,True,1,ivtest,241,30,0.007955,0.00353,0.012033,19.77
regress-sv_enum_base_fail_real2_iv,VerihoggFormat,imported,False,0,ivtest,201,30,0.00802,0.002816,0.013352,17.504
regress-sv_func_void_in_expr_fail_iv,VerihoggFormat,imported,False,0,ivtest,280,30,0.002882,0.008291,0.012041,17.715
regress-sv_func_init_var2_iv,VerihoggFormat,imported,True,0,ivtest,1159,30,0.001484,0.011083,0.018311,21.914
regress-vlg_delay4_iv,VerihoggFormat,imported,False,1,ivtest,1317,30,0.008989,0.004404,0.015016,21.625
regress-vlg_pr2355304_iv,VerihoggFormat,imported,False,1,ivtest,453,30,0.0,0.012046,0.012684,19.723
regress-sv_br_gh167a_iv,VerihoggFormat,imported,True,0,ivtest,227,30,0.011772,0.0,0.012664,18.199
regress-vlg_pic_iv,VerihoggFormat,imported,False,1,ivtest,67124,30,0.044041,0.015994,0.137374,52.121
regress-vlg_pr1695334_iv,VerihoggFormat,imported,False,1,ivtest,320,30,0.007794,0.003525,0.011658,20.121
regress-vlg_addwide_iv,VerihoggFormat,imported,False,1,ivtest,929,30,0.0,0.01214,0.013751,21.945
regress-vlg_br977_iv,VerihoggFormat,imported,False,1,ivtest,182,30,0.007489,0.00363,0.011546,19.203
regress-vlg_pr3557493_iv,VerihoggFormat,imported,True,0,ivtest,1012,30,0.004069,0.009036,0.018968,23.938
regress-vlg_porttest4b_iv,VerihoggFormat,imported,False,0,ivtest,380,30,0.008071,0.002633,0.011054,17.711
regress-sv_enum_base_fail_range1_iv,VerihoggFormat,imported,False,0,ivtest,304,30,0.010977,0.0,0.011467,17.906
regress-vlg_array_lval_select6_iv,VerihoggFormat,imported,True,0,ivtest,3218,30,0.011228,0.002753,0.026249,28.156
regress-synth_conditsynth2_iv,VerihoggFormat,imported,False,1,ivtest,1538,30,0.00686,0.007124,0.017115,23.938
regress-sv_br_gh699_iv,VerihoggFormat,imported,False,0,ivtest,233,30,0.001246,0.009656,0.011369,17.574
regress-vlg_varlsfht_iv,VerihoggFormat,imported,True,0,ivtest,2698,30,0.005947,0.007523,0.021714,23.375
regress-vlg_pr2785294_iv,VerihoggFormat,imported,False,1,ivtest,896,30,0.005519,0.00696,0.013973,19.996
regress-sv_automatic_error15_iv,VerihoggFormat,imported,False,0,ivtest,301,30,0.0097,0.0,0.010333,17.945
regress-vlg_force317A_iv,VerihoggFormat,imported,True,0,ivtest,1144,30,0.007784,0.003542,0.012757,20.031
regress-sv_br979_iv,VerihoggFormat,imported,False,1,ivtest,429,30,0.0092,0.002921,0.013346,20.035
regress-sv_sv_darray_function_iv,VerihoggFormat,imported,True,0,ivtest,1833,30,0.008637,0.004223,0.018349,21.824
regress-vlg_specify4_iv,VerihoggFormat,imported,True,0,ivtest,480,30,0.001227,0.010444,0.014173,19.824
regress-vlg_pr2395378a_iv,VerihoggFormat,imported,True,1,ivtest,63,30,0.00449,0.006704,0.011643,17.438
regress-vlg_pr1939165_iv,VerihoggFormat,imported,True,0,ivtest,1945,30,0.003233,0.008742,0.013909,19.605
regress-vlg_wireland_iv,VerihoggFormat,imported,True,0,ivtest,1408,30,0.005184,0.006647,0.014243,19.559
regress-vlg_deassign34A_iv,VerihoggFormat,imported,True,0,ivtest,2121,30,0.004073,0.008193,0.016002,21.977
regress-vlg_pr1855504_iv,VerihoggFormat,imported,True,0,ivtest,348,30,0.002759,0.008136,0.012522,20.105
regress-sv_sys_func_as_task_iv,VerihoggFormat,imported,True,0,ivtest,220,30,0.004057,0.007215,0.012359,19.922
regress-sv_br_gh337_iv,VerihoggFormat,imported,True,0,ivtest,573,30,0.00543,0.006929,0.014832,19.879
regress-vlg_defparam_iv,VerihoggFormat,imported,True,0,ivtest,2021,30,0.004758,0.006478,0.015395,19.871
regress-vlg_genvar_scopes_iv,VerihoggFormat,imported,True,0,ivtest,1021,30,0.013508,0.0,0.020148,24.125
regress-vlg_pr298_iv,VerihoggFormat,imported,True,0,ivtest,1291,30,0.001206,0.010435,0.013971,20.137
regress-sv_sv_unpacked_wire2_iv,VerihoggFormat,imported,True,0,ivtest,595,30,0.009028,0.002954,0.015078,19.594
regress-vlg_verify_two_var_delays_iv,VerihoggFormat,imported,True,0,ivtest,2663,30,0.006458,0.007775,0.024405,25.441
regress-vlg_pr1661640_iv,VerihoggFormat,imported,True,0,ivtest,510,30,0.003793,0.00777,0.013374,19.898
regress-vlg_casex39B_iv,VerihoggFormat,imported,True,0,ivtest,1734,30,0.008079,0.004143,0.015224,20.066
regress-vlg_assign_deq_iv,VerihoggFormat,imported,True,0,ivtest,1484,30,0.007918,0.003828,0.014907,19.668
regress-vlg_pr224a_iv,VerihoggFormat,imported,True,0,ivtest,43,30,0.004551,0.006327,0.013113,20.02
regress-sv_sv_class12_iv,VerihoggFormat,imported,True,0,ivtest,827,30,0.007992,0.003686,0.014305,19.883
regress-sv_sv_ps_function_fail3_iv,VerihoggFormat,imported,False,0,ivtest,279,30,0.008027,0.002912,0.011758,17.883
regress-vlg_escape4b_iv,VerihoggFormat,imported,True,0,ivtest,1405,30,0.002986,0.008735,0.014034,20.09
regress-vlg_sdw_function1_iv,VerihoggFormat,imported,True,0,ivtest,1339,30,0.0036,0.008117,0.0138,19.836
regress-vlg_pr3112073a_iv,VerihoggFormat,imported,True,1,ivtest,121,30,0.0,0.00803,0.007637,18.16
regress-vlg_pr142_iv,VerihoggFormat,imported,True,0,ivtest,1565,30,0.005334,0.006553,0.014713,19.668
regress-sv_named_fork_iv,VerihoggFormat,imported,True,0,ivtest,94,30,0.007168,0.003597,0.010846,17.758
regress-vlg_time4_iv,VerihoggFormat,imported,False,1,ivtest,1211,30,0.008327,0.003087,0.011744,20.031
regress-sv_sv_port_default1_iv,VerihoggFormat,imported,True,0,ivtest,912,30,0.0,0.011555,0.014267,19.527
regress-vlg_many_drivers_iv,VerihoggFormat,imported,True,0,ivtest,4173,30,0.0,0.016641,0.035733,27.797
regress-sv_module_nonansi_enum_fail_iv,VerihoggFormat,imported,False,0,ivtest,375,30,0.007968,0.002935,0.011861,17.266
regress-vlg_parameter_1bit_iv,VerihoggFormat,imported,False,1,ivtest,527,30,0.009288,0.003922,0.015309,21.805
regress-synth_multireg_iv,VerihoggFormat,imported,False,1,ivtest,1895,30,0.008237,0.004277,0.014701,22.059
regress-vlg_pr2823711_iv,VerihoggFormat,imported,False,1,ivtest,656,30,0.004825,0.006748,0.013818,19.422
regress-vlg_vvp_scalar_value_iv,VerihoggFormat,imported,True,0,ivtest,878,30,0.003803,0.007841,0.01707,21.961
regress-vlg_time5_iv,VerihoggFormat,imported,False,1,ivtest,1929,30,0.001277,0.010887,0.014129,21.738
regress-sv_enum_method_signed3_iv,VerihoggFormat,imported,False,1,ivtest,3048,30,0.012329,0.007197,0.039918,31.891
regress-vlg_pr2922063a_iv,VerihoggFormat,imported,True,0,ivtest,2057,30,0.002684,0.010964,0.022516,25.934
regress-sv_parameter_no_default_fail2_iv,VerihoggFormat,imported,False,0,ivtest,224,30,0.004622,0.006572,0.011822,17.645
regress-vlg_test_rpmos_iv,VerihoggFormat,imported,True,0,ivtest,3810,30,0.003135,0.011987,0.028877,25.738
regress-sv_sv_union3_iv,VerihoggFormat,imported,True,0,ivtest,743,30,0.00548,0.006837,0.015141,20.254
regress-vlg_pr2148401_iv,VerihoggFormat,imported,True,0,ivtest,204,30,0.007865,0.002922,0.01155,17.543
regress-vlg_pr941_iv,VerihoggFormat,imported,True,0,ivtest,377,30,0.007707,0.00343,0.011955,19.758
regress-sv_sv_macro2_iv,VerihoggFormat,imported,False,1,ivtest,120,30,0.00429,0.006208,0.010533,17.91
regress-vlg_decl_assign1_iv,VerihoggFormat,imported,False,1,ivtest,1240,30,0.004243,0.007119,0.012071,19.762
regress-vlg_param_select_iv,VerihoggFormat,imported,True,0,ivtest,1476,30,0.00822,0.002907,0.013036,20.086
regress-sv_always_comb_no_sens_iv,VerihoggFormat,imported,True,0,ivtest,395,30,0.005151,0.006715,0.013481,20.184
regress-vlg_undefined_shift_iv,VerihoggFormat,imported,True,0,ivtest,4115,30,0.004158,0.011249,0.029536,28.109
regress-vlg_drive_strength_iv,VerihoggFormat,imported,True,0,ivtest,5012,30,0.012317,0.003858,0.029155,27.965
regress-vlg_constfunc14_iv,VerihoggFormat,imported,True,0,ivtest,1045,30,0.00893,0.003824,0.018709,23.766
regress-sv_sv_timeunit_prec3a_iv,VerihoggFormat,imported,True,0,ivtest,3468,30,0.003406,0.010616,0.020965,23.598
regress-vlg_gen_case_opt2_iv,VerihoggFormat,imported,True,0,ivtest,263,30,0.004736,0.006661,0.01239,19.719
regress-vlg_pr3561350_iv,VerihoggFormat,imported,True,0,ivtest,350,30,0.007983,0.003593,0.012997,19.957
regress-vlg_sdw_dsbl_iv,VerihoggFormat,imported,True,0,ivtest,1351,30,0.011015,0.0,0.012626,19.953
regress-vlg_function9_iv,VerihoggFormat,imported,True,0,ivtest,1402,30,0.008434,0.004234,0.018525,23.73
regress-vlg_attrib08_mod_inst_iv,VerihoggFormat,imported,True,0,ivtest,438,30,0.010553,0.0,0.012836,19.379
regress-vlg_br971_iv,VerihoggFormat,imported,True,0,ivtest,383,30,0.007817,0.003313,0.012609,20.227
regress-vlg_array5_iv,VerihoggFormat,imported,False,0,ivtest,366,30,0.0,0.011201,0.012403,20.117
regress-vlg_tern4_iv,VerihoggFormat,imported,True,0,ivtest,358,30,0.001534,0.010589,0.014191,19.91
regress-vlg_time3_iv,VerihoggFormat,imported,True,0,ivtest,1361,30,0.004874,0.006433,0.013247,20.023
regress-sv_sv_darray_copy_empty1_iv,VerihoggFormat,imported,True,0,ivtest,298,30,0.008153,0.003638,0.012999,19.965
regress-vlg_integer4ge_iv,VerihoggFormat,imported,True,0,ivtest,1618,30,0.008338,0.003924,0.015514,19.887
regress-vlg_powca_iv,VerihoggFormat,imported,True,0,ivtest,3133,30,0.0049,0.009498,0.02609,27.984
regress-vlg_pr1794362_iv,VerihoggFormat,imported,True,0,ivtest,906,30,0.003676,0.00811,0.014883,19.887
regress-vlg_br918a_iv,VerihoggFormat,imported,True,0,ivtest,421,30,0.011409,0.0,0.013607,20.062
regress-vlg_mcl2_iv,VerihoggFormat,imported,False,1,ivtest,2440,30,0.009543,0.004363,0.020041,24.105
regress-sv_bits_iv,VerihoggFormat,imported,True,0,ivtest,601,30,0.004811,0.006714,0.013658,20.023
regress-vlg_casex39A_iv,VerihoggFormat,imported,True,0,ivtest,1696,30,0.005367,0.006695,0.015499,19.57
regress-vlg_constfunc11_iv,VerihoggFormat,imported,True,0,ivtest,647,30,0.007628,0.003749,0.014626,19.887
regress-sv_br_gh164c_iv,VerihoggFormat,imported,True,0,ivtest,809,30,0.009072,0.004184,0.018546,24.051
regress-vlg_tri3_iv,VerihoggFormat,imported,True,0,ivtest,352,30,0.011251,0.0,0.012827,19.793
regress-sv_br1003d_iv,VerihoggFormat,imported,True,0,ivtest,478,30,0.001298,0.010116,0.013452,20.008
regress-sv_array_string_iv,VerihoggFormat,imported,True,0,ivtest,493,30,0.005446,0.006837,0.01452,20.035
regress-sv_br1025_iv,VerihoggFormat,imported,True,0,ivtest,353,30,0.007653,0.003451,0.013121,19.559
regress-vlg_pr2091455_iv,VerihoggFormat,imported,True,0,ivtest,620,30,0.004384,0.006819,0.01319,19.441
regress-vlg_module_port_range_mismatch_iv,VerihoggFormat,imported,False,0,ivtest,296,30,0.00303,0.00882,0.012388,17.828
regress-sv_enum_compatibility6_iv,VerihoggFormat,imported,True,0,ivtest,287,30,0.011105,0.0,0.012155,19.73
regress-sv_sv_for_variable_iv,VerihoggFormat,imported,True,0,ivtest,455,30,0.011462,0.0,0.013235,20.016
regress-vlg_array4_iv,VerihoggFormat,imported,True,0,ivtest,544,30,0.005075,0.006843,0.014918,19.555
regress-vlg_pr1476440_iv,VerihoggFormat,imported,True,0,ivtest,296,30,0.005168,0.007063,0.013786,20.23
regress-vlg_else3_iv,VerihoggFormat,imported,True,0,ivtest,1313,30,0.004872,0.006551,0.013503,19.555
regress-sv_sv_queue_vec_bounded_iv,VerihoggFormat,imported,False,1,ivtest,2338,30,0.006122,0.007826,0.02403,25.57
regress-sv_func_init_var1_iv,VerihoggFormat,imported,True,0,ivtest,1105,30,0.003982,0.008136,0.017189,22.172
regress-sv_sv_class_prop_shadow2_iv,VerihoggFormat,imported,True,0,ivtest,432,30,0.004265,0.007118,0.012456,20.082
regress-vlg_force317B_iv,VerihoggFormat,imported,True,0,ivtest,1161,30,0.00124,0.010463,0.013803,19.586
regress-vlg_pr1632861_iv,VerihoggFormat,imported,True,0,ivtest,352,30,0.004323,0.006641,0.012393,19.969
regress-vlg_readmemh1a_iv,VerihoggFormat,imported,True,0,ivtest,1412,30,0.003657,0.007875,0.013609,19.836
regress-vlg_delay_var_iv,VerihoggFormat,imported,True,0,ivtest,1215,30,0.008727,0.004076,0.017453,21.98
regress-sv_enum_base_fail_darray_iv,VerihoggFormat,imported,False,0,ivtest,213,30,0.00863,0.003045,0.01166,17.598
regress-vlg_br_gh889_iv,VerihoggFormat,imported,True,0,ivtest,472,30,0.003961,0.008418,0.014924,19.785
regress-vlg_pr3368642_iv,VerihoggFormat,imported,True,0,ivtest,832,30,0.00344,0.009637,0.018359,21.891
regress-sv_module_nonansi_enum2_iv,VerihoggFormat,imported,True,0,ivtest,365,30,0.001283,0.010114,0.012627,19.863
regress-vlg_trankeeper_iv,VerihoggFormat,imported,False,1,ivtest,1225,30,0.008104,0.003991,0.013899,19.98
regress-vlg_task_nonansi_time1_iv,VerihoggFormat,imported,True,0,ivtest,369,30,0.006447,0.004872,0.012543,19.344
regress-sv_disable_fork_cmd_iv,VerihoggFormat,imported,True,0,ivtest,937,30,0.001458,0.01038,0.014467,19.523
regress-vlg_ptest008_iv,VerihoggFormat,imported,True,0,ivtest,1137,30,0.008146,0.002563,0.012127,20.098
regress-vlg_pr1489570_iv,VerihoggFormat,imported,False,1,ivtest,468,30,0.004217,0.007592,0.014239,20.016
regress-vlg_mult16_iv,VerihoggFormat,imported,True,0,ivtest,4132,30,0.002987,0.011224,0.024482,25.707
regress-vlg_br982a_iv,VerihoggFormat,imported,False,0,ivtest,195,30,0.007669,0.003651,0.012138,17.777
regress-sv_module_nonansi_struct1_iv,VerihoggFormat,imported,True,0,ivtest,418,30,0.007657,0.003692,0.012833,19.332
regress-synth_br993b_iv,VerihoggFormat,imported,False,1,ivtest,799,30,0.008569,0.004181,0.015277,22.105
regress-sv_sv_darray_word_size_iv,VerihoggFormat,imported,True,0,ivtest,1806,30,0.005242,0.007306,0.017491,21.637
regress-sv_sv_darray_assign_fail6_iv,VerihoggFormat,imported,False,0,ivtest,243,30,0.007588,0.003492,0.011538,17.273
regress-vlg_pr2818823_iv,VerihoggFormat,imported,True,0,ivtest,823,30,0.006714,0.004167,0.013093,19.988
regress-sv_array_size_iv,VerihoggFormat,imported,True,0,ivtest,539,30,0.00375,0.008519,0.014984,19.664
regress-sv_sv_array_cassign_fail3_iv,VerihoggFormat,imported,False,0,ivtest,309,30,0.007515,0.002928,0.011564,19.219
regress-vlg_check_constant_7_iv,VerihoggFormat,imported,False,0,ivtest,264,30,0.004083,0.007241,0.013597,19.484
regress-vlg_pr2233180b_iv,VerihoggFormat,imported,True,0,ivtest,2622,30,0.009144,0.004066,0.021328,23.523
regress-vlg_pr3296466c_iv,VerihoggFormat,imported,True,0,ivtest,300,30,0.0,0.011929,0.014197,19.715
regress-vlg_pr3024131_iv,VerihoggFormat,imported,True,0,ivtest,372,30,0.006775,0.00557,0.013307,19.613
regress-sv_sv_export_fail2_iv,VerihoggFormat,imported,False,0,ivtest,302,30,0.004821,0.006463,0.012002,17.332
regress-sv_sv_unpacked_port2_iv,VerihoggFormat,imported,True,0,ivtest,806,30,0.008775,0.004148,0.017546,22.055
regress-vlg_check_constant_19_iv,VerihoggFormat,imported,False,0,ivtest,264,30,0.007228,0.003624,0.01286,19.621
regress-vlg_readmemb2_iv,VerihoggFormat,imported,True,0,ivtest,1688,30,0.005788,0.005364,0.014468,20.043
regress-vlg_disable_cleanup_iv,VerihoggFormat,imported,True,0,ivtest,422,30,0.003958,0.007362,0.013558,20.211
regress-vlg_supply1_iv,VerihoggFormat,imported,True,0,ivtest,1240,30,0.001405,0.010189,0.012781,19.848
regress-sv_br_mw20200501_iv,VerihoggFormat,imported,True,0,ivtest,235,30,0.005069,0.006446,0.012731,19.828
regress-vlg_pr2986497_iv,VerihoggFormat,imported,True,0,ivtest,447,30,0.004506,0.007333,0.013885,19.867
regress-vlg_pr3054101f_iv,VerihoggFormat,imported,True,0,ivtest,8820,30,0.009343,0.011691,0.056206,30.164
regress-vlg_casez310D_iv,VerihoggFormat,imported,True,0,ivtest,1674,30,0.001464,0.010065,0.01383,19.918
regress-vlg_test_rnmos_iv,VerihoggFormat,imported,True,0,ivtest,3808,30,0.01017,0.005626,0.028891,25.938
regress-vlg_module_nonansi_integer1_iv,VerihoggFormat,imported,True,0,ivtest,371,30,0.005017,0.00673,0.012517,19.707
regress-sv_sv_string7b_iv,VerihoggFormat,imported,True,0,ivtest,1356,30,0.001355,0.011066,0.017205,21.512
regress-vlg_casex39C_iv,VerihoggFormat,imported,True,0,ivtest,1675,30,0.00503,0.006674,0.015349,19.965
regress-vlg_assign_nb1_iv,VerihoggFormat,imported,True,0,ivtest,1368,30,0.007913,0.003732,0.013803,20.074
regress-sv_recursive_func_const2_iv,VerihoggFormat,imported,True,0,ivtest,491,30,0.0,0.011713,0.013768,19.984
regress-synth_sqrt32synth_iv,VerihoggFormat,imported,False,1,ivtest,6108,30,0.006465,0.008401,0.021215,29.879
regress-vlg_pr2425055a_iv,VerihoggFormat,imported,True,0,ivtest,243,30,0.004755,0.006526,0.012312,19.734
regress-sv_wild_cmp_err2_iv,VerihoggFormat,imported,False,0,ivtest,541,30,0.004389,0.007714,0.014775,20.098
regress-vlg_wirele_iv,VerihoggFormat,imported,True,0,ivtest,1536,30,0.010796,0.001544,0.014977,20.219
regress-vlg_pr1879226_iv,VerihoggFormat,imported,True,0,ivtest,833,30,0.008735,0.003124,0.015317,19.891
regress-vlg_pr1868792_iv,VerihoggFormat,imported,True,0,ivtest,629,30,0.00545,0.007163,0.016112,20.059
regress-vlg_pr2974294_iv,VerihoggFormat,imported,True,0,ivtest,403,30,0.001456,0.009987,0.013787,20.055
regress-vlg_initmod2_iv,VerihoggFormat,imported,True,0,ivtest,3426,30,0.004546,0.009588,0.02214,26.055
regress-vlg_pr2605006_iv,VerihoggFormat,imported,True,0,ivtest,431,30,0.001501,0.010965,0.014466,19.859
regress-synth_land5_iv,VerihoggFormat,imported,False,1,ivtest,474,30,0.005512,0.006731,0.013431,19.969
regress-vlg_test_notif0_iv,VerihoggFormat,imported,True,0,ivtest,3843,30,0.012148,0.003405,0.029307,26.176
regress-vlg_pr2745281_iv,VerihoggFormat,imported,False,1,ivtest,537,30,0.005515,0.006507,0.01325,19.477
regress-vlg_br_gh99a_iv,VerihoggFormat,imported,True,0,ivtest,258,30,0.00441,0.007171,0.013193,19.781
regress-vlg_readmemb1_iv,VerihoggFormat,imported,True,0,ivtest,1411,30,0.007827,0.003694,0.013943,20.078
regress-vlg_busbug_iv,VerihoggFormat,imported,True,0,ivtest,231,30,0.005105,0.005697,0.011621,19.77
regress-sv_int_param_iv,VerihoggFormat,imported,True,0,ivtest,748,30,0.005147,0.007046,0.014348,19.77
regress-vlg_pr1978358c_iv,VerihoggFormat,imported,True,0,ivtest,934,30,0.008095,0.003853,0.014473,19.605
regress-vlg_pr3064511_iv,VerihoggFormat,imported,True,0,ivtest,517,30,0.003812,0.008891,0.014981,19.926
regress-sv_sv_darray6_iv,VerihoggFormat,imported,True,0,ivtest,1231,30,0.005819,0.007311,0.018187,21.871
regress-vlg_mult1_iv,VerihoggFormat,imported,True,0,ivtest,2977,30,0.004475,0.008491,0.020278,23.797
regress-sv_sv_port_default11_iv,VerihoggFormat,imported,True,0,ivtest,796,30,0.0,0.012094,0.014543,20.035
regress-vlg_br_gh309_iv,VerihoggFormat,imported,False,1,ivtest,211,30,0.008453,0.002923,0.011976,19.555
regress-vlg_pr973_iv,VerihoggFormat,imported,False,1,ivtest,494,30,0.007837,0.00363,0.012386,19.504
regress-sv_parameter_scalar_iv,VerihoggFormat,imported,False,1,ivtest,507,30,0.001498,0.012522,0.015659,22.262
regress-vlg_pr2181249_iv,VerihoggFormat,imported,False,1,ivtest,208,30,0.007569,0.003582,0.011378,19.941
regress-vlg_br_gh1225b_iv,VerihoggFormat,imported,False,0,ivtest,370,30,0.004281,0.007439,0.01284,19.289
regress-vlg_br_gh956b_iv,VerihoggFormat,imported,False,0,ivtest,187,30,0.007327,0.003852,0.012163,19.684
regress-vlg_pr532b_iv,VerihoggFormat,imported,True,0,ivtest,2313,30,0.010451,0.003012,0.020336,23.988
regress-vlg_modulus2_iv,VerihoggFormat,imported,True,0,ivtest,1353,30,0.003972,0.008775,0.014569,19.902
regress-vlg_pr1662508_iv,VerihoggFormat,imported,True,0,ivtest,787,30,0.001243,0.010927,0.01739,22.062
regress-vlg_pr990_iv,VerihoggFormat,imported,True,0,ivtest,372,30,0.004969,0.00667,0.013082,19.883
regress-sv_sv_union1_iv,VerihoggFormat,imported,True,0,ivtest,769,30,0.006565,0.005069,0.014728,19.539
regress-vlg_br_gh127f_iv,VerihoggFormat,imported,True,0,ivtest,681,30,0.00982,0.002753,0.016918,21.906
regress-sv_sv_union4b_iv,VerihoggFormat,imported,True,0,ivtest,448,30,0.004094,0.007449,0.013975,19.457
regress-sv_sv_class_new_typed_fail1_iv,VerihoggFormat,imported,False,0,ivtest,312,30,0.00798,0.003522,0.011932,17.98
regress-sv_pr3366217i_iv,VerihoggFormat,imported,True,0,ivtest,1258,30,0.001753,0.010533,0.015885,21.871
regress-vlg_task_nonansi_integer1_iv,VerihoggFormat,imported,True,0,ivtest,379,30,0.006411,0.003928,0.011249,19.953
regress-sv_sv_queue_real_bounded_iv,VerihoggFormat,imported,False,1,ivtest,2407,30,0.007054,0.00754,0.024445,25.516
regress-sv_sv_pkg_class_iv,VerihoggFormat,imported,True,0,ivtest,494,30,0.012035,0.0,0.013527,20.09
regress-sv_sv_param_port_list_iv,VerihoggFormat,imported,True,0,ivtest,555,30,0.004252,0.008545,0.016874,21.414
regress-vlg_br_gh244b_iv,VerihoggFormat,imported,True,0,ivtest,435,30,0.003832,0.00788,0.013983,20.133
regress-vlg_multi_bit_strength_iv,VerihoggFormat,imported,True,0,ivtest,415,30,0.008188,0.003704,0.013509,19.766
regress-vlg_pr1704726b_iv,VerihoggFormat,imported,True,0,ivtest,3008,30,0.004556,0.009667,0.022399,26.25
regress-vlg_task_nonansi_fail3_iv,VerihoggFormat,imported,False,0,ivtest,271,30,0.003392,0.007316,0.011753,17.727
regress-vlg_ga_nand_iv,VerihoggFormat,imported,True,0,ivtest,1591,30,0.011993,0.0,0.015498,19.531
regress-vlg_pr2994193_iv,VerihoggFormat,imported,True,0,ivtest,1955,30,0.00418,0.007792,0.014358,20.133
regress-sv_uint_test_iv,VerihoggFormat,imported,True,0,ivtest,11930,30,0.005288,0.015462,0.052326,29.648
regress-vlg_pr1693890_iv,VerihoggFormat,imported,False,1,ivtest,217,30,0.007472,0.003529,0.01125,17.734
regress-vlg_contrib81_iv,VerihoggFormat,imported,True,0,ivtest,1176,30,0.005344,0.006465,0.012994,20.07
regress-vlg_pr273_iv,VerihoggFormat,imported,True,0,ivtest,1485,30,0.001298,0.010147,0.014874,20.102
regress-vlg_pr3296466a_iv,VerihoggFormat,imported,True,0,ivtest,219,30,0.008661,0.003489,0.013537,20.004
regress-sv_br932a_iv,VerihoggFormat,imported,True,0,ivtest,226,30,0.007803,0.003361,0.012239,19.805
regress-vlg_fscanf_u_iv,VerihoggFormat,imported,True,0,ivtest,8645,30,0.015299,0.003524,0.046427,29.805
regress-vlg_param_test1_iv,VerihoggFormat,imported,False,1,ivtest,1670,30,0.011883,0.0,0.013505,19.898
regress-sv_sv_timeunit_prec4b_iv,VerihoggFormat,imported,True,0,ivtest,428,30,0.0,0.011339,0.012397,19.559
regress-vlg_elsif_test_iv,VerihoggFormat,imported,True,0,ivtest,1141,30,0.004452,0.008538,0.017328,21.898
regress-vlg_rop_iv,VerihoggFormat,imported,True,0,ivtest,4986,30,0.01174,0.00473,0.034863,27.621
regress-vlg_pr1903324_iv,VerihoggFormat,imported,True,0,ivtest,677,30,0.008407,0.003668,0.014854,19.676
regress-vlg_always314G_iv,VerihoggFormat,imported,True,0,ivtest,1099,30,0.010202,0.001536,0.012291,19.883
regress-vlg_real_assign_deassign_iv,VerihoggFormat,imported,True,0,ivtest,1105,30,0.0,0.012393,0.01601,19.742
regress-sv_sv_darray_assign_fail5_iv,VerihoggFormat,imported,False,0,ivtest,243,30,0.004745,0.006185,0.011281,17.633
regress-sv_sv_foreach3_iv,VerihoggFormat,imported,True,0,ivtest,2189,30,0.003911,0.008837,0.018844,23.844
regress-vlg_defparam4_iv,VerihoggFormat,imported,True,0,ivtest,1132,30,0.005236,0.007255,0.017383,21.719
regress-sv_sv_class_method_call_void_iv,VerihoggFormat,imported,True,0,ivtest,704,30,0.00467,0.007681,0.015082,19.984
regress-vlg_pr585_iv,VerihoggFormat,imported,True,0,ivtest,391,30,0.005072,0.006712,0.013391,20.188
regress-sv_size_cast_fail1_iv,VerihoggFormat,imported,False,0,ivtest,213,30,0.007304,0.003521,0.011416,17.656
regress-vlg_task_nonansi_integer_fail_iv,VerihoggFormat,imported,False,0,ivtest,369,30,0.00299,0.008558,0.01302,17.98
regress-vlg_pr1946411_iv,VerihoggFormat,imported,True,0,ivtest,205,30,0.007387,0.003109,0.011262,18.016
regress-vlg_sdf1_iv,VerihoggFormat,imported,True,0,ivtest,524,30,0.001173,0.009972,0.0135,19.984
regress-synth_blocksynth2_iv,VerihoggFormat,imported,False,1,ivtest,1369,30,0.003885,0.00769,0.01406,21.527
regress-vlg_pr1763333_iv,VerihoggFormat,imported,False,0,ivtest,52,30,0.003107,0.007678,0.010923,17.641
regress-vlg_pr243_iv,VerihoggFormat,imported,True,0,ivtest,1715,30,0.001517,0.011011,0.015728,20.008
regress-vlg_switch_primitives_iv,VerihoggFormat,imported,True,0,ivtest,997,30,0.004321,0.008482,0.019637,23.969
regress-vlg_pr1960619_iv,VerihoggFormat,imported,True,0,ivtest,1471,30,0.005666,0.008287,0.022914,25.938
regress-vlg_test_width_iv,VerihoggFormat,imported,True,0,ivtest,2920,30,0.014994,0.0,0.025338,26.074
regress-synth_pr519_iv,VerihoggFormat,imported,False,1,ivtest,1375,30,0.005122,0.006191,0.011995,20.008
regress-sv_enum_order_iv,VerihoggFormat,imported,True,0,ivtest,299,30,0.005021,0.006686,0.013064,19.738
regress-vlg_pr3292735_iv,VerihoggFormat,imported,True,0,ivtest,258,30,0.008074,0.003158,0.012666,19.465
regress-vlg_br_gh79_iv,VerihoggFormat,imported,True,1,ivtest,315,30,0.005105,0.00312,0.007555,20.047
regress-vlg_pr224_iv,VerihoggFormat,imported,True,0,ivtest,721,30,0.004333,0.007454,0.014477,20.082
regress-sv_sv_var_task_iv,VerihoggFormat,imported,False,1,ivtest,764,30,0.005467,0.008928,0.018441,23.406
regress-sv_enum_values_iv,VerihoggFormat,imported,True,0,ivtest,785,30,0.004111,0.00823,0.014909,19.969
regress-vlg_ga_mod1_iv,VerihoggFormat,imported,True,0,ivtest,1689,30,0.007042,0.005211,0.016167,20.145
regress-vlg_pr1830834_iv,VerihoggFormat,imported,True,0,ivtest,744,30,0.008424,0.003537,0.014752,19.988
regress-sv_sv_class7_iv,VerihoggFormat,imported,True,0,ivtest,881,30,0.003008,0.008561,0.014637,19.77
regress-vlg_repeat2_iv,VerihoggFormat,imported,True,0,ivtest,1991,30,0.007466,0.003967,0.014695,20.027
regress-sv_module_port_typedef_vector_iv,VerihoggFormat,imported,False,1,ivtest,508,30,0.004366,0.009376,0.014642,22.16
regress-sv_sv_darray_assign_fail1_iv,VerihoggFormat,imported,False,0,ivtest,303,30,0.004924,0.006251,0.011753,18.012
regress-vlg_pr1735724_iv,VerihoggFormat,imported,False,0,ivtest,237,30,0.003594,0.008248,0.013328,19.223
regress-sv_pr3366217b_iv,VerihoggFormat,imported,False,0,ivtest,156,30,0.003025,0.008468,0.012065,17.801
regress-vlg_delay2_iv,VerihoggFormat,imported,False,1,ivtest,1556,30,0.005804,0.006778,0.01517,23.941
regress-sv_br1027d_iv,VerihoggFormat,imported,True,0,ivtest,93,30,0.003958,0.006027,0.010515,17.746
regress-vlg_br982_iv,VerihoggFormat,imported,False,0,ivtest,189,30,0.002902,0.007155,0.010608,17.703
regress-sv_br1003c_iv,VerihoggFormat,imported,True,0,ivtest,414,30,0.008906,0.003086,0.013788,20.262
regress-vlg_pr2166311_iv,VerihoggFormat,imported,True,0,ivtest,2482,30,0.004193,0.008511,0.019488,24.102
regress-vlg_constfunc9_iv,VerihoggFormat,imported,True,0,ivtest,437,30,0.004254,0.007274,0.01419,19.449
regress-vlg_br_gh19b_iv,VerihoggFormat,imported,True,0,ivtest,301,30,0.003746,0.008183,0.012757,19.758
regress-sv_struct7_iv,VerihoggFormat,imported,True,0,ivtest,993,30,0.00686,0.00598,0.018143,21.512
regress-vlg_param_string_iv,VerihoggFormat,imported,True,0,ivtest,940,30,0.0,0.011306,0.01132,17.574
regress-vlg_pr1570635b_iv,VerihoggFormat,imported,True,0,ivtest,547,30,0.002901,0.008498,0.012448,20.145
regress-sv_task_nonansi_struct2_iv,VerihoggFormat,imported,True,0,ivtest,507,30,0.003614,0.008029,0.013804,20.188
regress-fsv_sys_func_task_error_iv,VerihoggFormat,imported,False,0,ivtest,387,30,0.011114,0.0,0.011739,17.973
regress-sv_sv_export_fail5_iv,VerihoggFormat,imported,False,0,ivtest,616,30,0.004945,0.006262,0.012001,17.723
regress-sv_final_iv,VerihoggFormat,imported,True,0,ivtest,267,30,0.0,0.011247,0.012319,19.801
regress-sv_sv_string5_iv,VerihoggFormat,imported,True,0,ivtest,984,30,0.008235,0.003845,0.015646,21.836
regress-vlg_task_nonansi_time_fail_iv,VerihoggFormat,imported,False,0,ivtest,356,30,0.0,0.010961,0.011624,17.738
regress-vlg_pr1489568_iv,VerihoggFormat,imported,False,1,ivtest,504,30,0.001472,0.010502,0.01287,19.914
regress-vlg_br_gh1175c_iv,VerihoggFormat,imported,True,1,ivtest,86,30,0.004377,0.003563,0.007339,17.473
regress-vlg_macro_comment3_iv,VerihoggFormat,imported,False,1,ivtest,290,30,0.001259,0.010197,0.011883,19.461
regress-vlg_pr1449749a_iv,VerihoggFormat,imported,True,0,ivtest,799,30,0.003199,0.009756,0.015784,19.984
regress-vlg_pr2169870_iv,VerihoggFormat,imported,True,0,ivtest,311,30,0.00844,0.003796,0.013112,20.035
regress-sv_br_gh368_iv,VerihoggFormat,imported,True,0,ivtest,496,30,0.008059,0.003566,0.012259,19.934
regress-vlg_pr902_iv,VerihoggFormat,imported,True,0,ivtest,262,30,0.003598,0.007654,0.011693,17.648
regress-sv_sv_foreach_fail1_iv,VerihoggFormat,imported,False,0,ivtest,250,30,0.0,0.011236,0.012227,17.375
regress-vlg_param_add_iv,VerihoggFormat,imported,True,0,ivtest,1104,30,0.007935,0.003328,0.012095,17.301
regress-sv_sv_class_compat_fail1_iv,VerihoggFormat,imported,False,0,ivtest,312,30,0.007681,0.003529,0.012295,18.023
regress-vlg_pr2835632a_iv,VerihoggFormat,imported,True,0,ivtest,32203,30,0.026187,0.020691,0.164127,45.961
regress-sv_struct3b_iv,VerihoggFormat,imported,True,0,ivtest,1127,30,0.004319,0.008099,0.0164,21.879
regress-vlg_bnot_iv,VerihoggFormat,imported,True,0,ivtest,1209,30,0.00438,0.007423,0.013006,19.754
regress-vlg_pr508_iv,VerihoggFormat,imported,True,0,ivtest,379,30,0.0,0.011232,0.011812,17.855
regress-synth_ff_dual_enable_iv,VerihoggFormat,imported,True,0,ivtest,1198,30,0.001437,0.011207,0.017296,21.727
regress-vlg_task_in_expr_fail_iv,VerihoggFormat,imported,False,0,ivtest,249,30,0.004151,0.006966,0.011675,17.93
regress-vlg_for316A_iv,VerihoggFormat,imported,True,0,ivtest,1245,30,0.008864,0.002932,0.013619,19.879
regress-vlg_pr1869772_iv,VerihoggFormat,imported,True,0,ivtest,295,30,0.004567,0.007645,0.013612,19.816
regress-vlg_pr1421777_iv,VerihoggFormat,imported,True,0,ivtest,611,30,0.0,0.011544,0.013777,19.52
regress-vlg_scope1_iv,VerihoggFormat,imported,True,0,ivtest,1717,30,0.001345,0.010445,0.01414,20.109
regress-sv_sv_var_function_iv,VerihoggFormat,imported,False,1,ivtest,727,30,0.009588,0.004437,0.016212,21.844
regress-vlg_pr856_iv,VerihoggFormat,imported,True,0,ivtest,295,30,0.0,0.010688,0.011811,19.953
regress-vlg_assign32C_iv,VerihoggFormat,imported,True,0,ivtest,1876,30,0.007813,0.003768,0.015192,19.867
regress-vlg_pr1892959_iv,VerihoggFormat,imported,False,1,ivtest,619,30,0.0,0.012556,0.013658,20.082
regress-vlg_pr2109179_iv,VerihoggFormat,imported,True,0,ivtest,453,30,0.008504,0.004085,0.015122,19.883
regress-sv_sv_typedef_fwd_enum_fail_iv,VerihoggFormat,imported,False,0,ivtest,169,30,0.007794,0.003453,0.011569,17.828
regress-vlg_pr1625912_iv,VerihoggFormat,imported,False,1,ivtest,425,30,0.003501,0.007876,0.01209,20.039
regress-vlg_pr2837451_iv,VerihoggFormat,imported,True,0,ivtest,502,30,0.009178,0.002659,0.014145,20.043
regress-vlg_pr757_iv,VerihoggFormat,imported,False,1,ivtest,350,30,0.008152,0.003743,0.013234,20.043
regress-vlg_drive_strength3_iv,VerihoggFormat,imported,False,1,ivtest,1584,30,0.001448,0.010337,0.012824,19.707
regress-sv_packeda_iv,VerihoggFormat,imported,False,1,ivtest,2363,30,0.004174,0.011434,0.020224,27.762
regress-vlg_signed_net_display_iv,VerihoggFormat,imported,True,0,ivtest,727,30,0.005365,0.006759,0.01679,21.691
regress-vlg_br_gh12_iv,VerihoggFormat,imported,True,0,ivtest,343,30,0.004819,0.006544,0.012839,20.297
regress-sv_union_packed_queue_fail_iv,VerihoggFormat,imported,False,0,ivtest,190,30,0.007396,0.003592,0.01142,17.57
regress-sv_sv_array_cassign_fail9_iv,VerihoggFormat,imported,False,0,ivtest,255,30,0.00493,0.006082,0.011781,17.32
regress-sv_always_comb_rfunc_iv,VerihoggFormat,imported,True,0,ivtest,991,30,0.004048,0.00796,0.016262,21.773
regress-sv_union_packed_uarray_fail_iv,VerihoggFormat,imported,False,0,ivtest,217,30,0.007431,0.002879,0.011549,17.148
regress-sv_parameter_override_invalid8_iv,VerihoggFormat,imported,False,0,ivtest,256,30,0.002935,0.007195,0.010811,17.699
regress-vlg_rnpmos_iv,VerihoggFormat,imported,False,1,ivtest,1895,30,0.005555,0.007086,0.014763,22.18
regress-vlg_select3_iv,VerihoggFormat,imported,True,0,ivtest,1442,30,0.007838,0.003599,0.014355,19.75
regress-sv_sv_wildcard_import4_iv,VerihoggFormat,imported,False,0,ivtest,303,30,0.004544,0.007146,0.012842,19.715
regress-synth_casesynth6_iv,VerihoggFormat,imported,False,1,ivtest,2691,30,0.009613,0.005125,0.019073,27.953
regress-vlg_macro_replacement_iv,VerihoggFormat,imported,True,0,ivtest,104,30,0.007645,0.003339,0.01136,17.516
regress-sv_wild_cmp_err_iv,VerihoggFormat,imported,False,0,ivtest,207,30,0.005127,0.007023,0.013131,19.172
regress-vlg_repl_zero_wid_pass_iv,VerihoggFormat,imported,True,0,ivtest,429,30,0.004751,0.007487,0.013655,19.734
regress-vlg_sscanf_u_iv,VerihoggFormat,imported,True,0,ivtest,490,30,0.003802,0.007286,0.013311,19.82
regress-vlg_module_nonansi_fail9_iv,VerihoggFormat,imported,False,0,ivtest,202,30,0.004713,0.006184,0.010834,17.59
regress-vlg_task_nonansi_vec_fail1_iv,VerihoggFormat,imported,False,0,ivtest,344,30,0.007368,0.003539,0.011724,17.992
regress-sv_br963_iv,VerihoggFormat,imported,True,0,ivtest,880,30,0.001251,0.010709,0.015781,22.172
regress-vlg_attrib04_net_var_iv,VerihoggFormat,imported,True,0,ivtest,585,30,0.003726,0.008048,0.014634,19.727
regress-vlg_pr1628288_iv,VerihoggFormat,imported,True,0,ivtest,1126,30,0.005184,0.007601,0.017481,22.18
regress-vlg_sel_rval_part_ob_iv,VerihoggFormat,imported,True,0,ivtest,24641,30,0.019409,0.006833,0.07964,31.562
regress-vlg_br919_iv,VerihoggFormat,imported,True,0,ivtest,858,30,0.001447,0.011128,0.015957,19.93
regress-sv_ushortint_test_iv,VerihoggFormat,imported,True,0,ivtest,11704,30,0.005029,0.015012,0.049281,29.863
regress-sv_sv_foreach6_iv,VerihoggFormat,imported,True,0,ivtest,347,30,0.007477,0.003461,0.01179,20.129
regress-vlg_sdf5_iv,VerihoggFormat,imported,True,0,ivtest,529,30,0.001448,0.010655,0.015018,19.598
regress-sv_sv_array_cassign_fail6_iv,VerihoggFormat,imported,False,0,ivtest,224,30,0.0,0.011685,0.012489,17.371
regress-sv_pv_wr_vec2a_nb_iv,VerihoggFormat,imported,False,1,ivtest,1923,30,0.001219,0.016825,0.026083,30.008
regress-vlg_pr542_iv,VerihoggFormat,imported,True,0,ivtest,1159,30,0.004808,0.006571,0.012977,19.59
regress-vlg_constfunc12_iv,VerihoggFormat,imported,False,1,ivtest,3840,30,0.015394,0.001471,0.025393,27.73
regress-sv_sv_ps_function3_iv,VerihoggFormat,imported,True,0,ivtest,412,30,0.006173,0.004859,0.012232,19.883
regress-vlg_generate_case2_iv,VerihoggFormat,imported,True,0,ivtest,1258,30,0.005878,0.007348,0.018599,22.117
regress-sv_br_gh443_iv,VerihoggFormat,imported,True,0,ivtest,423,30,0.0,0.011144,0.012472,20.047
regress-vlg_defparam2_iv,VerihoggFormat,imported,True,0,ivtest,1001,30,0.007661,0.004182,0.015322,19.602
regress-sv_enum_base_fail_array_iv,VerihoggFormat,imported,False,0,ivtest,209,30,0.001225,0.009009,0.010841,17.945
regress-sv_net_class_fail_iv,VerihoggFormat,imported,False,0,ivtest,172,30,0.00135,0.009296,0.010888,17.723
regress-vlg_pr2579479_iv,VerihoggFormat,imported,True,0,ivtest,385,30,0.010988,0.0,0.012477,20.043
regress-sv_enum_compatibility5_iv,VerihoggFormat,imported,True,0,ivtest,355,30,0.008691,0.002713,0.01259,19.902
regress-vlg_sdw_param1_iv,VerihoggFormat,imported,True,0,ivtest,1568,30,0.008059,0.004022,0.013841,19.934
regress-sv_sv_typedef_array_base1_iv,VerihoggFormat,imported,True,0,ivtest,365,30,0.0,0.011632,0.012993,19.664
regress-vlg_pr1474318_iv,VerihoggFormat,imported,False,1,ivtest,253,30,0.007508,0.003444,0.011309,19.723
regress-vlg_pr2358264_iv,VerihoggFormat,imported,False,1,ivtest,624,30,0.005808,0.004697,0.01121,20.07
regress-vlg_br_gh127b_iv,VerihoggFormat,imported,True,0,ivtest,674,30,0.001352,0.011177,0.017399,21.609
regress-sv_br_gh191_continue_iv,VerihoggFormat,imported,False,1,ivtest,1554,30,0.0092,0.004305,0.016141,22.055
regress-sv_sv_void_cast1_iv,VerihoggFormat,imported,True,0,ivtest,515,30,0.007842,0.003985,0.013902,19.867
regress-vlg_sdw_release_iv,VerihoggFormat,imported,True,0,ivtest,1530,30,0.004571,0.007709,0.013643,20.258
regress-vlg_pr2030767_iv,VerihoggFormat,imported,True,0,ivtest,248,30,0.002668,0.008613,0.012282,19.324
regress-vlg_pr1645277_iv,VerihoggFormat,imported,True,0,ivtest,233,30,0.004596,0.006246,0.011882,19.965
regress-vlg_always315A_iv,VerihoggFormat,imported,True,0,ivtest,1362,30,0.001447,0.009391,0.012256,19.594
regress-sv_sv_var_module_inout2_iv,VerihoggFormat,imported,False,0,ivtest,175,30,0.004374,0.006957,0.011504,17.562
regress-vlg_disp_dec2_iv,VerihoggFormat,imported,True,0,ivtest,941,30,0.004186,0.006564,0.011058,17.652
regress-vlg_always313D2_iv,VerihoggFormat,imported,True,0,ivtest,1303,30,0.011698,0.0,0.012889,19.91
regress-vlg_module_nonansi_fail1_iv,VerihoggFormat,imported,False,0,ivtest,180,30,0.007653,0.003322,0.011088,17.691
regress-sv_module_nonansi_parray2_iv,VerihoggFormat,imported,True,0,ivtest,380,30,0.011024,0.0,0.012278,19.582
regress-vlg_br931_iv,VerihoggFormat,imported,True,0,ivtest,502,30,0.004986,0.006407,0.013289,19.941
regress-vlg_br_gh99i_iv,VerihoggFormat,imported,True,0,ivtest,280,30,0.003561,0.008067,0.01367,19.508
regress-sv_sv_package4_iv,VerihoggFormat,imported,True,0,ivtest,747,30,0.003296,0.008596,0.014311,20.023
regress-vlg_always316D_iv,VerihoggFormat,imported,False,1,ivtest,1997,30,0.005139,0.006801,0.013796,19.531
regress-vlg_scanf4_iv,VerihoggFormat,imported,True,0,ivtest,40050,30,0.020547,0.023278,0.165318,44.191
regress-sv_vvp_recv_vec4_pv_iv,VerihoggFormat,imported,True,0,ivtest,1667,30,0.004607,0.008156,0.01654,20.078
regress-vlg_pr3309391_iv,VerihoggFormat,imported,True,0,ivtest,175,30,0.004059,0.006834,0.01195,17.238
regress-vlg_real9_iv,VerihoggFormat,imported,True,0,ivtest,2180,30,0.005801,0.007137,0.020677,23.934
regress-vlg_pr2865563_iv,VerihoggFormat,imported,True,0,ivtest,653,30,0.011365,0.0,0.013239,19.645
regress-vlg_br916a_iv,VerihoggFormat,imported,True,0,ivtest,134,30,0.008282,0.003092,0.012039,17.938
regress-vlg_time1_iv,VerihoggFormat,imported,True,0,ivtest,1334,30,0.001452,0.010487,0.013963,20.0
regress-sv_br_gh365_iv,VerihoggFormat,imported,False,1,ivtest,565,30,0.004758,0.008005,0.013486,19.969
regress-vlg_pr699b_iv,VerihoggFormat,imported,False,1,ivtest,551,30,0.0,0.012131,0.013021,19.469
regress-vlg_pr2722330a_iv,VerihoggFormat,imported,True,0,ivtest,1407,30,0.005073,0.007872,0.017828,21.934
regress-vlg_pr338_iv,VerihoggFormat,imported,True,0,ivtest,1019,30,0.0012,0.009836,0.011758,17.77
regress-vlg_pr1755629_iv,VerihoggFormat,imported,False,1,ivtest,616,30,0.005469,0.00679,0.013951,19.43
utd-sv_cpx_buf_io,VerihoggFormat,imported,True,0,utd-sv,2186,30,0.019778,0.009995,0.073265,31.367
utd-sv_rep_jbi_sc1_2,VerihoggFormat,imported,True,0,utd-sv,3174,30,0.011371,0.00764,0.024162,19.043
utd-sv_pcx_buf_p4_even,VerihoggFormat,imported,True,0,utd-sv,4206,30,0.024917,0.006881,0.078009,31.387
utd-sv_pcx_buf_pm_even,VerihoggFormat,imported,True,0,utd-sv,4287,30,0.008097,0.023046,0.076602,31.285
utd-sv_sparc_ifu_par34,VerihoggFormat,imported,True,0,utd-sv,1725,30,0.001514,0.0175,0.021096,19.426
utd-sv_pcx_buf_p1,VerihoggFormat,imported,True,0,utd-sv,11889,30,0.027889,0.007689,0.095179,31.367
utd-sv_pcx_buf_pm,VerihoggFormat,imported,True,0,utd-sv,2324,30,0.022976,0.00824,0.075163,31.254
utd-sv_sctag_scbuf_rptr3,VerihoggFormat,imported,True,0,utd-sv,8062,30,0.008121,0.012569,0.032745,25.406
utd-sv_ifdef-1,VerihoggFormat,imported,True,0,utd-sv,984,30,0.001455,0.016239,0.020618,19.301
utd-sv_sctag_cpx_rptr_2,VerihoggFormat,imported,True,0,utd-sv,2257,30,0.001417,0.017467,0.022324,19.469
utd-sv_sctag_scbuf_rptr0,VerihoggFormat,imported,True,0,utd-sv,8062,30,0.004817,0.017111,0.035116,25.184
utd-sv_sparc_exu_aluspr,VerihoggFormat,imported,True,0,utd-sv,2272,30,0.01483,0.003198,0.022155,19.344
utd-sv_primitives,VerihoggFormat,imported,True,0,utd-sv,1007,30,0.012406,0.007912,0.028174,21.293
utd-sv_cpx_buf_p0,VerihoggFormat,imported,True,0,utd-sv,2909,30,0.01381,0.015435,0.074517,31.289
utd-sv_cpx_fpbuf_p0,VerihoggFormat,imported,True,0,utd-sv,1628,30,0.009713,0.009083,0.022083,19.473
utd-sv_cpx_buf_p3,VerihoggFormat,imported,True,0,utd-sv,25021,30,0.025109,0.011434,0.106821,33.285
utd-sv_cpx_databuf_ca,VerihoggFormat,imported,True,0,utd-sv,2217,30,0.019571,0.010356,0.073214,31.363
utd-sv_sparc_exu_aluor32,VerihoggFormat,imported,True,0,utd-sv,3698,30,0.001265,0.019526,0.03048,23.266
utd-sv_pcx_buf_p4,VerihoggFormat,imported,True,0,utd-sv,3069,30,0.016825,0.012942,0.075838,31.324
utd-sv_fpu_rptr_macros,VerihoggFormat,imported,True,0,utd-sv,1584,30,0.003713,0.014404,0.021372,19.492
utd-sv_rep_jbi_sc3_2,VerihoggFormat,imported,True,0,utd-sv,3174,30,0.006843,0.012578,0.025331,19.242
utd-sv_pcx_buf_pdl_even,VerihoggFormat,imported,True,0,utd-sv,4377,30,0.014681,0.016515,0.077757,31.09
utd-sv_sctag_cpx_rptr_3,VerihoggFormat,imported,True,0,utd-sv,2257,30,0.013827,0.003682,0.019492,19.297
utd-sv_pcx_buf_scache,VerihoggFormat,imported,True,0,utd-sv,2476,30,0.01636,0.01418,0.075828,31.344
utd-sv_pcx_buf_pdl,VerihoggFormat,imported,True,0,utd-sv,2146,30,0.020094,0.009764,0.073517,31.227
utd-sv_sctag_cpx_rptr_1,VerihoggFormat,imported,True,0,utd-sv,2257,30,0.004443,0.013553,0.020716,19.371
utd-sv_sparc_exu_alu_16eql,VerihoggFormat,imported,True,0,utd-sv,3025,30,0.006424,0.014948,0.032085,25.082
utd-sv_scbuf_sig_buf,VerihoggFormat,imported,True,0,utd-sv,2664,30,0.007856,0.010136,0.021569,19.375
utd-sv_fpu_cnt_lead0_lvl2,VerihoggFormat,imported,True,0,utd-sv,2505,30,0.00499,0.013121,0.02206,19.266
utd-sv_sparc_exu_aluzcmp64,VerihoggFormat,imported,True,0,utd-sv,2350,30,0.00317,0.015573,0.021325,19.172
utd-sv_net_type_directive,VerihoggFormat,imported,True,0,utd-sv,396,30,0.007948,0.01002,0.019323,17.246
utd-sv_bw_temp_diode,VerihoggFormat,imported,True,0,utd-sv,1415,30,0.004345,0.012986,0.019387,17.281
utd-sv_fpu_cnt_lead0_lvl4,VerihoggFormat,imported,True,0,utd-sv,3229,30,0.008298,0.009988,0.023936,19.457
utd-sv_rep_jbi_sc0_2,VerihoggFormat,imported,True,0,utd-sv,3174,30,0.010446,0.008133,0.023726,19.262
utd-sv_pcx_buf_pdr,VerihoggFormat,imported,True,0,utd-sv,2148,30,0.01182,0.017526,0.07463,31.121
utd-sv_pcx_databuf_pa,VerihoggFormat,imported,True,0,utd-sv,2363,30,0.025607,0.004673,0.072903,31.176
utd-sv_ctu_test_stub_scan,VerihoggFormat,imported,True,0,utd-sv,2257,30,0.006799,0.015278,0.035496,25.328
utd-sv_tlu_incr64,VerihoggFormat,imported,True,0,utd-sv,2087,30,0.005317,0.016451,0.034378,25.25
utd-sv_cpx_buf_p4_even,VerihoggFormat,imported,True,0,utd-sv,6460,30,0.013988,0.015924,0.079251,31.438
utd-sv_sctag_stdatarep,VerihoggFormat,imported,True,0,utd-sv,1846,30,0.003203,0.01529,0.020863,19.414
utd-sv_cpx_buf_pdr_even,VerihoggFormat,imported,True,0,utd-sv,6574,30,0.017962,0.012998,0.079766,31.332
utd-sv_cpx_spc_buf,VerihoggFormat,imported,True,0,utd-sv,1866,30,0.019309,0.011483,0.083247,31.461
utd-sv_sparc_ifu_par16,VerihoggFormat,imported,True,0,utd-sv,1725,30,0.004669,0.013653,0.02064,19.496
utd-sv_fpu_in2_gt_in1_frac,VerihoggFormat,imported,True,0,utd-sv,12106,30,0.006235,0.018579,0.046134,27.379
utd-sv_sctag_tagctlrep,VerihoggFormat,imported,True,0,utd-sv,2672,30,0.014423,0.003651,0.023075,19.246
utd-sv_sparc_ffu_part_add32,VerihoggFormat,imported,True,0,utd-sv,2123,30,0.014162,0.003786,0.021843,19.176
utd-sv_pcx_buf_fpio,VerihoggFormat,imported,True,0,utd-sv,2445,30,0.01968,0.011034,0.074703,31.316
utd-sv_iob_jbi_rptr_1,VerihoggFormat,imported,True,0,utd-sv,1538,30,0.004204,0.011936,0.01832,19.445
utd-sv_pcx_buf_pdl_odd,VerihoggFormat,imported,True,0,utd-sv,5492,30,0.017462,0.012319,0.077331,31.484
utd-sv_inc-2,VerihoggFormat,imported,True,0,utd-sv,386,30,0.007825,0.009476,0.01954,17.168
utd-sv_std-6.1.2-contassign,VerihoggFormat,imported,True,0,utd-sv,602,30,0.008127,0.01021,0.020802,19.363
utd-sv_spu_lsurpt,VerihoggFormat,imported,True,0,utd-sv,2707,30,0.001522,0.016771,0.022748,19.469
utd-sv_pcx_buf_p4_odd,VerihoggFormat,imported,True,0,utd-sv,5326,30,0.020322,0.011454,0.079385,31.309
utd-sv_sctag_cpx_rptr_0,VerihoggFormat,imported,True,0,utd-sv,2257,30,0.011855,0.006301,0.020559,19.336
utd-sv_test_stub_scan,VerihoggFormat,imported,True,0,utd-sv,5658,30,0.015758,0.003227,0.025212,21.492
utd-sv_sctag_sig_rptr,VerihoggFormat,imported,True,0,utd-sv,1536,30,0.005017,0.013288,0.020577,17.32
utd-sv_pad_efc,VerihoggFormat,imported,True,0,utd-sv,1879,30,0.004577,0.016627,0.03385,25.34
utd-sv_unconnected_drive,VerihoggFormat,imported,True,0,utd-sv,465,30,0.008395,0.009219,0.018948,17.215
utd-sv_sparc_exu_eclcomp7,VerihoggFormat,imported,True,0,utd-sv,2162,30,0.0,0.019253,0.023922,19.422
utd-sv_sctag_dirg_buf,VerihoggFormat,imported,True,0,utd-sv,2134,30,0.011183,0.006653,0.021018,19.352
utd-sv_ccx_global_int_buf,VerihoggFormat,imported,True,0,utd-sv,1864,30,0.02188,0.009863,0.076118,31.395
utd-sv_spu_ma_mon,VerihoggFormat,imported,True,0,utd-sv,2305,30,0.001431,0.017536,0.023911,19.312
utd-sv_sparc_exu_div_32eql,VerihoggFormat,imported,True,0,utd-sv,2996,30,0.009585,0.012007,0.031589,25.043
utd-sv_sparc_exu_aluadder64,VerihoggFormat,imported,True,0,utd-sv,2570,30,0.004932,0.013205,0.021632,19.316
utd-sv_cpx_buf_p4,VerihoggFormat,imported,True,0,utd-sv,3100,30,0.015429,0.013932,0.074966,31.402
utd-sv_pcx_buf_p3,VerihoggFormat,imported,True,0,utd-sv,10714,30,0.008445,0.024041,0.090433,31.406
utd-sv_fpu_cnt_lead0_lvl3,VerihoggFormat,imported,True,0,utd-sv,2857,30,0.005198,0.015062,0.024197,19.238
utd-sv_iob_jbi_rptr_0,VerihoggFormat,imported,True,0,utd-sv,1543,30,0.007011,0.011892,0.020879,19.387
utd-sv_cpx_buf_pm,VerihoggFormat,imported,True,0,utd-sv,2640,30,0.015811,0.01418,0.072496,31.469
utd-sv_terminator,VerihoggFormat,imported,True,0,utd-sv,1563,30,0.014686,0.003001,0.01952,17.281
utd-sv_std-7.1.6-primitives,VerihoggFormat,imported,True,0,utd-sv,716,30,0.010302,0.007109,0.02031,19.328
utd-sv_ccx_spc_rpt,VerihoggFormat,imported,True,0,utd-sv,2560,30,0.011057,0.019551,0.076028,31.387
utd-sv_std-6.1.2-contassign2,VerihoggFormat,imported,True,0,utd-sv,858,30,0.003283,0.014651,0.022015,19.324
utd-sv_tlu_addern_32,VerihoggFormat,imported,True,0,utd-sv,2591,30,0.01229,0.010293,0.036462,25.164
utd-sv_bw_r_l2d_rep_top,VerihoggFormat,imported,True,0,utd-sv,3052,30,0.008604,0.011812,0.027406,21.293
utd-sv_pcx_buf_pdr_even,VerihoggFormat,imported,True,0,utd-sv,4378,30,0.012445,0.017776,0.076948,31.453
utd-sv_fpu_rptr_min_global,VerihoggFormat,imported,True,0,utd-sv,2326,30,0.001563,0.017207,0.023804,19.352
utd-sv_pcx_buf_pdr_odd,VerihoggFormat,imported,True,0,utd-sv,5553,30,0.012727,0.017655,0.077327,31.469
utd-sv_cpx_buf_pdl_even,VerihoggFormat,imported,True,0,utd-sv,6618,30,0.009352,0.021153,0.078775,31.227
utd-sv_sctag_scbuf_rptr2,VerihoggFormat,imported,True,0,utd-sv,8062,30,0.013238,0.008272,0.035015,25.207
utd-sv_ccx_iob_rptr,VerihoggFormat,imported,True,0,utd-sv,1528,30,0.006727,0.011313,0.020173,19.391
utd-sv_sctag_slow_rptr,VerihoggFormat,imported,True,0,utd-sv,3195,30,0.00789,0.012014,0.026544,21.09
utd-sv_bw_r_l2d_rep_bot,VerihoggFormat,imported,True,0,utd-sv,4760,30,0.014521,0.007039,0.033209,25.523
utd-sv_pcx_buf_pm_odd,VerihoggFormat,imported,True,0,utd-sv,5447,30,0.019401,0.011116,0.078972,31.082
utd-sv_bw_ctu_pad_cluster,VerihoggFormat,imported,True,0,utd-sv,1898,30,0.012025,0.008657,0.034071,25.227
utd-sv_fpu_in2_gt_in1_3b,VerihoggFormat,imported,True,0,utd-sv,2169,30,0.006846,0.011418,0.02268,19.398
utd-sv_ctu_mask_id,VerihoggFormat,imported,True,0,utd-sv,2646,30,0.012359,0.008028,0.026901,21.438
utd-sv_fpu_in2_gt_in1_2b,VerihoggFormat,imported,True,0,utd-sv,2114,30,0.013791,0.005361,0.023665,19.367
utd-sv_cpx_databuf_ca2,VerihoggFormat,imported,True,0,utd-sv,2219,30,0.022736,0.007597,0.075254,31.332
utd-sv_sctag_pcx_rptr_0,VerihoggFormat,imported,True,0,utd-sv,2308,30,0.001505,0.01627,0.020839,19.199
utd-sv_ctu_level_mon,VerihoggFormat,imported,True,0,utd-sv,2679,30,0.003606,0.015599,0.024754,19.773
utd-sv_sctag_scbuf_rptr1,VerihoggFormat,imported,True,0,utd-sv,8062,30,0.004594,0.016536,0.034543,25.477
utd-sv_simple_task,VerihoggFormat,imported,True,0,utd-sv,471,30,0.015281,0.003458,0.02162,17.621
utd-sv_cpx_fpbuf_p1,VerihoggFormat,imported,True,0,utd-sv,13338,30,0.012503,0.008419,0.034722,25.277
utd-sv_iob_ccx_rptr,VerihoggFormat,imported,True,0,utd-sv,1533,30,0.017083,0.0,0.018905,19.316
utd-sv_cpx_buf_pm_even,VerihoggFormat,imported,True,0,utd-sv,6716,30,0.01815,0.013495,0.080872,31.191
utd-sv_pcx_buf_p0_odd,VerihoggFormat,imported,True,0,utd-sv,5507,30,0.015181,0.016104,0.078338,31.391
utd-sv_fpu_cnt_lead0_lvl1,VerihoggFormat,imported,True,0,utd-sv,2100,30,0.00451,0.012825,0.020802,19.305
utd-sv_fpu_denorm_3to1,VerihoggFormat,imported,True,0,utd-sv,2595,30,0.011243,0.007081,0.02148,19.363
utd-sv_spc_pcx_buf,VerihoggFormat,imported,True,0,utd-sv,2174,30,0.010907,0.019067,0.07472,31.391
utd-sv_scdata_rep,VerihoggFormat,imported,True,0,utd-sv,3225,30,0.008332,0.010612,0.024518,19.25
utd-sv_fpu_cnt_lead0_53b,VerihoggFormat,imported,True,0,utd-sv,13578,30,0.007418,0.017169,0.04948,27.477
utd-sv_functions,VerihoggFormat,imported,True,0,utd-sv,446,30,0.010784,0.006698,0.019067,17.266
utd-sv_mod-param-dec,VerihoggFormat,imported,True,0,utd-sv,697,30,0.01137,0.00685,0.020979,19.535
utd-sv_bw_zckgatedcap_h,VerihoggFormat,imported,True,0,utd-sv,1548,30,0.01499,0.003453,0.020066,17.336
utd-sv_fpu_denorm_3b,VerihoggFormat,imported,True,0,utd-sv,2182,30,0.008214,0.010617,0.023414,19.176
utd-sv_fpu_in2_gt_in1_3to1,VerihoggFormat,imported,True,0,utd-sv,2586,30,0.010562,0.007104,0.020587,19.359
utd-sv_loops,VerihoggFormat,imported,True,0,utd-sv,519,30,0.010964,0.00753,0.021043,19.348
utd-sv_sctag_dirl_buf,VerihoggFormat,imported,True,0,utd-sv,3725,30,0.009703,0.011926,0.031353,23.414
utd-sv_scbuf_slowsig_buf,VerihoggFormat,imported,True,0,utd-sv,1871,30,0.010105,0.008808,0.021576,19.359
utd-sv_cpx_buf_p0_even,VerihoggFormat,imported,True,0,utd-sv,6481,30,0.015005,0.016509,0.080506,31.289
utd-sv_tlu_prencoder16,VerihoggFormat,imported,True,0,utd-sv,3263,30,0.006369,0.016564,0.042165,27.277
utd-sv_pcx_buf_p0_even,VerihoggFormat,imported,True,0,utd-sv,4421,30,0.018966,0.01212,0.084702,31.414
utd-sv_rep_jbi_sc2_2,VerihoggFormat,imported,True,0,utd-sv,3174,30,0.004377,0.013663,0.022735,19.355
utd-sv_sparc_exu_ecc_dec,VerihoggFormat,imported,True,0,utd-sv,6254,30,0.019492,0.011097,0.076179,31.445
utd-sv_fpu_denorm_frac,VerihoggFormat,imported,True,0,utd-sv,11910,30,0.0122,0.011873,0.044353,27.395
utd-sv_sctag_pcx_rptr_2,VerihoggFormat,imported,True,0,utd-sv,2308,30,0.007622,0.010618,0.02083,19.41
utd-sv_sctag_pcx_rptr_1,VerihoggFormat,imported,True,0,utd-sv,2308,30,0.001546,0.016728,0.020865,19.227
utd-sv_sctag_min_rptr,VerihoggFormat,imported,True,0,utd-sv,1610,30,0.004763,0.013349,0.021198,19.188
utd-sv_ctu_jtag_id,VerihoggFormat,imported,True,0,utd-sv,2646,30,0.008495,0.010566,0.025928,21.465
utd-sv_fpu_cnt_lead0_64b,VerihoggFormat,imported,True,0,utd-sv,16271,30,0.0,0.025082,0.05251,27.25
utd-sv_sctag_retbuf,VerihoggFormat,imported,True,0,utd-sv,2005,30,0.013433,0.00342,0.019256,19.336
utd-sv_cpx_buf_p1,VerihoggFormat,imported,True,0,utd-sv,24482,30,0.012917,0.02435,0.106797,33.367
utd-sv_sparc_exu_rml_inc3,VerihoggFormat,imported,True,0,utd-sv,2064,30,0.012773,0.006805,0.025807,21.383
utd-sv_sctag_pcx_rptr_3,VerihoggFormat,imported,True,0,utd-sv,2308,30,0.010257,0.007467,0.020145,19.246
utd-sv_pcx_buf_p0,VerihoggFormat,imported,True,0,utd-sv,3029,30,0.015836,0.015093,0.076428,31.367
utd-sv_sparc_ifu_par32,VerihoggFormat,imported,True,0,utd-sv,1725,30,0.004521,0.013161,0.019815,19.375
hdlconvertor_std2017_p170,VerihoggFormat,imported,True,0,hdlconv_std2017,1072,30,0.007733,0.010897,0.022845,19.605
hdlconvertor_std2017_p125,VerihoggFormat,imported,True,0,hdlconv_std2017,558,30,0.014655,0.003596,0.019911,17.34
hdlconvertor_std2017_p330,VerihoggFormat,imported,True,0,hdlconv_std2017,539,30,0.006608,0.01143,0.020265,17.289
hdlconvertor_std2017_p243,VerihoggFormat,imported,True,0,hdlconv_std2017,678,30,0.011134,0.006816,0.021546,19.723
hdlconvertor_std2017_p322,VerihoggFormat,imported,True,0,hdlconv_std2017,1015,30,0.005403,0.013631,0.022873,19.582
hdlconvertor_std2017_p200_2,VerihoggFormat,imported,True,0,hdlconv_std2017,707,30,0.010759,0.006656,0.019785,19.293
hdlconvertor_std2017_p327,VerihoggFormat,imported,True,0,hdlconv_std2017,859,30,0.003621,0.014073,0.021108,19.582
hdlconvertor_std2017_p612,VerihoggFormat,imported,True,0,hdlconv_std2017,3543,30,0.006558,0.013969,0.029992,23.699
hdlconvertor_std2017_p526,VerihoggFormat,imported,True,0,hdlconv_std2017,866,30,0.008858,0.010646,0.023263,19.469
hdlconvertor_std2017_p130,VerihoggFormat,imported,True,0,hdlconv_std2017,853,30,0.010918,0.007122,0.021751,19.578
hdlconvertor_std2017_p194,VerihoggFormat,imported,True,0,hdlconv_std2017,1213,30,0.00957,0.010189,0.024876,19.367
hdlconvertor_std2017_p124,VerihoggFormat,imported,True,0,hdlconv_std2017,744,30,0.004989,0.013085,0.021471,19.48
hdlconvertor_std2017_p475,VerihoggFormat,imported,True,0,hdlconv_std2017,1540,30,0.005474,0.013365,0.023508,19.336
hdlconvertor_std2017_p506,VerihoggFormat,imported,True,0,hdlconv_std2017,761,30,0.004933,0.013426,0.021334,19.371
hdlconvertor_std2017_p347,VerihoggFormat,imported,True,0,hdlconv_std2017,1573,30,0.011576,0.006023,0.022765,19.398
hdlconvertor_std2017_p198,VerihoggFormat,imported,True,0,hdlconv_std2017,1283,30,0.001487,0.016981,0.023129,19.363
hdlconvertor_std2017_p242,VerihoggFormat,imported,True,0,hdlconv_std2017,648,30,0.004635,0.01361,0.021567,19.305
hdlconvertor_std2017_p278,VerihoggFormat,imported,True,0,hdlconv_std2017,608,30,0.008344,0.009727,0.020438,17.312
hdlconvertor_std2017_p127,VerihoggFormat,imported,True,0,hdlconv_std2017,859,30,0.005358,0.013399,0.022821,19.656
hdlconvertor_std2017_p525,VerihoggFormat,imported,True,0,hdlconv_std2017,790,30,0.004301,0.013497,0.020231,19.465
hdlconvertor_std2017_p189,VerihoggFormat,imported,True,0,hdlconv_std2017,663,30,0.002984,0.014958,0.020495,17.508
hdlconvertor_std2017_p292,VerihoggFormat,imported,True,0,hdlconv_std2017,750,30,0.014254,0.003664,0.020836,19.363
hdlconvertor_std2017_p791,VerihoggFormat,imported,True,0,hdlconv_std2017,810,30,0.007232,0.011093,0.023306,19.246
hdlconvertor_std2017_p181_2,VerihoggFormat,imported,True,0,hdlconv_std2017,692,30,0.011307,0.006506,0.031683,19.523
hdlconvertor_std2017_p541,VerihoggFormat,imported,True,0,hdlconv_std2017,637,30,0.003233,0.01498,0.020978,19.539
hdlconvertor_std2017_p729,VerihoggFormat,imported,True,0,hdlconv_std2017,649,30,0.004884,0.013332,0.024296,19.293
hdlconvertor_std2017_p845,VerihoggFormat,imported,True,0,hdlconv_std2017,842,30,0.011138,0.00876,0.02365,19.414
hdlconvertor_std2017_p728,VerihoggFormat,imported,True,0,hdlconv_std2017,937,30,0.008017,0.010333,0.022721,19.773
hdlconvertor_std2017_p527,VerihoggFormat,imported,True,0,hdlconv_std2017,650,30,0.003718,0.015189,0.021676,19.566
hdlconvertor_std2017_p186,VerihoggFormat,imported,True,0,hdlconv_std2017,523,30,0.011487,0.006065,0.019476,17.449
hdlconvertor_std2017_p629,VerihoggFormat,imported,True,0,hdlconv_std2017,610,30,0.013543,0.003516,0.019701,17.621
hdlconvertor_std2017_p190,VerihoggFormat,imported,True,0,hdlconv_std2017,714,30,0.007541,0.009108,0.018497,17.336
hdlconvertor_std2017_p780,VerihoggFormat,imported,True,0,hdlconv_std2017,634,30,0.004527,0.013276,0.020684,19.277
hdlconvertor_std2017_p488,VerihoggFormat,imported,True,0,hdlconv_std2017,729,30,0.00861,0.009664,0.021595,19.363
hdlconvertor_std2017_p783,VerihoggFormat,imported,True,0,hdlconv_std2017,1494,30,0.010684,0.006804,0.021359,19.18
hdlconvertor_std2017_p348,VerihoggFormat,imported,True,0,hdlconv_std2017,951,30,0.003592,0.015096,0.022833,19.539
hdlconvertor_std2017_p884,VerihoggFormat,imported,True,0,hdlconv_std2017,2213,30,0.007725,0.011905,0.028064,23.086
hdlconvertor_std2017_p751,VerihoggFormat,imported,True,0,hdlconv_std2017,1785,30,0.008226,0.011663,0.026556,21.344
hdlconvertor_std2017_p249,VerihoggFormat,imported,True,0,hdlconv_std2017,491,30,0.014088,0.003544,0.020209,17.262
hdlconvertor_std2017_p633,VerihoggFormat,imported,True,0,hdlconv_std2017,706,30,0.009719,0.008412,0.021159,19.625
hdlconvertor_std2017_p126,VerihoggFormat,imported,True,0,hdlconv_std2017,587,30,0.010931,0.006825,0.020059,17.25
hdlconvertor_std2017_p94,VerihoggFormat,imported,True,0,hdlconv_std2017,900,30,0.005105,0.013176,0.02192,19.676
hdlconvertor_std2017_p790,VerihoggFormat,imported,True,0,hdlconv_std2017,1251,30,0.00446,0.014481,0.026184,21.207
hdlconvertor_std2017_p489,VerihoggFormat,imported,True,0,hdlconv_std2017,1245,30,0.009266,0.009397,0.02487,21.711
hdlconvertor_std2017_p200,VerihoggFormat,imported,True,0,hdlconv_std2017,692,30,0.001448,0.016843,0.020504,17.406
hdlconvertor_std2017_p827,VerihoggFormat,imported,True,0,hdlconv_std2017,839,30,0.004918,0.012951,0.021276,19.66
hdlconvertor_std2017_p469,VerihoggFormat,imported,True,0,hdlconv_std2017,1244,30,0.008783,0.010622,0.025039,19.473
hdlconvertor_std2017_p334,VerihoggFormat,imported,True,0,hdlconv_std2017,861,30,0.003467,0.015016,0.021732,19.375
hdlconvertor_std2017_p137_2,VerihoggFormat,imported,True,0,hdlconv_std2017,751,30,0.00724,0.011628,0.022488,19.41
hdlconvertor_std2017_p521,VerihoggFormat,imported,True,0,hdlconv_std2017,534,30,0.004652,0.01306,0.020236,17.422
hdlconvertor_std2017_p781,VerihoggFormat,imported,True,0,hdlconv_std2017,864,30,0.015064,0.003255,0.023343,19.438
hdlconvertor_std2017_p537,VerihoggFormat,imported,True,0,hdlconv_std2017,863,30,0.007692,0.010973,0.023013,19.844
hdlconvertor_std2017_p762,VerihoggFormat,imported,True,0,hdlconv_std2017,1907,30,0.001359,0.019256,0.028598,21.406
hdlconvertor_std2017_p738,VerihoggFormat,imported,True,0,hdlconv_std2017,619,30,0.014362,0.003545,0.020813,19.121
hdlconvertor_std2017_p372,VerihoggFormat,imported,True,0,hdlconv_std2017,553,30,0.0149,0.003734,0.026114,17.496
hdlconvertor_std2017_p511,VerihoggFormat,imported,True,0,hdlconv_std2017,463,30,0.011528,0.005844,0.019175,17.242
hdlconvertor_std2017_p599,VerihoggFormat,imported,True,0,hdlconv_std2017,634,30,0.0,0.018134,0.021013,19.285
hdlconvertor_std2017_p754,VerihoggFormat,imported,True,0,hdlconv_std2017,1353,30,0.003012,0.015159,0.022883,19.367
hdlconvertor_std2017_p183,VerihoggFormat,imported,True,0,hdlconv_std2017,539,30,0.010474,0.00815,0.023106,17.445
hdlconvertor_std2017_p628,VerihoggFormat,imported,True,0,hdlconv_std2017,814,30,0.008184,0.009697,0.021704,19.426
hdlconvertor_std2017_p835,VerihoggFormat,imported,True,0,hdlconv_std2017,712,30,0.009737,0.008836,0.021663,19.469
hdlconvertor_std2017_p608,VerihoggFormat,imported,True,0,hdlconv_std2017,615,30,0.008474,0.010161,0.022134,19.367
hdlconvertor_std2017_p627,VerihoggFormat,imported,True,0,hdlconv_std2017,484,30,0.004513,0.013919,0.020502,17.367
hdlconvertor_std2017_p757,VerihoggFormat,imported,True,0,hdlconv_std2017,1969,30,0.010869,0.009034,0.026984,21.32
hdlconvertor_std2017_p289,VerihoggFormat,imported,True,0,hdlconv_std2017,675,30,0.001478,0.017521,0.021622,19.73
hdlconvertor_std2017_p623,VerihoggFormat,imported,True,0,hdlconv_std2017,477,30,0.004601,0.012463,0.019233,17.449
hdlconvertor_std2017_p760,VerihoggFormat,imported,True,0,hdlconv_std2017,682,30,0.011448,0.006628,0.021357,19.293
hdlconvertor_std2017_p184,VerihoggFormat,imported,True,0,hdlconv_std2017,601,30,0.005092,0.013309,0.020921,17.488
hdlconvertor_std2017_p252,VerihoggFormat,imported,True,0,hdlconv_std2017,652,30,0.006496,0.01231,0.022251,19.48
hdlconvertor_std2017_p776,VerihoggFormat,imported,True,0,hdlconv_std2017,709,30,0.007847,0.011087,0.022449,19.715
hdlconvertor_std2017_p556,VerihoggFormat,imported,True,0,hdlconv_std2017,571,30,0.014125,0.003759,0.020221,17.258
hdlconvertor_std2017_p454,VerihoggFormat,imported,False,1,hdlconv_std2017,2306,30,0.001254,0.017326,0.025296,21.5
hdlconvertor_std2017_p371,VerihoggFormat,imported,False,1,hdlconv_std2017,1040,30,0.010315,0.008533,0.02217,19.613
hdlconvertor_std2017_p766,VerihoggFormat,imported,True,0,hdlconv_std2017,2160,30,0.012514,0.007903,0.029428,23.066
hdlconvertor_std2017_p248,VerihoggFormat,imported,False,1,hdlconv_std2017,617,30,0.004967,0.013367,0.022922,19.395
hdlconvertor_std2017_p765,VerihoggFormat,imported,True,0,hdlconv_std2017,2788,30,0.01398,0.007628,0.034292,25.668
hdlconvertor_std2017_p719,VerihoggFormat,imported,True,0,hdlconv_std2017,1206,30,0.016291,0.00339,0.026537,21.273
hdlconvertor_std2017_p844,VerihoggFormat,imported,True,0,hdlconv_std2017,790,30,0.014629,0.003337,0.02197,19.27
hdlconvertor_std2017_p179,VerihoggFormat,imported,True,0,hdlconv_std2017,785,30,0.015854,0.003012,0.0234,19.562
hdlconvertor_std2017_p756,VerihoggFormat,imported,True,0,hdlconv_std2017,1224,30,0.006727,0.01163,0.023037,19.246
hdlconvertor_std2017_p758,VerihoggFormat,imported,True,0,hdlconv_std2017,716,30,0.004731,0.01322,0.021625,19.363
hdlconvertor_std2017_p490,VerihoggFormat,imported,True,0,hdlconv_std2017,1127,30,0.013929,0.00331,0.02129,19.758
hdlconvertor_std2017_p577,VerihoggFormat,imported,True,0,hdlconv_std2017,1013,30,0.011392,0.006484,0.022253,19.367
hdlconvertor_std2017_p284,VerihoggFormat,imported,True,0,hdlconv_std2017,587,30,0.004771,0.013132,0.024902,19.402
hdlconvertor_std2017_p174,VerihoggFormat,imported,True,0,hdlconv_std2017,475,30,0.006136,0.010762,0.018952,17.242
hdlconvertor_std2017_p332,VerihoggFormat,imported,True,0,hdlconv_std2017,567,30,0.004426,0.013321,0.020594,17.238
hdlconvertor_std2017_p517,VerihoggFormat,imported,True,0,hdlconv_std2017,564,30,0.0,0.018781,0.021447,19.176
hdlconvertor_std2017_p518,VerihoggFormat,imported,True,0,hdlconv_std2017,494,30,0.007782,0.009743,0.019148,17.328
hdlconvertor_std2017_p531,VerihoggFormat,imported,True,0,hdlconv_std2017,592,30,0.014298,0.003597,0.021024,19.602
hdlconvertor_std2017_p847,VerihoggFormat,imported,True,0,hdlconv_std2017,618,30,0.001419,0.016819,0.021474,19.434
hdlconvertor_std2017_p239,VerihoggFormat,imported,True,0,hdlconv_std2017,1076,30,0.008122,0.010924,0.023549,19.668
hdlconvertor_std2017_p230,VerihoggFormat,imported,True,0,hdlconv_std2017,748,30,0.011451,0.006357,0.021214,19.566
hdlconvertor_std2017_p530,VerihoggFormat,imported,True,0,hdlconv_std2017,592,30,0.001496,0.016831,0.020911,19.48
hdlconvertor_std2017_p771,VerihoggFormat,imported,True,0,hdlconv_std2017,1793,30,0.006945,0.012299,0.025033,19.586
hdlconvertor_std2017_p328,VerihoggFormat,imported,True,0,hdlconv_std2017,934,30,0.00464,0.013585,0.022416,19.363
hdlconvertor_std2017_p238,VerihoggFormat,imported,True,0,hdlconv_std2017,633,30,0.015328,0.003513,0.021672,19.621
hdlconvertor_std2017_p168,VerihoggFormat,imported,True,0,hdlconv_std2017,960,30,0.008101,0.010944,0.023884,19.637
hdlconvertor_std2017_p774,VerihoggFormat,imported,True,0,hdlconv_std2017,784,30,0.011619,0.007118,0.021928,19.211
hdlconvertor_std2017_p493,VerihoggFormat,imported,True,0,hdlconv_std2017,820,30,0.003968,0.013665,0.020978,19.359
hdlconvertor_std2017_p503,VerihoggFormat,imported,True,0,hdlconv_std2017,520,30,0.011158,0.006535,0.020246,17.328
hdlconvertor_std2017_p181,VerihoggFormat,imported,True,0,hdlconv_std2017,603,30,0.008406,0.009418,0.020015,17.352
hdlconvertor_std2017_p185_2,VerihoggFormat,imported,True,0,hdlconv_std2017,715,30,0.007944,0.010279,0.020668,19.469
hdlconvertor_std2017_p185,VerihoggFormat,imported,True,0,hdlconv_std2017,1071,30,0.00834,0.010177,0.022739,19.629
hdlconvertor_std2017_p770,VerihoggFormat,imported,True,0,hdlconv_std2017,1209,30,0.005282,0.014077,0.024653,19.785
hdlconvertor_std2017_p234,VerihoggFormat,imported,True,0,hdlconv_std2017,1172,30,0.004523,0.0141,0.025239,19.34
hdlconvertor_std2017_p85,VerihoggFormat,imported,True,0,hdlconv_std2017,462,30,0.010484,0.0061,0.018892,17.367
hdlconvertor_std2017_p482,VerihoggFormat,imported,True,0,hdlconv_std2017,927,30,0.0,0.019525,0.023094,19.48
hdlconvertor_std2017_p269,VerihoggFormat,imported,True,0,hdlconv_std2017,637,30,0.008167,0.010268,0.021371,19.574
hdlconvertor_std2017_p188,VerihoggFormat,imported,True,0,hdlconv_std2017,529,30,0.007712,0.009342,0.019522,17.445
hdlconvertor_std2017_p517_2,VerihoggFormat,imported,True,0,hdlconv_std2017,712,30,0.013663,0.00363,0.020673,19.344
hdlconvertor_std2017_p723,VerihoggFormat,imported,False,1,hdlconv_std2017,789,30,0.010859,0.007046,0.021866,19.578
hdlconvertor_std2017_p733,VerihoggFormat,imported,True,0,hdlconv_std2017,864,30,0.009826,0.009082,0.023747,19.473
hdlconvertor_std2017_p178,VerihoggFormat,imported,True,0,hdlconv_std2017,498,30,0.010417,0.007132,0.019894,17.316
hdlconvertor_std2017_p718,VerihoggFormat,imported,True,0,hdlconv_std2017,604,30,0.006854,0.011403,0.020633,17.445
hdlconvertor_std2017_p199,VerihoggFormat,imported,True,0,hdlconv_std2017,784,30,0.014607,0.003553,0.020751,19.227
hdlconvertor_std2017_p331,VerihoggFormat,imported,True,0,hdlconv_std2017,543,30,0.007453,0.01034,0.020196,17.531
hdlconvertor_std2017_p752,VerihoggFormat,imported,True,0,hdlconv_std2017,1287,30,0.015171,0.003219,0.02291,19.188
hdlconvertor_std2017_p202,VerihoggFormat,imported,True,0,hdlconv_std2017,859,30,0.010684,0.006897,0.020569,19.418
hdlconvertor_std2017_p597,VerihoggFormat,imported,True,0,hdlconv_std2017,912,30,0.008812,0.010593,0.024529,19.602
hdlconvertor_std2017_p196,VerihoggFormat,imported,True,0,hdlconv_std2017,1036,30,0.008576,0.00979,0.021846,19.41
hdlconvertor_std2017_p184_2,VerihoggFormat,imported,True,0,hdlconv_std2017,607,30,0.0116,0.006284,0.019991,17.461
hdlconvertor_std2017_p600,VerihoggFormat,imported,True,0,hdlconv_std2017,791,30,0.0,0.018647,0.021329,19.477
hdlconvertor_std2017_p779,VerihoggFormat,imported,True,0,hdlconv_std2017,875,30,0.010401,0.007221,0.021359,19.414
hdlconvertor_std2017_p188_2,VerihoggFormat,imported,True,0,hdlconv_std2017,717,30,0.018268,0.0,0.020815,17.211
hdlconvertor_std2017_p190_2,VerihoggFormat,imported,True,0,hdlconv_std2017,536,30,0.006619,0.011494,0.020594,17.516
hdlconvertor_std2017_p707,VerihoggFormat,imported,True,0,hdlconv_std2017,579,30,0.007254,0.009344,0.018808,17.418
hdlconvertor_std2017_p745,VerihoggFormat,imported,True,0,hdlconv_std2017,633,30,0.0,0.018238,0.021369,19.621
hdlconvertor_std2017_p177,VerihoggFormat,imported,True,0,hdlconv_std2017,560,30,0.011639,0.00659,0.021003,17.215
hdlconvertor_std2017_p193_2,VerihoggFormat,imported,True,0,hdlconv_std2017,547,30,0.008106,0.010262,0.020755,17.367
hdlconvertor_std2017_p508,VerihoggFormat,imported,True,0,hdlconv_std2017,565,30,0.010788,0.006274,0.019287,17.293
hdlconvertor_std2017_p175,VerihoggFormat,imported,True,0,hdlconv_std2017,624,30,0.007928,0.009658,0.020833,19.613
hdlconvertor_std2017_p801,VerihoggFormat,imported,True,0,hdlconv_std2017,772,30,0.004774,0.014364,0.023608,19.297
hdlconvertor_std2017_p759,VerihoggFormat,imported,True,0,hdlconv_std2017,1374,30,0.004132,0.014402,0.024081,19.426
hdlconvertor_std2017_p703,VerihoggFormat,imported,True,0,hdlconv_std2017,524,30,0.001502,0.017811,0.021999,17.348
hdlconvertor_std2017_p516,VerihoggFormat,imported,True,0,hdlconv_std2017,563,30,0.010351,0.007738,0.021064,19.414
hdlconvertor_std2017_p203,VerihoggFormat,imported,True,0,hdlconv_std2017,682,30,0.008228,0.008954,0.020145,19.383
hdlconvertor_std2017_p140,VerihoggFormat,imported,True,0,hdlconv_std2017,783,30,0.010317,0.00716,0.021139,19.367
hdlconvertor_std2017_p761,VerihoggFormat,imported,True,0,hdlconv_std2017,1318,30,0.004736,0.013337,0.022223,19.52
hdlconvertor_std2017_p240,VerihoggFormat,imported,True,0,hdlconv_std2017,901,30,0.001294,0.01637,0.021445,19.262
hdlconvertor_std2017_p519,VerihoggFormat,imported,True,0,hdlconv_std2017,533,30,0.004988,0.013468,0.020874,17.246
hdlconvertor_std2017_p737,VerihoggFormat,imported,True,0,hdlconv_std2017,503,30,0.01103,0.006846,0.020071,17.195
hdlconvertor_std2017_p705,VerihoggFormat,imported,True,0,hdlconv_std2017,1063,30,0.008481,0.00969,0.022094,19.266
hdlconvertor_std2017_p193,VerihoggFormat,imported,True,0,hdlconv_std2017,601,30,0.009742,0.007914,0.020038,17.457
hdlconvertor_std2017_p491,VerihoggFormat,imported,True,0,hdlconv_std2017,790,30,0.003119,0.016056,0.022369,19.488
simple_func_block,VerihoggFormat,imported,True,0,yosys,1063,30,0.011312,0.008118,0.025775,21.559
simple_paramods,VerihoggFormat,imported,True,0,yosys,1095,30,0.003216,0.015409,0.025211,21.332
simple_macros,VerihoggFormat,imported,False,1,yosys,4178,30,0.007432,0.016099,0.035381,29.488
simple_sincos,VerihoggFormat,imported,True,0,yosys,3451,30,0.00987,0.011423,0.032331,27.543
asicworld_code_hdl_models_decoder_using_assign,VerihoggFormat,imported,True,0,yosys,999,30,0.008241,0.00965,0.021411,19.262
asicworld_code_hdl_models_cam,VerihoggFormat,imported,True,0,yosys,2093,30,0.010339,0.009,0.025663,21.457
asicworld_code_hdl_models_clk_div_45,VerihoggFormat,imported,True,0,yosys,1824,30,0.019524,0.0,0.024884,21.59
asicworld_code_verilog_tutorial_parity,VerihoggFormat,imported,True,0,yosys,1337,30,0.007499,0.010573,0.021103,19.473
memories_trans_sp,VerihoggFormat,imported,True,0,yosys,646,30,0.007309,0.011209,0.022057,19.34
simple_always03,VerihoggFormat,imported,True,0,yosys,705,30,0.0,0.017342,0.02082,19.672
asicworld_code_hdl_models_uart,VerihoggFormat,imported,True,0,yosys,4198,30,0.015495,0.005108,0.032877,27.676
simple_mem_arst,VerihoggFormat,imported,True,0,yosys,1059,30,0.010486,0.00788,0.022851,19.453
asicworld_code_hdl_models_d_ff_gates,VerihoggFormat,imported,True,0,yosys,736,30,0.008452,0.009854,0.022834,19.363
simple_attrib01_module,VerihoggFormat,imported,True,0,yosys,727,30,0.00505,0.013523,0.022049,19.254
asicworld_code_hdl_models_lfsr,VerihoggFormat,imported,True,0,yosys,1334,30,0.005011,0.013733,0.022288,19.367
asicworld_code_tidbits_reg_seq_example,VerihoggFormat,imported,True,0,yosys,610,30,0.007586,0.009135,0.019454,19.332
simple_rotate,VerihoggFormat,imported,True,0,yosys,1576,30,0.010508,0.008151,0.024478,21.637
memories_wide_write,VerihoggFormat,imported,True,0,yosys,796,30,0.011517,0.00607,0.022285,19.469
simple_carryadd,VerihoggFormat,imported,True,0,yosys,765,30,0.015298,0.00356,0.029882,19.469
asicworld_code_hdl_models_parity_using_function,VerihoggFormat,imported,True,0,yosys,1151,30,0.008313,0.009803,0.021588,19.379
asicworld_code_tidbits_fsm_using_always,VerihoggFormat,imported,True,0,yosys,3111,30,0.0049,0.015998,0.02866,23.68
simple_graphtest,VerihoggFormat,imported,False,1,yosys,1320,30,0.007772,0.010771,0.021341,19.359
simple_string_format,VerihoggFormat,imported,True,0,yosys,487,30,0.010583,0.006467,0.019561,17.715
asicworld_code_hdl_models_encoder_using_if,VerihoggFormat,imported,True,0,yosys,2185,30,0.011461,0.007398,0.025955,23.562
simple_aes_kexp128,VerihoggFormat,imported,True,0,yosys,823,30,0.010256,0.008317,0.023796,19.398
simple_ifdef_2,VerihoggFormat,imported,True,0,yosys,568,30,0.004496,0.014492,0.021127,19.352
simple_constpower,VerihoggFormat,imported,True,0,yosys,646,30,0.014376,0.003542,0.023487,19.531
simple_retime,VerihoggFormat,imported,False,1,yosys,484,30,0.01123,0.007318,0.021113,19.273
simple_macro_arg_surrounding_spaces,VerihoggFormat,imported,False,1,yosys,774,30,0.004514,0.013041,0.020248,19.359
simple_attrib06_operator_suffix,VerihoggFormat,imported,True,0,yosys,888,30,0.00444,0.013637,0.021936,19.316
simple_attrib04_net_var,VerihoggFormat,imported,True,0,yosys,909,30,0.014742,0.003318,0.021998,19.207
asicworld_code_hdl_models_half_adder_gates,VerihoggFormat,imported,True,0,yosys,783,30,0.008439,0.009429,0.0202,17.297
asicworld_code_hdl_models_parity_using_bitwise,VerihoggFormat,imported,True,0,yosys,874,30,0.011207,0.00647,0.019628,17.293
simple_module_scope,VerihoggFormat,imported,True,0,yosys,1497,30,0.014836,0.003451,0.023337,19.332
memories_read_arst,VerihoggFormat,imported,True,0,yosys,844,30,0.014247,0.003562,0.020978,19.441
simple_genblk_dive,VerihoggFormat,imported,True,0,yosys,691,30,0.01116,0.007142,0.02205,19.328
simple_module_scope_case,VerihoggFormat,imported,False,1,yosys,555,30,0.005907,0.011052,0.018787,17.496
errors_syntax_err01,VerihoggFormat,imported,False,0,yosys,468,30,0.00792,0.009581,0.019266,17.332
sva_nested_clk_else,VerihoggFormat,imported,True,0,yosys,572,30,0.004534,0.012406,0.019239,19.078
sva_sva_range,VerihoggFormat,imported,True,0,yosys,569,30,0.00344,0.014327,0.020106,19.359
simple_attrib08_mod_inst,VerihoggFormat,imported,True,0,yosys,765,30,0.009992,0.00816,0.021381,19.242
memories_wide_thru_priority,VerihoggFormat,imported,True,0,yosys,793,30,0.008665,0.009264,0.021946,19.367
errors_syntax_err02,VerihoggFormat,imported,False,0,yosys,495,30,0.008212,0.009503,0.019814,17.406
simple_mem2reg,VerihoggFormat,imported,False,1,yosys,2854,30,0.013075,0.008365,0.028677,27.285
asicworld_code_hdl_models_parallel_crc,VerihoggFormat,imported,False,1,yosys,2068,30,0.017416,0.003243,0.028562,23.477
asicworld_code_verilog_tutorial_simple_function,VerihoggFormat,imported,True,0,yosys,552,30,0.007998,0.009894,0.020088,17.348
memories_trans_sdp,VerihoggFormat,imported,True,0,yosys,659,30,0.012749,0.004669,0.020722,19.48
simple_sign_part_assign,VerihoggFormat,imported,True,0,yosys,691,30,0.001317,0.0153,0.019814,19.637
asicworld_code_verilog_tutorial_if_else,VerihoggFormat,imported,True,0,yosys,542,30,0.004955,0.011994,0.01934,17.289
asicworld_code_verilog_tutorial_addbit,VerihoggFormat,imported,True,0,yosys,775,30,0.014084,0.003095,0.019825,19.172
simple_param_attr,VerihoggFormat,imported,True,0,yosys,508,30,0.004913,0.013638,0.021284,19.125
asicworld_code_tidbits_syn_reset,VerihoggFormat,imported,True,0,yosys,637,30,0.008412,0.010181,0.021321,19.363
memories_wide_read_sync,VerihoggFormat,imported,True,0,yosys,827,30,0.003332,0.013898,0.021616,19.711
asicworld_code_hdl_models_encoder_4to2_gates,VerihoggFormat,imported,True,0,yosys,541,30,0.007843,0.010144,0.020552,19.328
sva_basic01,VerihoggFormat,imported,True,0,yosys,693,30,0.008368,0.010105,0.021981,19.766
sva_basic00,VerihoggFormat,imported,True,0,yosys,796,30,0.008036,0.010434,0.02162,19.293
asicworld_code_verilog_tutorial_always_example,VerihoggFormat,imported,True,0,yosys,592,30,0.0076,0.009422,0.019368,17.211
simple_const_branch_finish,VerihoggFormat,imported,False,1,yosys,1059,30,0.008978,0.011233,0.024294,21.719
simple_operators,VerihoggFormat,imported,True,0,yosys,2581,30,0.008454,0.013804,0.038648,27.41
asicworld_code_specman_switch_fabric,VerihoggFormat,imported,True,0,yosys,2668,30,0.0,0.019059,0.028457,23.547
memories_firrtl_938,VerihoggFormat,imported,True,0,yosys,636,30,0.003267,0.015352,0.02176,19.508
simple_partsel,VerihoggFormat,imported,True,0,yosys,3846,30,0.007849,0.015987,0.046605,27.43
memories_wide_read_trans,VerihoggFormat,imported,True,0,yosys,1035,30,0.011372,0.007338,0.024139,21.391
simple_loops,VerihoggFormat,imported,False,1,yosys,2457,30,0.01093,0.009441,0.025306,25.32
asicworld_code_tidbits_asyn_reset,VerihoggFormat,imported,True,0,yosys,663,30,0.013792,0.003359,0.020262,19.328
asicworld_code_hdl_models_mux_using_case,VerihoggFormat,imported,True,0,yosys,1174,30,0.006193,0.010667,0.019567,19.27
sva_extnets,VerihoggFormat,imported,True,0,yosys,596,30,0.00828,0.011044,0.023329,19.465
simple_localparam_attr,VerihoggFormat,imported,True,0,yosys,530,30,0.007705,0.010165,0.020201,19.336
simple_arraycells,VerihoggFormat,imported,True,0,yosys,544,30,0.007851,0.010977,0.022061,19.246
simple_process,VerihoggFormat,imported,False,1,yosys,1647,30,0.012785,0.007239,0.024388,23.57
asicworld_code_hdl_models_arbiter,VerihoggFormat,imported,True,0,yosys,4190,30,0.012673,0.008785,0.034815,27.488
asicworld_code_verilog_tutorial_good_code,VerihoggFormat,imported,True,0,yosys,747,30,0.010444,0.006825,0.019632,17.379
sva_sva_value_change_changed_wide,VerihoggFormat,imported,True,0,yosys,704,30,0.007496,0.011622,0.022496,19.363
asicworld_code_verilog_tutorial_escape_id,VerihoggFormat,imported,False,1,yosys,661,30,0.006309,0.010987,0.019942,17.312
errors_syntax_err11,VerihoggFormat,imported,True,1,yosys,478,30,0.004286,0.006064,0.011431,17.062
asicworld_code_hdl_models_decoder_2to4_gates,VerihoggFormat,imported,True,0,yosys,614,30,0.011303,0.006783,0.020381,19.266
simple_undef_eqx_nex,VerihoggFormat,imported,True,0,yosys,599,30,0.010471,0.006449,0.020633,19.266
simple_vloghammer,VerihoggFormat,imported,True,0,yosys,1850,30,0.015593,0.003429,0.027065,21.285
simple_genblk_collide,VerihoggFormat,imported,True,0,yosys,740,30,0.014512,0.003733,0.023676,19.406
simple_i2c_master_tests,VerihoggFormat,imported,True,0,yosys,1553,30,0.007566,0.011157,0.024308,21.434
simple_signedexpr,VerihoggFormat,imported,True,0,yosys,664,30,0.01084,0.007121,0.021847,19.496
asicworld_code_hdl_models_rom_using_case,VerihoggFormat,imported,True,0,yosys,1289,30,0.011626,0.007058,0.023619,19.355
asicworld_code_hdl_models_up_counter_load,VerihoggFormat,imported,True,0,yosys,1293,30,0.004926,0.014132,0.022311,19.375
errors_syntax_err05,VerihoggFormat,imported,False,0,yosys,465,30,0.004345,0.013035,0.018573,17.395
asicworld_code_verilog_tutorial_decoder_always,VerihoggFormat,imported,True,0,yosys,806,30,0.010409,0.006182,0.01988,19.465
simple_case_expr_const,VerihoggFormat,imported,True,0,yosys,1591,30,0.015083,0.00309,0.024777,21.375
simple_omsp_dbg_uart,VerihoggFormat,imported,True,0,yosys,1123,30,0.008158,0.010314,0.022729,19.438
asicworld_code_hdl_models_dff_sync_reset,VerihoggFormat,imported,True,0,yosys,1110,30,0.010857,0.00667,0.020044,19.242
asicworld_code_hdl_models_decoder_using_case,VerihoggFormat,imported,False,1,yosys,1625,30,0.010757,0.008838,0.025027,21.59
asicworld_code_verilog_tutorial_simple_if,VerihoggFormat,imported,True,0,yosys,528,30,0.011548,0.006296,0.020051,17.441
simple_forloops,VerihoggFormat,imported,False,1,yosys,865,30,0.009742,0.008076,0.021351,21.438
simple_attrib03_parameter,VerihoggFormat,imported,True,0,yosys,906,30,0.004044,0.014469,0.022454,19.285
simple_task_func,VerihoggFormat,imported,True,0,yosys,2968,30,0.015369,0.0066,0.037819,27.613
asicworld_code_verilog_tutorial_parallel_if,VerihoggFormat,imported,True,0,yosys,881,30,0.011778,0.007672,0.023723,19.246
memories_issue00710,VerihoggFormat,imported,True,0,yosys,675,30,0.014287,0.003322,0.020904,19.289
asicworld_code_verilog_tutorial_fsm_full,VerihoggFormat,imported,True,0,yosys,3393,30,0.013387,0.008463,0.033081,25.574
simple_fsm,VerihoggFormat,imported,True,0,yosys,1385,30,0.00853,0.010655,0.025727,21.848
sva_basic03,VerihoggFormat,imported,True,0,yosys,705,30,0.011795,0.007375,0.023181,19.473
asicworld_code_hdl_models_full_adder_gates,VerihoggFormat,imported,True,0,yosys,900,30,0.003096,0.014948,0.021243,19.371
asicworld_code_hdl_models_d_latch_gates,VerihoggFormat,imported,True,0,yosys,578,30,0.011217,0.006518,0.020612,19.391
asicworld_code_hdl_models_mux_2to1_gates,VerihoggFormat,imported,True,0,yosys,855,30,0.006767,0.010623,0.020088,19.367
asicworld_code_hdl_models_encoder_using_case,VerihoggFormat,imported,True,0,yosys,1556,30,0.009584,0.007569,0.022067,21.086
simple_usb_phy_tests,VerihoggFormat,imported,False,1,yosys,987,30,0.006355,0.011589,0.020789,19.398
memories_shared_ports,VerihoggFormat,imported,True,0,yosys,804,30,0.003075,0.015087,0.021846,19.672
asicworld_code_hdl_models_tff_sync_reset,VerihoggFormat,imported,True,0,yosys,1111,30,0.006572,0.010433,0.019672,19.371
memories_wide_all,VerihoggFormat,imported,True,0,yosys,907,30,0.00699,0.012956,0.025244,21.406
asicworld_code_hdl_models_serial_crc,VerihoggFormat,imported,False,1,yosys,1684,30,0.012433,0.007822,0.027406,23.406
sva_sva_value_change_changed,VerihoggFormat,imported,True,0,yosys,578,30,0.012048,0.006211,0.021809,19.375
simple_forgen01,VerihoggFormat,imported,True,0,yosys,600,30,0.010661,0.006908,0.021652,19.273
asicworld_code_verilog_tutorial_v2k_reg,VerihoggFormat,imported,False,1,yosys,916,30,0.0097,0.008196,0.020917,19.195
simple_signed_full_slice,VerihoggFormat,imported,True,0,yosys,923,30,0.004704,0.013251,0.022054,19.461
simple_loop_var_shadow,VerihoggFormat,imported,True,0,yosys,661,30,0.004219,0.013221,0.021119,19.43
memories_no_implicit_en,VerihoggFormat,imported,True,0,yosys,967,30,0.010711,0.007444,0.022873,21.719
asicworld_code_hdl_models_lfsr_updown,VerihoggFormat,imported,True,0,yosys,1180,30,0.011392,0.00785,0.024192,19.578
simple_repwhile,VerihoggFormat,imported,True,0,yosys,946,30,0.009864,0.00824,0.022438,19.449
simple_attrib02_port_decl,VerihoggFormat,imported,True,0,yosys,851,30,0.018441,0.0,0.022549,19.52
simple_dff_init,VerihoggFormat,imported,True,0,yosys,1458,30,0.001239,0.017618,0.024185,19.281
asicworld_code_verilog_tutorial_flip_flop,VerihoggFormat,imported,True,0,yosys,607,30,0.00513,0.013203,0.02084,19.391
sva_sva_not,VerihoggFormat,imported,True,0,yosys,812,30,0.010659,0.006957,0.022255,19.844
memories_implicit_en,VerihoggFormat,imported,True,0,yosys,940,30,0.00789,0.011491,0.023988,21.77
simple_case_large,VerihoggFormat,imported,False,1,yosys,8712,30,0.022643,0.007905,0.079052,31.234
asicworld_code_tidbits_fsm_using_function,VerihoggFormat,imported,True,0,yosys,3276,30,0.011016,0.00856,0.028635,23.672
simple_arrays01,VerihoggFormat,imported,True,0,yosys,597,30,0.010691,0.007558,0.022322,19.281
asicworld_code_verilog_tutorial_multiply,VerihoggFormat,imported,True,0,yosys,560,30,0.009223,0.008427,0.020073,17.172
asicworld_code_verilog_tutorial_d_ff,VerihoggFormat,imported,True,0,yosys,572,30,0.004905,0.013465,0.021658,19.176
simple_dff_different_styles,VerihoggFormat,imported,True,0,yosys,2277,30,0.012117,0.007903,0.029644,23.352
errors_syntax_err10,VerihoggFormat,imported,False,0,yosys,478,30,0.007998,0.009414,0.018726,17.141
asicworld_code_hdl_models_parity_using_assign,VerihoggFormat,imported,True,0,yosys,1058,30,0.015055,0.003266,0.021524,19.469
asicworld_code_hdl_models_gray_counter,VerihoggFormat,imported,True,0,yosys,1392,30,0.010745,0.007502,0.022825,19.383
asicworld_code_verilog_tutorial_mux_21,VerihoggFormat,imported,True,0,yosys,543,30,0.011003,0.006603,0.019669,17.344
simple_ifdef_1,VerihoggFormat,imported,True,0,yosys,1293,30,0.002994,0.015041,0.022575,19.441
simple_generate,VerihoggFormat,imported,False,1,yosys,6793,30,0.018574,0.008809,0.043865,29.789
asicworld_code_hdl_models_mux_using_if,VerihoggFormat,imported,True,0,yosys,1176,30,0.003084,0.015095,0.020948,19.199
asicworld_code_verilog_tutorial_explicit,VerihoggFormat,imported,True,0,yosys,871,30,0.01108,0.00707,0.022205,19.434
asicworld_code_verilog_tutorial_first_counter,VerihoggFormat,imported,True,0,yosys,2054,30,0.010587,0.008364,0.022482,19.359
asicworld_code_hdl_models_mux_using_assign,VerihoggFormat,imported,True,0,yosys,1103,30,0.004776,0.013061,0.0207,17.332
simple_verilog_primitives,VerihoggFormat,imported,True,0,yosys,725,30,0.007251,0.009304,0.01937,19.297
simple_always02,VerihoggFormat,imported,True,0,yosys,514,30,0.007288,0.008981,0.018751,19.391
simple_case_expr_non_const,VerihoggFormat,imported,True,0,yosys,1886,30,0.008696,0.010614,0.027258,21.648
errors_syntax_err07,VerihoggFormat,imported,True,1,yosys,495,30,0.004654,0.006881,0.011919,17.211
asicworld_code_tidbits_wire_example,VerihoggFormat,imported,True,0,yosys,490,30,0.010113,0.005971,0.018647,17.191
asicworld_code_tidbits_reg_combo_example,VerihoggFormat,imported,True,0,yosys,533,30,0.00425,0.012656,0.018776,17.199
simple_loop_prefix_case,VerihoggFormat,imported,False,1,yosys,620,30,0.004494,0.013412,0.020763,19.371
errors_syntax_err03,VerihoggFormat,imported,False,0,yosys,485,30,0.001316,0.01593,0.01921,17.258
asicworld_code_hdl_models_up_down_counter,VerihoggFormat,imported,True,0,yosys,1206,30,0.008355,0.010028,0.021472,19.43
asicworld_code_verilog_tutorial_which_clock,VerihoggFormat,imported,True,0,yosys,562,30,0.008398,0.009575,0.02055,17.32
asicworld_code_hdl_models_pri_encoder_using_assign,VerihoggFormat,imported,True,0,yosys,1779,30,0.016732,0.015106,0.037494,27.934
asicworld_code_hdl_models_tff_async_reset,VerihoggFormat,imported,True,0,yosys,1135,30,0.011007,0.006994,0.020565,19.453
simple_constmuldivmod,VerihoggFormat,imported,False,1,yosys,2003,30,0.016238,0.0051,0.029043,27.406
sva_sva_value_change_sim,VerihoggFormat,imported,True,0,yosys,2646,30,0.008481,0.012577,0.034324,27.68
asicworld_code_verilog_tutorial_bus_con,VerihoggFormat,imported,True,0,yosys,537,30,0.004521,0.012462,0.019265,17.242
sva_basic02,VerihoggFormat,imported,True,0,yosys,813,30,0.005009,0.01379,0.023557,19.359
asicworld_code_verilog_tutorial_decoder,VerihoggFormat,imported,True,0,yosys,783,30,0.00715,0.011467,0.022704,19.246
asicworld_code_verilog_tutorial_tri_buf,VerihoggFormat,imported,True,0,yosys,522,30,0.001301,0.014783,0.018568,17.324
simple_specify,VerihoggFormat,imported,True,0,yosys,684,30,0.006515,0.011679,0.022175,19.277
asicworld_code_verilog_tutorial_task_global,VerihoggFormat,imported,True,0,yosys,551,30,0.010128,0.006425,0.018964,17.418
simple_attrib09_case,VerihoggFormat,imported,True,0,yosys,846,30,0.009851,0.00771,0.021752,19.305
asicworld_code_verilog_tutorial_comment,VerihoggFormat,imported,True,0,yosys,760,30,0.009535,0.007816,0.019806,17.527
sva_counter,VerihoggFormat,imported,True,0,yosys,1077,30,0.004536,0.014593,0.024727,21.414
asicworld_code_hdl_models_GrayCounter,VerihoggFormat,imported,True,0,yosys,1553,30,0.009376,0.010233,0.025947,19.762
simple_multiplier,VerihoggFormat,imported,False,1,yosys,4196,30,0.01171,0.011005,0.032306,27.145
simple_subbytes,VerihoggFormat,imported,True,0,yosys,2095,30,0.007894,0.011626,0.029121,23.449
simple_forgen02,VerihoggFormat,imported,True,0,yosys,827,30,0.015132,0.003148,0.022662,19.348
asicworld_code_tidbits_nonblocking,VerihoggFormat,imported,True,0,yosys,546,30,0.010596,0.00596,0.019165,19.316
asicworld_code_tidbits_blocking,VerihoggFormat,imported,True,0,yosys,530,30,0.004931,0.013536,0.020736,19.59
simple_nested_genblk_resolve,VerihoggFormat,imported,True,0,yosys,677,30,0.008424,0.009259,0.019984,19.242
simple_muxtree,VerihoggFormat,imported,False,1,yosys,1597,30,0.014965,0.004063,0.023068,21.398
asicworld_code_verilog_tutorial_counter,VerihoggFormat,imported,True,0,yosys,898,30,0.011313,0.007301,0.021538,19.535
sva_sva_value_change_rose,VerihoggFormat,imported,True,0,yosys,594,30,0.006381,0.011101,0.020468,19.457
simple_wreduce,VerihoggFormat,imported,True,0,yosys,631,30,0.004617,0.013817,0.02233,19.328
simple_dynslice,VerihoggFormat,imported,True,0,yosys,528,30,0.0,0.017274,0.01981,19.316
simple_realexpr,VerihoggFormat,imported,True,0,yosys,1046,30,0.006594,0.011227,0.023482,19.293
memories_wide_read_mixed,VerihoggFormat,imported,True,0,yosys,1333,30,0.011064,0.006587,0.023146,21.539
memories_amber23_sram_byte_en,VerihoggFormat,imported,True,0,yosys,4588,30,0.00654,0.01444,0.031329,25.492
memories_trans_addr_enable,VerihoggFormat,imported,True,0,yosys,652,30,0.010943,0.006286,0.020441,19.418
asicworld_code_hdl_models_clk_div,VerihoggFormat,imported,True,0,yosys,1364,30,0.0,0.018709,0.021533,19.387
simple_hierarchy,VerihoggFormat,imported,True,0,yosys,893,30,0.0045,0.014362,0.023315,19.438
asicworld_code_tidbits_fsm_using_single_always,VerihoggFormat,imported,True,0,yosys,2442,30,0.007243,0.01175,0.02513,21.566
simple_scopes,VerihoggFormat,imported,False,1,yosys,1218,30,0.011503,0.007376,0.022421,21.68
memories_wide_read_async,VerihoggFormat,imported,True,0,yosys,779,30,0.016715,0.0,0.020758,19.23
simple_wandwor,VerihoggFormat,imported,True,0,yosys,995,30,0.008323,0.009831,0.024632,21.367
errors_syntax_err08,VerihoggFormat,imported,True,1,yosys,494,30,0.004981,0.006497,0.012167,17.176
errors_syntax_err04,VerihoggFormat,imported,False,0,yosys,462,30,0.003821,0.012851,0.018264,17.328
asicworld_code_hdl_models_dff_async_reset,VerihoggFormat,imported,True,0,yosys,1135,30,0.011238,0.0067,0.020893,19.281
asicworld_code_verilog_tutorial_n_out_primitive,VerihoggFormat,imported,True,0,yosys,710,30,0.002705,0.015037,0.020069,19.348
simple_const_func_shadow,VerihoggFormat,imported,True,0,yosys,982,30,0.008372,0.010575,0.031873,21.629
memories_simple_sram_byte_en,VerihoggFormat,imported,True,0,yosys,1044,30,0.008402,0.009717,0.021828,19.59
sva_sva_throughout,VerihoggFormat,imported,True,0,yosys,587,30,0.004759,0.01417,0.021735,19.391
simple_fiedler-cooley,VerihoggFormat,imported,False,1,yosys,1135,30,0.011845,0.007607,0.023905,19.367
asicworld_code_hdl_models_up_counter,VerihoggFormat,imported,True,0,yosys,1105,30,0.009224,0.007844,0.019656,19.371
memories_read_two_mux,VerihoggFormat,imported,True,0,yosys,755,30,0.010596,0.007231,0.021728,19.438
simple_genblk_port_shadow,VerihoggFormat,imported,True,0,yosys,510,30,0.006295,0.011093,0.019759,17.156
simple_always01,VerihoggFormat,imported,True,0,yosys,491,30,0.00369,0.014517,0.020773,19.363
asicworld_code_hdl_models_one_hot_cnt,VerihoggFormat,imported,True,0,yosys,1203,30,0.012365,0.006538,0.022223,19.266
simple_genblk_order,VerihoggFormat,imported,True,0,yosys,626,30,0.009363,0.008001,0.020019,19.379
simple_const_fold_func,VerihoggFormat,imported,True,0,yosys,1652,30,0.001288,0.017132,0.026489,23.672
simple_func_recurse,VerihoggFormat,imported,True,0,yosys,796,30,0.00525,0.012587,0.021506,19.449
hello_hello-nexys_I_projf_pwm,VerihoggFormat,imported,True,0,projf-explore,901,30,0.003147,0.014475,0.020217,19.441
lib_null_xc7_projf_BUFG,VerihoggFormat,imported,False,1,projf-explore,897,30,0.006212,0.010952,0.019072,17.34
hello_hello-arty_K_projf_debounce,VerihoggFormat,imported,True,0,projf-explore,1394,30,0.00374,0.01499,0.022995,19.641
lib_null_ice40_projf_SB_SPRAM256KA,VerihoggFormat,imported,False,1,projf-explore,1224,30,0.01087,0.006572,0.026701,19.324
hello_hello-arty_L_projf_pwm,VerihoggFormat,imported,True,0,projf-explore,896,30,0.010671,0.006818,0.019889,19.43
lib_display_xc7_projf_bitmap_addr_tb,VerihoggFormat,imported,True,0,projf-explore,678,30,0.009593,0.008227,0.019642,17.344
lib_maths_xc7_projf_clog2_tb,VerihoggFormat,imported,True,0,projf-explore,1053,30,0.011105,0.006777,0.0212,19.695
hello_hello-arty_I_projf_pwm,VerihoggFormat,imported,True,0,projf-explore,896,30,0.007663,0.00964,0.019985,19.18
hello_hello-arty_J_projf_pwm,VerihoggFormat,imported,True,0,projf-explore,896,30,0.013311,0.002985,0.019347,19.367
lib_essential_xc7_projf_async_reset,VerihoggFormat,imported,True,0,projf-explore,1249,30,0.006641,0.011562,0.021644,19.223
bsg_misc_BaseJumpSTL_bsg_rotate_left,VerihoggFormat,imported,False,1,basejump,42758,30,0.05134,0.044978,0.181466,33.512
bsg_dataflow_BaseJumpSTL_bsg_channel_tunnel_in,VerihoggFormat,imported,False,1,basejump,46225,30,0.060131,0.038291,0.187211,33.324
bsg_misc_BaseJumpSTL_bsg_scheduler_resource,VerihoggFormat,imported,False,1,basejump,49435,30,0.033817,0.061215,0.185899,33.543
bsg_misc_BaseJumpSTL_bsg_hash_bank,VerihoggFormat,imported,False,1,basejump,53760,30,0.051771,0.044689,0.189162,33.426
bsg_dataflow_BaseJumpSTL_bsg_fifo_1r1w_narrowed,VerihoggFormat,imported,False,1,basejump,44729,30,0.062109,0.031715,0.178492,33.336
bsg_misc_BaseJumpSTL_bsg_icg_pos,VerihoggFormat,imported,False,1,basejump,42872,30,0.055993,0.039814,0.181962,33.375
bsg_mem_BaseJumpSTL_bsg_nonsynth_mem_1rw_sync_assoc,VerihoggFormat,imported,False,1,basejump,43545,30,0.056752,0.037689,0.178802,33.203
bsg_test_BaseJumpSTL_bsg_nonsynth_ascii_writer,VerihoggFormat,imported,False,1,basejump,43667,30,0.027689,0.065723,0.179174,33.379
bsg_misc_BaseJumpSTL_bsg_array_concentrate_static,VerihoggFormat,imported,False,1,basejump,43069,30,0.03393,0.067308,0.205755,37.293
bsg_clk_gen_BaseJumpSTL_bsg_dly_line,VerihoggFormat,imported,False,1,basejump,44368,30,0.058696,0.038504,0.188205,33.145
bsg_tag_BaseJumpSTL_bsg_tag_trace_replay,VerihoggFormat,imported,False,1,basejump,48114,30,0.051418,0.048895,0.193367,33.309
bsg_link_BaseJumpSTL_bsg_link_osdr_phy,VerihoggFormat,imported,False,1,basejump,44471,30,0.045128,0.0576,0.19853,33.504
bsg_mem_BaseJumpSTL_bsg_mem_2rw_sync_mask_write_bit_synth,VerihoggFormat,imported,False,1,basejump,46001,30,0.056196,0.042813,0.189831,33.512
bsg_link_BaseJumpSTL_bsg_link_isdr_phy,VerihoggFormat,imported,False,1,basejump,43879,30,0.031186,0.06411,0.182838,33.375
bsg_misc_BaseJumpSTL_bsg_dff_reset,VerihoggFormat,imported,False,1,basejump,42866,30,0.040684,0.055812,0.183161,33.488
bsg_dataflow_BaseJumpSTL_bsg_serial_in_parallel_out_full,VerihoggFormat,imported,False,1,basejump,46632,30,0.050749,0.046078,0.186475,33.598
bsg_cache_BaseJumpSTL_bsg_cache_to_test_dram_tx,VerihoggFormat,imported,False,1,basejump,46885,30,0.043088,0.051727,0.187058,33.348
bsg_cache_BaseJumpSTL_bsg_cache_to_dram_ctrl_tx,VerihoggFormat,imported,False,1,basejump,44853,30,0.045213,0.051587,0.186477,33.48
bsg_dataflow_BaseJumpSTL_bsg_flow_counter,VerihoggFormat,imported,False,1,basejump,44817,30,0.042993,0.050938,0.178062,33.711
bsg_misc_BaseJumpSTL_bsg_and,VerihoggFormat,imported,False,1,basejump,42648,30,0.037198,0.058114,0.18016,33.449
bsg_misc_BaseJumpSTL_bsg_xor,VerihoggFormat,imported,False,1,basejump,42648,30,0.068004,0.029113,0.182712,33.355
bsg_misc_BaseJumpSTL_bsg_scoreboard_dealloc_alloc,VerihoggFormat,imported,False,1,basejump,43550,30,0.028394,0.064901,0.180495,33.23
bsg_misc_BaseJumpSTL_bsg_round_robin_arb,VerihoggFormat,imported,False,1,basejump,658842,30,0.261967,0.135002,1.605867,225.668
bsg_misc_BaseJumpSTL_bsg_level_shift_up_down_source,VerihoggFormat,imported,False,1,basejump,43454,30,0.042445,0.0503,0.179593,33.441
bsg_noc_BaseJumpSTL_bsg_wormhole_concentrator,VerihoggFormat,imported,False,1,basejump,47216,30,0.038172,0.056905,0.186329,33.355
bsg_dataflow_BaseJumpSTL_bsg_make_2D_array,VerihoggFormat,imported,False,1,basejump,42832,30,0.037844,0.059018,0.185004,33.723
bsg_mem_BaseJumpSTL_bsg_mem_2r1w,VerihoggFormat,imported,False,1,basejump,44185,30,0.033188,0.064384,0.188193,33.656
bsg_mem_BaseJumpSTL_bsg_mem_2rw_sync_synth,VerihoggFormat,imported,False,1,basejump,45676,30,0.03122,0.067291,0.186993,33.348
bsg_comm_link_BaseJumpSTL_bsg_assembler_in,VerihoggFormat,imported,False,1,basejump,45313,30,0.041172,0.052579,0.181586,33.508
bsg_cache_BaseJumpSTL_bsg_cache_non_blocking_miss_fifo,VerihoggFormat,imported,False,1,basejump,50493,30,0.036283,0.062817,0.202003,33.25
bsg_misc_BaseJumpSTL_bsg_less_than,VerihoggFormat,imported,False,1,basejump,42716,30,0.057964,0.041902,0.187585,33.699
bsg_cache_BaseJumpSTL_bsg_cache,VerihoggFormat,imported,False,1,basejump,81414,30,0.065062,0.046744,0.252938,39.688
bsg_misc_BaseJumpSTL_bsg_unconcentrate_static,VerihoggFormat,imported,False,1,basejump,43328,30,0.064316,0.037987,0.208484,37.16
bsg_mem_BaseJumpSTL_bsg_mem_1rw_sync_mask_write_bit_from_1r1w,VerihoggFormat,imported,False,1,basejump,47647,30,0.05917,0.040985,0.19511,33.555
bsg_mem_BaseJumpSTL_bsg_mem_3r1w,VerihoggFormat,imported,False,1,basejump,44427,30,0.047976,0.048524,0.183297,33.512
bsg_test_BaseJumpSTL_bsg_nonsynth_reset_gen,VerihoggFormat,imported,False,1,basejump,45775,30,0.054691,0.043762,0.190697,33.375
bsg_misc_BaseJumpSTL_bsg_strobe,VerihoggFormat,imported,False,1,basejump,46933,30,0.047603,0.046202,0.182649,33.508
bsg_test_BaseJumpSTL_bsg_nonsynth_delay_line,VerihoggFormat,imported,False,1,basejump,42719,30,0.053795,0.042736,0.185507,33.191
bsg_misc_BaseJumpSTL_bsg_thermometer_count,VerihoggFormat,imported,False,1,basejump,44267,30,0.024356,0.072141,0.185669,33.488
bsg_fpu_BaseJumpSTL_bsg_fpu_f2i,VerihoggFormat,imported,False,1,basejump,45636,30,0.055913,0.040226,0.188841,33.172
bsg_clk_gen_BaseJumpSTL_bsg_clk_gen,VerihoggFormat,imported,False,1,basejump,48918,30,0.045617,0.051108,0.184746,33.281
bsg_misc_BaseJumpSTL_bsg_encode_one_hot,VerihoggFormat,imported,False,1,basejump,45834,30,0.047847,0.046642,0.185467,33.395
bsg_misc_BaseJumpSTL_bsg_counter_up_down_variable,VerihoggFormat,imported,False,1,basejump,44406,30,0.034236,0.062549,0.183053,33.695
bsg_dmc_BaseJumpSTL_bsg_dmc_sys_cfg_gen,VerihoggFormat,imported,False,1,basejump,50233,30,0.036583,0.040959,0.147565,29.559
bsg_mem_BaseJumpSTL_bsg_mem_2r1w_sync,VerihoggFormat,imported,False,1,basejump,45129,30,0.054218,0.042089,0.186251,33.445
bsg_cache_BaseJumpSTL_bsg_cache_non_blocking_dma,VerihoggFormat,imported,False,1,basejump,51351,30,0.051141,0.051066,0.207921,33.469
bsg_misc_BaseJumpSTL_bsg_abs,VerihoggFormat,imported,False,1,basejump,42724,30,0.047951,0.049428,0.183957,33.172
bsg_misc_BaseJumpSTL_bsg_counter_clear_up_saturating,VerihoggFormat,imported,False,1,basejump,43921,30,0.040615,0.055991,0.184926,33.395
bsg_misc_BaseJumpSTL_bsg_mul_array_row,VerihoggFormat,imported,False,1,basejump,44724,30,0.019886,0.075482,0.184821,33.305
bsg_mem_BaseJumpSTL_bsg_mem_1r1w_sync_mask_write_byte,VerihoggFormat,imported,False,1,basejump,46294,30,0.049432,0.04748,0.187327,33.359
bsg_misc_BaseJumpSTL_bsg_id_pool_dealloc_alloc_one_hot,VerihoggFormat,imported,False,1,basejump,45775,30,0.046883,0.049929,0.184777,33.395
bsg_test_BaseJumpSTL_bsg_nonsynth_dpi_cycle_counter,VerihoggFormat,imported,False,1,basejump,45705,30,0.031029,0.064208,0.190691,33.434
bsg_test_BaseJumpSTL_bsg_nonsynth_dpi_gpio,VerihoggFormat,imported,False,1,basejump,47392,30,0.035828,0.060434,0.187671,33.484
bsg_dataflow_BaseJumpSTL_bsg_fifo_1r1w_small_unhardened,VerihoggFormat,imported,False,1,basejump,45486,30,0.040185,0.057713,0.186627,33.371
bsg_misc_BaseJumpSTL_bsg_counter_dynamic_limit_en,VerihoggFormat,imported,False,1,basejump,43632,30,0.046698,0.050561,0.18532,33.434
bsg_noc_BaseJumpSTL_bsg_wormhole_router_adapter_out,VerihoggFormat,imported,False,1,basejump,45516,30,0.048237,0.047238,0.187585,33.398
bsg_misc_BaseJumpSTL_bsg_edge_detect,VerihoggFormat,imported,False,1,basejump,42936,30,0.052879,0.043738,0.181791,33.539
bsg_link_BaseJumpSTL_bsg_link_source_sync_upstream_sync,VerihoggFormat,imported,False,1,basejump,48719,30,0.050691,0.048794,0.189648,33.281
bsg_misc_BaseJumpSTL_bsg_counter_clock_downsample,VerihoggFormat,imported,False,1,basejump,43488,30,0.056975,0.038532,0.181422,33.477
bsg_dataflow_BaseJumpSTL_bsg_one_fifo,VerihoggFormat,imported,False,1,basejump,43795,30,0.048951,0.044228,0.175762,33.305
bsg_dataflow_BaseJumpSTL_bsg_fifo_1r1w_multi,VerihoggFormat,imported,False,1,basejump,51637,30,0.036224,0.063521,0.194815,33.617
bsg_fpu_BaseJumpSTL_bsg_fpu_clz,VerihoggFormat,imported,False,1,basejump,43331,30,0.051509,0.043103,0.178043,33.355
bsg_mem_BaseJumpSTL_bsg_mem_1rw_sync_mask_write_byte_segmented,VerihoggFormat,imported,False,1,basejump,46236,30,0.045527,0.047649,0.178818,33.145
bsg_noc_BaseJumpSTL_bsg_mesh_to_ring_stitch,VerihoggFormat,imported,False,1,basejump,212469,30,0.124464,0.06841,0.69151,107.516
bsg_cache_BaseJumpSTL_bsg_cache_to_axi_tx,VerihoggFormat,imported,False,1,basejump,49704,30,0.047444,0.050276,0.191522,33.473
bsg_misc_BaseJumpSTL_bsg_arb_round_robin,VerihoggFormat,imported,False,1,basejump,47746,30,0.040398,0.053711,0.186336,33.566
bsg_noc_BaseJumpSTL_bsg_router_crossbar_o_by_i,VerihoggFormat,imported,False,1,basejump,46690,30,0.051208,0.04736,0.19219,33.484
bsg_link_BaseJumpSTL_bsg_link_pkg,VerihoggFormat,imported,False,1,basejump,43896,30,0.034503,0.061002,0.174882,33.598
bsg_dataflow_BaseJumpSTL_bsg_fifo_1rw_large,VerihoggFormat,imported,False,1,basejump,45944,30,0.052729,0.044261,0.186249,33.449
bsg_misc_BaseJumpSTL_bsg_counter_overflow_set_en,VerihoggFormat,imported,False,1,basejump,43273,30,0.049109,0.048748,0.183384,33.605
bsg_misc_BaseJumpSTL_bsg_wait_cycles,VerihoggFormat,imported,False,1,basejump,43064,30,0.043895,0.047051,0.174827,33.391
bsg_async_BaseJumpSTL_bsg_launch_sync_sync,VerihoggFormat,imported,False,1,basejump,59800,60,0.208541,0.052509,0.43111,87.922
bsg_tag_BaseJumpSTL_bsg_tag_client_unsync,VerihoggFormat,imported,False,1,basejump,45390,30,0.046581,0.048474,0.18066,33.391
bsg_mem_BaseJumpSTL_bsg_nonsynth_mem_1rw_sync_mask_write_byte_dma,VerihoggFormat,imported,False,1,basejump,43758,30,0.036162,0.057352,0.179357,33.48
bsg_misc_BaseJumpSTL_bsg_rotate_right,VerihoggFormat,imported,False,1,basejump,42756,30,0.049009,0.047587,0.182368,33.449
bsg_misc_BaseJumpSTL_bsg_dff,VerihoggFormat,imported,False,1,basejump,42759,30,0.050846,0.04723,0.18347,33.188
bsg_cache_BaseJumpSTL_bsg_cache_to_test_dram_rx_reorder,VerihoggFormat,imported,False,1,basejump,47162,30,0.040969,0.053799,0.183325,33.461
bsg_misc_BaseJumpSTL_bsg_popcount,VerihoggFormat,imported,False,1,basejump,44421,30,0.035083,0.062874,0.191666,33.555
bsg_mem_BaseJumpSTL_bsg_mem_1rw_sync_mask_write_bit_synth,VerihoggFormat,imported,False,1,basejump,45409,30,0.048995,0.044534,0.181055,33.227
bsg_mem_BaseJumpSTL_bsg_mem_3r1w_sync,VerihoggFormat,imported,False,1,basejump,45467,30,0.048361,0.049336,0.185629,33.441
bsg_misc_BaseJumpSTL_bsg_counter_clear_up_one_hot,VerihoggFormat,imported,False,1,basejump,44419,30,0.046824,0.045946,0.177983,33.391
bsg_fpu_BaseJumpSTL_bsg_fpu_add_sub,VerihoggFormat,imported,False,1,basejump,54494,30,0.034596,0.067415,0.206712,33.438
bsg_test_BaseJumpSTL_bsg_nonsynth_dpi_rom,VerihoggFormat,imported,False,1,basejump,46881,30,0.045113,0.051573,0.185339,33.418
bsg_dataflow_BaseJumpSTL_bsg_fifo_1r1w_large_banked,VerihoggFormat,imported,False,1,basejump,46947,30,0.056487,0.038125,0.180954,33.535
bsg_noc_BaseJumpSTL_bsg_mesh_router,VerihoggFormat,imported,False,1,basejump,48188,30,0.057881,0.058289,0.218037,35.664
bsg_async_BaseJumpSTL_bsg_async_credit_counter,VerihoggFormat,imported,False,1,basejump,50045,30,0.060137,0.038157,0.186823,33.379
bsg_cache_BaseJumpSTL_bsg_cache_non_blocking_decode,VerihoggFormat,imported,False,1,basejump,44152,30,0.052075,0.045218,0.199084,33.238
bsg_mem_BaseJumpSTL_bsg_mem_1r1w_sync_banked,VerihoggFormat,imported,False,1,basejump,47458,30,0.042095,0.055797,0.197107,33.418
bsg_misc_BaseJumpSTL_bsg_counting_leading_zeros,VerihoggFormat,imported,False,1,basejump,43107,30,0.041633,0.055122,0.182954,33.32
bsg_noc_BaseJumpSTL_bsg_mesh_stitch,VerihoggFormat,imported,False,1,basejump,44943,30,0.040362,0.053109,0.181526,33.434
bsg_mem_BaseJumpSTL_bsg_cam_1r1w_unmanaged,VerihoggFormat,imported,False,1,basejump,44623,30,0.062344,0.036974,0.186795,33.508
bsg_test_BaseJumpSTL_bsg_nonsynth_dpi_to_fifo,VerihoggFormat,imported,False,1,basejump,52427,30,0.037447,0.054974,0.180933,33.375
bsg_cache_BaseJumpSTL_bsg_wormhole_to_cache_dma_inorder,VerihoggFormat,imported,False,1,basejump,53624,30,0.05434,0.048049,0.205674,33.395
bsg_cache_BaseJumpSTL_bsg_nonsynth_cache_axe_tracer,VerihoggFormat,imported,False,1,basejump,43950,30,0.042069,0.054729,0.186922,33.492
bsg_dataflow_BaseJumpSTL_bsg_sort_4,VerihoggFormat,imported,False,1,basejump,44509,30,0.058388,0.038936,0.184919,33.211
bsg_misc_BaseJumpSTL_bsg_dff_negedge_reset,VerihoggFormat,imported,False,1,basejump,42881,30,0.026179,0.068838,0.179488,33.539
bsg_misc_BaseJumpSTL_bsg_lru_pseudo_tree_backup,VerihoggFormat,imported,False,1,basejump,44881,30,0.050173,0.04653,0.185359,33.215
bsg_test_BaseJumpSTL_bsg_nonsynth_triwire,VerihoggFormat,imported,False,1,basejump,43005,30,0.041173,0.054337,0.182522,33.371
bsg_misc_BaseJumpSTL_bsg_counter_clear_up,VerihoggFormat,imported,False,1,basejump,44107,30,0.025142,0.068603,0.176622,33.188
bsg_dataflow_BaseJumpSTL_bsg_channel_tunnel_wormhole,VerihoggFormat,imported,False,1,basejump,64914,30,0.056012,0.045027,0.208018,33.285
bsg_misc_BaseJumpSTL_bsg_counter_max_clear_up,VerihoggFormat,imported,False,1,basejump,43677,30,0.031879,0.060088,0.175502,33.508
bsg_mem_BaseJumpSTL_bsg_cam_1r1w_tag_array,VerihoggFormat,imported,False,1,basejump,44914,30,0.03166,0.065314,0.185599,33.203
bsg_dataflow_BaseJumpSTL_bsg_fifo_1r1w_large,VerihoggFormat,imported,False,1,basejump,53772,30,0.041248,0.065016,0.203764,33.395
bsg_cache_BaseJumpSTL_bsg_cache_non_blocking_stat_mem,VerihoggFormat,imported,False,1,basejump,46433,30,0.045497,0.052387,0.192184,33.426
bsg_dataflow_BaseJumpSTL_bsg_fifo_shift_datapath,VerihoggFormat,imported,False,1,basejump,43574,30,0.049143,0.047764,0.183964,33.402
bsg_dataflow_BaseJumpSTL_bsg_sbox,VerihoggFormat,imported,False,1,basejump,48867,30,0.059568,0.036831,0.201239,33.531
bsg_misc_BaseJumpSTL_bsg_scan,VerihoggFormat,imported,False,1,basejump,45987,30,0.053138,0.043873,0.189062,33.504
bsg_async_BaseJumpSTL_bsg_sync_sync,VerihoggFormat,imported,False,1,basejump,46901,30,0.065876,0.064245,0.227788,42.008
bsg_dmc_BaseJumpSTL_bsg_dmc,VerihoggFormat,imported,False,1,basejump,55502,30,0.052096,0.049011,0.201458,33.453
bsg_misc_BaseJumpSTL_bsg_locking_arb_fixed,VerihoggFormat,imported,False,1,basejump,43595,30,0.029426,0.064549,0.179458,33.535
bsg_fpu_BaseJumpSTL_bsg_fpu_mul,VerihoggFormat,imported,False,1,basejump,52884,30,0.054294,0.047277,0.205433,33.52
bsg_noc_BaseJumpSTL_bsg_ready_and_link_async_to_wormhole,VerihoggFormat,imported,False,1,basejump,49270,30,0.062693,0.036835,0.195323,33.426
bsg_axi_BaseJumpSTL_bsg_axi_pkg,VerihoggFormat,imported,False,1,basejump,44951,30,0.036986,0.054065,0.168738,33.305
bsg_misc_BaseJumpSTL_bsg_adder_cin,VerihoggFormat,imported,False,1,basejump,42795,30,0.039528,0.05738,0.183987,33.223
bsg_misc_BaseJumpSTL_bsg_binary_plus_one_to_gray,VerihoggFormat,imported,False,1,basejump,44278,30,0.040036,0.053775,0.182889,33.406
bsg_clk_gen_BaseJumpSTL_bsg_clk_gen_osc_v3,VerihoggFormat,imported,False,1,basejump,43815,30,0.053122,0.042132,0.181347,33.348
bsg_misc_BaseJumpSTL_bsg_id_pool,VerihoggFormat,imported,False,1,basejump,43452,30,0.036278,0.058436,0.182676,33.352
bsg_dataflow_BaseJumpSTL_bsg_1_to_n_tagged_fifo,VerihoggFormat,imported,False,1,basejump,45772,30,0.043115,0.052522,0.184753,33.383
bsg_misc_BaseJumpSTL_bsg_buf_ctrl,VerihoggFormat,imported,False,1,basejump,42685,30,0.049239,0.046581,0.182116,33.32
bsg_misc_BaseJumpSTL_bsg_priority_encode,VerihoggFormat,imported,False,1,basejump,43590,30,0.056435,0.039496,0.182297,33.445
bsg_dataflow_BaseJumpSTL_bsg_permute_box,VerihoggFormat,imported,False,1,basejump,42930,30,0.017625,0.077778,0.190612,33.352
bsg_comm_link_BaseJumpSTL_bsg_source_sync_input,VerihoggFormat,imported,False,1,basejump,58524,30,0.036625,0.060462,0.197457,33.348
bsg_misc_BaseJumpSTL_bsg_muxi2_gatestack,VerihoggFormat,imported,False,1,basejump,42792,30,0.051474,0.042279,0.178035,33.57
bsg_misc_BaseJumpSTL_bsg_idiv_iterative,VerihoggFormat,imported,False,1,basejump,50699,30,0.068569,0.03088,0.196326,33.637
bsg_misc_BaseJumpSTL_bsg_adder_one_hot,VerihoggFormat,imported,False,1,basejump,43808,30,0.032467,0.068138,0.191426,33.348
bsg_dmc_BaseJumpSTL_bsg_dmc_clk_rst_gen,VerihoggFormat,imported,False,1,basejump,46740,30,0.05104,0.049585,0.192153,33.367
bsg_dataflow_BaseJumpSTL_bsg_one_fifo_bypass,VerihoggFormat,imported,False,1,basejump,44512,30,0.04087,0.055725,0.188972,33.309
bsg_mem_BaseJumpSTL_bsg_mem_1r1w,VerihoggFormat,imported,False,1,basejump,44209,30,0.044564,0.050442,0.180512,33.582
bsg_test_BaseJumpSTL_bsg_nonsynth_random_gen,VerihoggFormat,imported,False,1,basejump,43426,30,0.038538,0.056917,0.182807,33.555
bsg_cache_BaseJumpSTL_bsg_cache_to_axi_rx,VerihoggFormat,imported,False,1,basejump,47281,30,0.055948,0.041233,0.190311,33.324
bsg_misc_BaseJumpSTL_bsg_counter_clear_up_multi,VerihoggFormat,imported,False,1,basejump,44255,30,0.047847,0.044927,0.179809,33.652
bsg_dataflow_BaseJumpSTL_bsg_8b10b_decode_comb,VerihoggFormat,imported,False,1,basejump,47384,30,0.046154,0.052171,0.194745,33.312
bsg_dataflow_BaseJumpSTL_bsg_parallel_in_serial_out,VerihoggFormat,imported,False,1,basejump,48699,30,0.057306,0.03977,0.187906,33.344
bsg_cache_BaseJumpSTL_bsg_cache_non_blocking_data_mem,VerihoggFormat,imported,False,1,basejump,47660,30,0.069526,0.0268,0.19699,33.582
bsg_test_BaseJumpSTL_bsg_nonsynth_ramulator_hbm,VerihoggFormat,imported,False,1,basejump,47979,30,0.055765,0.040223,0.189424,33.719
bsg_misc_BaseJumpSTL_bsg_concentrate_static,VerihoggFormat,imported,False,1,basejump,43109,30,0.044215,0.057181,0.206736,37.371
bsg_dataflow_BaseJumpSTL_bsg_channel_tunnel_out,VerihoggFormat,imported,False,1,basejump,46549,30,0.03768,0.060643,0.189154,33.363
bsg_cache_BaseJumpSTL_bsg_cache_decode,VerihoggFormat,imported,False,1,basejump,45246,30,0.044258,0.050371,0.185402,33.672
bsg_misc_BaseJumpSTL_bsg_mul,VerihoggFormat,imported,False,1,basejump,42930,30,0.050168,0.046598,0.183229,33.246
bsg_misc_BaseJumpSTL_bsg_level_shift_up_down_sink,VerihoggFormat,imported,False,1,basejump,43443,30,0.058694,0.037195,0.184857,33.656
bsg_dataflow_BaseJumpSTL_bsg_relay_fifo,VerihoggFormat,imported,False,1,basejump,43264,30,0.053231,0.043465,0.183891,33.383
bsg_dataflow_BaseJumpSTL_bsg_parallel_in_serial_out_dynamic,VerihoggFormat,imported,False,1,basejump,45445,30,0.029939,0.066956,0.186989,33.465
bsg_cache_BaseJumpSTL_bsg_cache_to_axi,VerihoggFormat,imported,False,1,basejump,52161,30,0.051141,0.048206,0.198703,33.559
bsg_mem_BaseJumpSTL_bsg_nonsynth_mem_1rw_sync_mask_write_byte_assoc,VerihoggFormat,imported,False,1,basejump,43640,30,0.043199,0.052735,0.182621,33.5
bsg_mem_BaseJumpSTL_bsg_mem_2r1w_sync_synth,VerihoggFormat,imported,False,1,basejump,45569,30,0.050694,0.046804,0.187671,33.543
bsg_misc_BaseJumpSTL_bsg_crossbar_control_locking_o_by_i,VerihoggFormat,imported,False,1,basejump,45492,30,0.048,0.047362,0.182357,33.715
bsg_misc_BaseJumpSTL_bsg_wait_after_reset,VerihoggFormat,imported,False,1,basejump,43048,30,0.041212,0.055947,0.1849,33.523
bsg_misc_BaseJumpSTL_bsg_crossbar_control_basic_o_by_i,VerihoggFormat,imported,False,1,basejump,44481,30,0.041095,0.054811,0.184986,33.457
bsg_mem_BaseJumpSTL_bsg_mem_1rw_sync,VerihoggFormat,imported,False,1,basejump,44248,30,0.031436,0.063697,0.182613,33.398
bsg_mem_BaseJumpSTL_bsg_cam_1r1w_sync,VerihoggFormat,imported,False,1,basejump,44354,30,0.035174,0.060292,0.182792,33.371
bsg_misc_BaseJumpSTL_bsg_swap,VerihoggFormat,imported,False,1,basejump,42747,30,0.056323,0.037376,0.179018,33.559
bsg_noc_BaseJumpSTL_bsg_wormhole_concentrator_out,VerihoggFormat,imported,False,1,basejump,46920,30,0.034192,0.061836,0.189027,33.379
bsg_mem_BaseJumpSTL_bsg_mem_1rw_sync_mask_write_byte_banked,VerihoggFormat,imported,False,1,basejump,46965,30,0.057976,0.042348,0.191243,33.496
bsg_cache_BaseJumpSTL_bsg_wormhole_to_cache_dma_fanout,VerihoggFormat,imported,False,1,basejump,54957,30,0.049502,0.050555,0.204922,33.602
bsg_misc_BaseJumpSTL_bsg_dff_en,VerihoggFormat,imported,False,1,basejump,42958,30,0.053732,0.041306,0.180651,33.32
bsg_link_BaseJumpSTL_bsg_link_iddr_phy,VerihoggFormat,imported,False,1,basejump,43802,30,0.03055,0.066323,0.183247,33.402
bsg_noc_BaseJumpSTL_bsg_wormhole_router_output_control,VerihoggFormat,imported,False,1,basejump,45131,30,0.042911,0.054325,0.184485,33.156
bsg_misc_BaseJumpSTL_bsg_counter_set_down,VerihoggFormat,imported,False,1,basejump,43964,30,0.056956,0.040882,0.183803,33.379
bsg_link_BaseJumpSTL_bsg_link_ddr_downstream,VerihoggFormat,imported,False,1,basejump,51322,30,0.051776,0.044634,0.18732,33.367
bsg_comm_link_BaseJumpSTL_bsg_comm_link,VerihoggFormat,imported,False,1,basejump,76994,30,0.042803,0.058594,0.211088,35.598
bsg_misc_BaseJumpSTL_bsg_dff_gatestack,VerihoggFormat,imported,False,1,basejump,42778,30,0.038984,0.055911,0.181451,33.387
bsg_misc_BaseJumpSTL_bsg_xnor,VerihoggFormat,imported,False,1,basejump,42656,30,0.040846,0.05627,0.184749,33.484
bsg_cache_BaseJumpSTL_bsg_cache_miss,VerihoggFormat,imported,False,1,basejump,62285,30,0.056901,0.053502,0.226028,33.594
bsg_clk_gen_BaseJumpSTL_bsg_nonsynth_clk_watcher,VerihoggFormat,imported,False,1,basejump,44547,30,0.036818,0.060222,0.185622,33.453
bsg_misc_BaseJumpSTL_bsg_scheduler_dataflow,VerihoggFormat,imported,False,1,basejump,50178,30,0.04149,0.055101,0.190063,33.574
bsg_test_BaseJumpSTL_bsg_nonsynth_axi_mem,VerihoggFormat,imported,False,1,basejump,52780,30,0.042651,0.059967,0.205496,33.523
bsg_fpu_BaseJumpSTL_bsg_fpu_i2f,VerihoggFormat,imported,False,1,basejump,45657,30,0.050207,0.044863,0.185872,33.723
bsg_dataflow_BaseJumpSTL_bsg_round_robin_n_to_1,VerihoggFormat,imported,False,1,basejump,46149,30,0.045579,0.053276,0.189611,33.477
bsg_mem_BaseJumpSTL_bsg_mem_1r1w_sync_mask_write_bit_synth,VerihoggFormat,imported,False,1,basejump,46181,30,0.046067,0.0502,0.186236,33.273
bsg_dataflow_BaseJumpSTL_bsg_round_robin_2_to_2,VerihoggFormat,imported,False,1,basejump,43581,30,0.047017,0.050612,0.184035,33.273
bsg_misc_BaseJumpSTL_bsg_transpose,VerihoggFormat,imported,False,1,basejump,42872,30,0.049102,0.043097,0.174412,33.352
bsg_misc_BaseJumpSTL_bsg_inv,VerihoggFormat,imported,False,1,basejump,42627,30,0.053243,0.044477,0.184234,33.559
bsg_misc_BaseJumpSTL_bsg_reduce,VerihoggFormat,imported,False,1,basejump,43112,30,0.046174,0.04848,0.182919,33.352
bsg_misc_BaseJumpSTL_bsg_dff_reset_set_clear,VerihoggFormat,imported,False,1,basejump,43201,30,0.054579,0.038026,0.176153,33.449
bsg_cache_BaseJumpSTL_bsg_cache_sbuf,VerihoggFormat,imported,False,1,basejump,46151,30,0.054964,0.043494,0.193223,33.242
bsg_misc_BaseJumpSTL_bsg_reduce_segmented,VerihoggFormat,imported,False,1,basejump,43515,30,0.057948,0.035063,0.177004,33.355
bsg_test_BaseJumpSTL_bsg_nonsynth_clock_gen_plusarg,VerihoggFormat,imported,False,1,basejump,43896,30,0.041123,0.056113,0.183368,33.488
bsg_mem_BaseJumpSTL_bsg_mem_multiport_latch,VerihoggFormat,imported,False,1,basejump,45345,30,0.04932,0.042706,0.177193,33.168
bsg_mem_BaseJumpSTL_bsg_mem_3r1w_sync_synth,VerihoggFormat,imported,False,1,basejump,45939,30,0.044456,0.049615,0.18227,33.516
bsg_noc_BaseJumpSTL_bsg_wormhole_router_adapter_in,VerihoggFormat,imported,False,1,basejump,44995,30,0.068832,0.028572,0.191802,33.199
bsg_dataflow_BaseJumpSTL_bsg_8b10b_shift_decoder,VerihoggFormat,imported,False,1,basejump,46114,30,0.051281,0.044504,0.184191,33.465
bsg_misc_BaseJumpSTL_bsg_dff_reset_en,VerihoggFormat,imported,False,1,basejump,43026,30,0.049638,0.04572,0.18181,33.145
bsg_misc_BaseJumpSTL_bsg_dff_async_reset,VerihoggFormat,imported,False,1,basejump,42976,30,0.050866,0.042868,0.179529,33.52
bsg_tag_BaseJumpSTL_bsg_tag_client,VerihoggFormat,imported,False,1,basejump,46758,30,0.052659,0.044979,0.187576,33.41
bsg_link_BaseJumpSTL_bsg_link_osdr_phy_phase_align,VerihoggFormat,imported,False,1,basejump,44748,30,0.04995,0.047291,0.182981,33.449
bsg_dmc_BaseJumpSTL_bsg_dmc_dly_line_v3,VerihoggFormat,imported,False,1,basejump,44390,30,0.058035,0.036802,0.180549,33.676
bsg_mem_BaseJumpSTL_bsg_mem_2rw_sync_mask_write_byte,VerihoggFormat,imported,False,1,basejump,45946,30,0.035118,0.071367,0.199756,33.215
bsg_misc_BaseJumpSTL_bsg_dff_chain,VerihoggFormat,imported,False,1,basejump,44220,30,0.035883,0.061008,0.183995,33.551
bsg_tag_BaseJumpSTL_bsg_tag_bitbang,VerihoggFormat,imported,False,1,basejump,44508,30,0.054984,0.039244,0.17939,33.402
bsg_dataflow_BaseJumpSTL_bsg_fifo_1r1w_small,VerihoggFormat,imported,False,1,basejump,44415,30,0.064894,0.026659,0.174215,33.164
bsg_dataflow_BaseJumpSTL_bsg_compare_and_swap,VerihoggFormat,imported,False,1,basejump,43639,30,0.034965,0.060764,0.181706,33.594
bsg_test_BaseJumpSTL_test_bsg_data_gen,VerihoggFormat,imported,False,1,basejump,43971,30,0.051425,0.043294,0.182515,33.539
bsg_tag_BaseJumpSTL_bsg_tag_master_decentralized,VerihoggFormat,imported,False,1,basejump,51117,30,0.054915,0.043214,0.194371,33.145
bsg_misc_BaseJumpSTL_bsg_hash_bank_reverse,VerihoggFormat,imported,False,1,basejump,46790,30,0.042642,0.0553,0.18969,33.438
bsg_mem_BaseJumpSTL_bsg_mem_1rw_sync_mask_write_bit,VerihoggFormat,imported,False,1,basejump,44170,30,0.055759,0.041902,0.187342,33.582
bsg_fpu_BaseJumpSTL_bsg_fpu_sticky,VerihoggFormat,imported,False,1,basejump,43487,30,0.045633,0.052117,0.182979,33.398
bsg_dataflow_BaseJumpSTL_bsg_serial_in_parallel_out_dynamic,VerihoggFormat,imported,False,1,basejump,47887,30,0.051,0.048926,0.189325,33.434
bsg_dataflow_BaseJumpSTL_bsg_channel_narrow,VerihoggFormat,imported,False,1,basejump,46300,30,0.044421,0.051563,0.184743,33.277
bsg_clk_gen_BaseJumpSTL_bsg_dram_clk_gen,VerihoggFormat,imported,False,1,basejump,48964,30,0.052438,0.043871,0.185091,33.441
bsg_test_BaseJumpSTL_test_assembler_defines,VerihoggFormat,imported,False,1,basejump,42624,30,0.031153,0.064677,0.17798,33.293
bsg_misc_BaseJumpSTL_bsg_mux2_gatestack,VerihoggFormat,imported,False,1,basejump,42794,30,0.041183,0.05384,0.180124,33.309
bsg_misc_BaseJumpSTL_bsg_hashing_ipoly,VerihoggFormat,imported,False,1,basejump,46925,30,0.057796,0.040626,0.194449,33.492
bsg_misc_BaseJumpSTL_bsg_nor3,VerihoggFormat,imported,False,1,basejump,42692,30,0.049355,0.045994,0.180717,33.531
bsg_dataflow_BaseJumpSTL_bsg_round_robin_fifo_to_fifo,VerihoggFormat,imported,False,1,basejump,59185,30,0.047334,0.052378,0.208847,33.516
bsg_noc_BaseJumpSTL_bsg_wormhole_broadcast,VerihoggFormat,imported,False,1,basejump,47159,30,0.038393,0.037034,0.148534,29.449
bsg_dataflow_BaseJumpSTL_bsg_credit_to_token,VerihoggFormat,imported,False,1,basejump,44304,30,0.043331,0.052225,0.184351,33.559
bsg_noc_BaseJumpSTL_bsg_mesh_router_decoder_dor,VerihoggFormat,imported,False,1,basejump,51222,30,0.042077,0.060169,0.204206,33.387
bsg_misc_BaseJumpSTL_bsg_nor2,VerihoggFormat,imported,False,1,basejump,42657,30,0.036215,0.057889,0.181129,33.148
bsg_dataflow_BaseJumpSTL_bsg_fifo_reorder,VerihoggFormat,imported,False,1,basejump,46512,30,0.048069,0.049047,0.188473,33.668
bsg_mem_BaseJumpSTL_bsg_cam_1r1w_replacement,VerihoggFormat,imported,False,1,basejump,47118,30,0.038536,0.058769,0.187816,33.227
bsg_mem_BaseJumpSTL_bsg_mem_2r1w_synth,VerihoggFormat,imported,False,1,basejump,44134,30,0.045479,0.049815,0.184612,33.227
bsg_dataflow_BaseJumpSTL_bsg_channel_tunnel,VerihoggFormat,imported,False,1,basejump,48933,30,0.040354,0.055242,0.185881,33.297
bsg_misc_BaseJumpSTL_bsg_mul_pipelined,VerihoggFormat,imported,False,1,basejump,75228,30,0.074385,0.035295,0.230483,37.184
bsg_noc_BaseJumpSTL_bsg_wormhole_router,VerihoggFormat,imported,False,1,basejump,52355,30,0.051214,0.054871,0.228323,39.547
bsg_mem_BaseJumpSTL_bsg_nonsynth_mem_1r1w_sync_mask_write_byte_dma,VerihoggFormat,imported,False,1,basejump,45579,30,0.046769,0.050731,0.189549,33.188
bsg_mem_BaseJumpSTL_bsg_mem_1rw_sync_mask_write_var,VerihoggFormat,imported,False,1,basejump,43622,30,0.046355,0.051959,0.188308,33.137
bsg_misc_BaseJumpSTL_bsg_counter_up_down,VerihoggFormat,imported,False,1,basejump,45178,30,0.054173,0.039891,0.178693,33.348
bsg_misc_BaseJumpSTL_bsg_mux_bitwise,VerihoggFormat,imported,False,1,basejump,42919,30,0.024008,0.071766,0.181637,33.043
bsg_mem_BaseJumpSTL_bsg_mem_1rw_sync_mask_write_byte_synth,VerihoggFormat,imported,False,1,basejump,44297,30,0.048756,0.045635,0.183353,33.52
bsg_misc_BaseJumpSTL_bsg_transpose_reduce,VerihoggFormat,imported,False,1,basejump,43550,30,0.060801,0.035752,0.186406,33.535
bsg_mem_BaseJumpSTL_bsg_mem_1rw_sync_segmented,VerihoggFormat,imported,False,1,basejump,46611,30,0.029348,0.069625,0.190547,33.199
bsg_link_BaseJumpSTL_bsg_link_source_sync_downstream,VerihoggFormat,imported,False,1,basejump,49260,30,0.05634,0.040386,0.187052,33.188
bsg_test_BaseJumpSTL_bsg_nonsynth_val_watcher_1p,VerihoggFormat,imported,False,1,basejump,43242,30,0.04883,0.045598,0.179305,33.43
bsg_mem_BaseJumpSTL_bsg_mem_1r1w_sync_mask_write_var,VerihoggFormat,imported,False,1,basejump,43918,30,0.04548,0.048539,0.181116,33.512
bsg_mem_BaseJumpSTL_bsg_mem_1rw_sync_mask_write_bit_banked,VerihoggFormat,imported,False,1,basejump,46647,30,0.044207,0.051659,0.193131,33.539
bsg_comm_link_BaseJumpSTL_bsg_source_sync_channel_control_master,VerihoggFormat,imported,False,1,basejump,59852,30,0.046484,0.051008,0.194459,33.637
bsg_dataflow_BaseJumpSTL_bsg_scatter_gather,VerihoggFormat,imported,False,1,basejump,1800202,60,0.304372,0.124212,2.037302,308.758
bsg_noc_BaseJumpSTL_bsg_wormhole_router_input_control,VerihoggFormat,imported,False,1,basejump,44354,30,0.03681,0.060592,0.184191,33.383
bsg_misc_BaseJumpSTL_bsg_tielo,VerihoggFormat,imported,False,1,basejump,42636,30,0.034221,0.061017,0.180202,33.449
bsg_dataflow_BaseJumpSTL_bsg_flatten_2D_array,VerihoggFormat,imported,False,1,basejump,42859,30,0.046146,0.051549,0.187835,33.238
bsg_noc_BaseJumpSTL_bsg_wormhole_concentrator_in,VerihoggFormat,imported,False,1,basejump,47532,30,0.038262,0.062494,0.198027,33.492
bsg_test_BaseJumpSTL_bsg_nonsynth_sha256,VerihoggFormat,imported,False,1,basejump,49275,30,0.03968,0.055786,0.181642,33.387
bsg_dataflow_BaseJumpSTL_bsg_flow_convert,VerihoggFormat,imported,False,1,basejump,45806,30,0.038004,0.055332,0.179547,33.379
bsg_misc_BaseJumpSTL_bsg_dff_en_bypass,VerihoggFormat,imported,False,1,basejump,43031,30,0.04269,0.051161,0.188711,33.348
bsg_test_BaseJumpSTL_bsg_nonsynth_dramsim3_map,VerihoggFormat,imported,False,1,basejump,45338,30,0.042959,0.052855,0.181479,33.629
bsg_fpu_BaseJumpSTL_bsg_fpu_cmp,VerihoggFormat,imported,False,1,basejump,46399,30,0.048496,0.050072,0.190823,33.352
bsg_mem_BaseJumpSTL_bsg_mem_1r1w_sync_from_1rw_sync,VerihoggFormat,imported,False,1,basejump,46165,30,0.051711,0.044533,0.18692,33.496
bsg_misc_BaseJumpSTL_bsg_imul_iterative,VerihoggFormat,imported,False,1,basejump,51599,30,0.052076,0.047302,0.196799,33.66
bsg_misc_BaseJumpSTL_bsg_mux_one_hot,VerihoggFormat,imported,False,1,basejump,43307,30,0.049831,0.046338,0.183074,33.363
bsg_dataflow_BaseJumpSTL_bsg_fifo_1r1w_pseudo_large,VerihoggFormat,imported,False,1,basejump,52884,30,0.052451,0.044166,0.184295,33.445
bsg_misc_BaseJumpSTL_bsg_clkbuf,VerihoggFormat,imported,False,1,basejump,42646,30,0.038442,0.053558,0.175254,33.562
bsg_dataflow_BaseJumpSTL_bsg_fifo_1r1w_small_credit_on_input,VerihoggFormat,imported,False,1,basejump,44440,30,0.048147,0.045358,0.177402,33.348
bsg_test_BaseJumpSTL_bsg_nonsynth_modular_inverse,VerihoggFormat,imported,False,1,basejump,43308,30,0.024909,0.069474,0.173699,33.359
bsg_misc_BaseJumpSTL_bsg_dff_en_segmented,VerihoggFormat,imported,False,1,basejump,44252,30,0.043987,0.050713,0.180964,33.711
bsg_dataflow_BaseJumpSTL_bsg_ready_to_credit_flow_converter,VerihoggFormat,imported,False,1,basejump,44587,30,0.03777,0.058973,0.185726,33.672
bsg_dmc_BaseJumpSTL_bsg_dmc_phy,VerihoggFormat,imported,False,1,basejump,54500,30,0.053738,0.045464,0.201228,33.508
bsg_cache_BaseJumpSTL_bsg_cache_non_blocking_tl_stage,VerihoggFormat,imported,False,1,basejump,57015,30,0.052254,0.053349,0.224016,33.918
bsg_misc_BaseJumpSTL_bsg_mul_add_unsigned,VerihoggFormat,imported,False,1,basejump,43961,30,0.048385,0.049503,0.188518,33.301
bsg_clk_gen_BaseJumpSTL_bsg_clk_gen_osc,VerihoggFormat,imported,False,1,basejump,44284,30,0.061274,0.0353,0.18405,33.281
bsg_misc_BaseJumpSTL_bsg_decode_thermometer,VerihoggFormat,imported,False,1,basejump,42811,30,0.028982,0.04728,0.148805,29.559
bsg_cache_BaseJumpSTL_bsg_cache_dma_to_wormhole,VerihoggFormat,imported,False,1,basejump,52448,30,0.04337,0.055973,0.200115,33.547
bsg_comm_link_BaseJumpSTL_bsg_source_sync_channel_control_slave,VerihoggFormat,imported,False,1,basejump,55347,30,0.043104,0.054301,0.189739,33.477
bsg_dataflow_BaseJumpSTL_bsg_shift_reg,VerihoggFormat,imported,False,1,basejump,43229,30,0.04928,0.046762,0.183919,33.32
bsg_comm_link_BaseJumpSTL_bsg_assembler_out,VerihoggFormat,imported,False,1,basejump,45351,30,0.060776,0.037999,0.19049,33.465
bsg_misc_BaseJumpSTL_bsg_imod_range,VerihoggFormat,imported,False,1,basejump,44448,30,0.051452,0.040451,0.168027,33.219
bsg_cache_BaseJumpSTL_bsg_cache_buffer_queue,VerihoggFormat,imported,False,1,basejump,45195,30,0.051681,0.046518,0.188515,33.621
bsg_test_BaseJumpSTL_bsg_nonsynth_dpi_from_fifo,VerihoggFormat,imported,False,1,basejump,50942,30,0.05897,0.036902,0.185874,33.527
bsg_mem_BaseJumpSTL_bsg_mem_2rw_sync,VerihoggFormat,imported,False,1,basejump,45497,30,0.042262,0.05792,0.191039,33.316
bsg_dataflow_BaseJumpSTL_bsg_two_fifo,VerihoggFormat,imported,False,1,basejump,46876,30,0.050191,0.046844,0.1875,33.562
bsg_mem_BaseJumpSTL_bsg_mem_1r1w_sync_mask_write_byte_synth,VerihoggFormat,imported,False,1,basejump,44836,30,0.055854,0.040035,0.182934,33.465
bsg_misc_BaseJumpSTL_bsg_counter_overflow_en,VerihoggFormat,imported,False,1,basejump,43316,30,0.044644,0.047948,0.174981,33.203
bsg_mem_BaseJumpSTL_bsg_mem_1r1w_sync_synth,VerihoggFormat,imported,False,1,basejump,45919,30,0.039813,0.056224,0.182255,33.352
bsg_mem_BaseJumpSTL_bsg_mem_1rw_sync_mask_write_bit_segmented,VerihoggFormat,imported,False,1,basejump,46049,30,0.058033,0.036734,0.184095,33.215
bsg_misc_BaseJumpSTL_bsg_adder_ripple_carry,VerihoggFormat,imported,False,1,basejump,42802,30,0.052659,0.041187,0.177181,33.398
bsg_misc_BaseJumpSTL_bsg_decode_with_v,VerihoggFormat,imported,False,1,basejump,42838,30,0.046245,0.045523,0.173912,33.461
bsg_cache_BaseJumpSTL_bsg_cache_dma,VerihoggFormat,imported,False,1,basejump,54710,30,0.051005,0.048968,0.202291,33.57
bsg_clk_gen_BaseJumpSTL_bsg_clk_gen_v3,VerihoggFormat,imported,False,1,basejump,45763,30,0.043104,0.052826,0.185673,33.199
bsg_test_BaseJumpSTL_bsg_nonsynth_clock_gen,VerihoggFormat,imported,False,1,basejump,43346,30,0.046919,0.046688,0.180618,33.215
bsg_link_BaseJumpSTL_bsg_link_ddr_upstream,VerihoggFormat,imported,False,1,basejump,51834,30,0.049647,0.047362,0.190524,33.184
bsg_cache_BaseJumpSTL_bsg_cache_to_dram_ctrl_rx,VerihoggFormat,imported,False,1,basejump,44691,30,0.067328,0.028827,0.18469,33.578
bsg_dataflow_BaseJumpSTL_bsg_serial_in_parallel_out,VerihoggFormat,imported,False,1,basejump,45211,30,0.047489,0.048542,0.186669,33.609
bsg_misc_BaseJumpSTL_bsg_crossbar_o_by_i,VerihoggFormat,imported,False,1,basejump,43419,30,0.043712,0.050611,0.181133,33.465
bsg_misc_BaseJumpSTL_bsg_priority_encode_one_hot_out,VerihoggFormat,imported,False,1,basejump,43748,30,0.0534,0.040507,0.180598,33.312
bsg_misc_BaseJumpSTL_bsg_dff_reset_en_bypass,VerihoggFormat,imported,False,1,basejump,43119,30,0.058804,0.035812,0.179133,33.297
bsg_dataflow_BaseJumpSTL_bsg_fifo_tracker,VerihoggFormat,imported,False,1,basejump,45097,30,0.047902,0.048564,0.184225,33.535
bsg_misc_BaseJumpSTL_bsg_arb_fixed,VerihoggFormat,imported,False,1,basejump,43178,30,0.04962,0.044363,0.179027,33.527
bsg_mem_BaseJumpSTL_bsg_mem_2rw_sync_mask_write_byte_synth,VerihoggFormat,imported,False,1,basejump,45040,30,0.045032,0.049321,0.182037,33.305
bsg_mem_BaseJumpSTL_bsg_mem_2rw_sync_mask_write_bit,VerihoggFormat,imported,False,1,basejump,45754,30,0.048803,0.050041,0.186782,33.555
bsg_fpu_BaseJumpSTL_bsg_fpu_classify,VerihoggFormat,imported,False,1,basejump,43915,30,0.048785,0.044596,0.178341,33.266
bsg_comm_link_BaseJumpSTL_test_bsg_comm_link_checker,VerihoggFormat,imported,False,1,basejump,49351,30,0.049203,0.054426,0.198255,33.328
bsg_async_BaseJumpSTL_bsg_async_ptr_gray,VerihoggFormat,imported,False,1,basejump,47710,30,0.035705,0.054345,0.174618,33.711
bsg_link_BaseJumpSTL_bsg_link_sdr,VerihoggFormat,imported,False,1,basejump,46456,30,0.056382,0.040399,0.191389,33.516
bsg_cache_BaseJumpSTL_bsg_cache_tbuf,VerihoggFormat,imported,False,1,basejump,44959,30,0.055558,0.041843,0.190852,33.543
bsg_dataflow_BaseJumpSTL_bsg_parallel_in_serial_out_passthrough,VerihoggFormat,imported,False,1,basejump,45713,30,0.056683,0.035964,0.17641,33.285
bsg_noc_BaseJumpSTL_bsg_mesh_router_buffered,VerihoggFormat,imported,False,1,basejump,48118,30,0.043532,0.056527,0.197335,33.348
bsg_misc_BaseJumpSTL_bsg_dff_reset_var_en,VerihoggFormat,imported,False,1,basejump,43046,30,0.044761,0.048198,0.179732,33.395
bsg_mem_BaseJumpSTL_bsg_cam_1r1w_sync_unmanaged,VerihoggFormat,imported,False,1,basejump,44494,30,0.044708,0.052582,0.186902,33.391
bsg_mem_BaseJumpSTL_bsg_nonsynth_mem_1r1w_sync_dma,VerihoggFormat,imported,False,1,basejump,43524,30,0.056629,0.037736,0.181709,33.363
bsg_test_BaseJumpSTL_bsg_nonsynth_dramsim3_unmap,VerihoggFormat,imported,False,1,basejump,45319,30,0.040863,0.056581,0.187138,33.43
bsg_noc_BaseJumpSTL_bsg_noc_repeater_node,VerihoggFormat,imported,False,1,basejump,44709,30,0.02936,0.064508,0.183747,33.32
bsg_mem_BaseJumpSTL_bsg_mem_1rw_sync_synth,VerihoggFormat,imported,False,1,basejump,44821,30,0.053403,0.045667,0.188979,33.348
bsg_misc_BaseJumpSTL_bsg_decode,VerihoggFormat,imported,False,1,basejump,42851,30,0.05236,0.043477,0.182685,33.598
bsg_dataflow_BaseJumpSTL_bsg_sort_stable,VerihoggFormat,imported,False,1,basejump,44538,30,0.038762,0.055291,0.181021,33.391
bsg_fpu_BaseJumpSTL_bsg_fpu_preprocess,VerihoggFormat,imported,False,1,basejump,43579,30,0.048656,0.04709,0.179529,33.57
bsg_dataflow_BaseJumpSTL_bsg_fifo_bypass,VerihoggFormat,imported,False,1,basejump,43568,30,0.049285,0.044318,0.181234,33.312
bsg_test_BaseJumpSTL_bsg_nonsynth_dramsim3,VerihoggFormat,imported,False,1,basejump,52785,30,0.049851,0.048973,0.197797,33.629
bsg_link_BaseJumpSTL_bsg_link_source_sync_upstream,VerihoggFormat,imported,False,1,basejump,53660,30,0.049969,0.04647,0.195099,33.406
bsg_link_BaseJumpSTL_bsg_link_oddr_phy,VerihoggFormat,imported,False,1,basejump,47388,30,0.048181,0.047048,0.179874,33.434
bsg_noc_BaseJumpSTL_bsg_noc_pkg,VerihoggFormat,imported,False,1,basejump,42686,30,0.031905,0.061404,0.172453,33.508
bsg_misc_BaseJumpSTL_bsg_buf,VerihoggFormat,imported,False,1,basejump,42608,30,0.04921,0.045719,0.180788,33.477
bsg_misc_BaseJumpSTL_bsg_mul_synth,VerihoggFormat,imported,False,1,basejump,42710,30,0.033472,0.062489,0.182912,33.562
bsg_cache_BaseJumpSTL_bsg_cache_to_test_dram_rx,VerihoggFormat,imported,False,1,basejump,46211,30,0.037491,0.060422,0.190621,33.539
bsg_misc_BaseJumpSTL_bsg_lfsr,VerihoggFormat,imported,False,1,basejump,43907,30,0.063642,0.031152,0.181766,33.445
bsg_misc_BaseJumpSTL_bsg_icg_neg,VerihoggFormat,imported,False,1,basejump,42873,30,0.053551,0.040796,0.179832,33.355
bsg_comm_link_BaseJumpSTL_bsg_source_sync_output,VerihoggFormat,imported,False,1,basejump,55162,30,0.030527,0.066054,0.186888,33.598
bsg_misc_BaseJumpSTL_bsg_mux,VerihoggFormat,imported,False,1,basejump,43108,30,0.036179,0.058544,0.181593,33.191
bsg_dataflow_BaseJumpSTL_bsg_fifo_1r1w_small_hardened_multi,VerihoggFormat,imported,False,1,basejump,52818,30,0.03626,0.059968,0.190605,33.211
bsg_mem_BaseJumpSTL_bsg_cam_1r1w,VerihoggFormat,imported,False,1,basejump,45555,30,0.037662,0.059065,0.186364,33.645
bsg_noc_BaseJumpSTL_bsg_wormhole_router_packet_parser,VerihoggFormat,imported,False,1,basejump,44051,30,0.028676,0.067854,0.183099,33.508
bsg_mem_BaseJumpSTL_bsg_mem_1r1w_synth,VerihoggFormat,imported,False,1,basejump,43732,30,0.041394,0.056198,0.18452,33.516
bsg_async_BaseJumpSTL_bsg_async_fifo,VerihoggFormat,imported,False,1,basejump,47844,30,0.066536,0.032742,0.18961,33.617
bsg_dataflow_BaseJumpSTL_bsg_serial_in_parallel_out_passthrough,VerihoggFormat,imported,False,1,basejump,45392,30,0.041682,0.053585,0.18538,33.41
bsg_noc_BaseJumpSTL_bsg_wormhole_router_decoder_dor,VerihoggFormat,imported,False,1,basejump,45398,30,0.048066,0.047886,0.185194,33.395
bsg_cache_BaseJumpSTL_bsg_cache_non_blocking_tag_mem,VerihoggFormat,imported,False,1,basejump,47767,30,0.053437,0.044702,0.198451,33.488
bsg_misc_BaseJumpSTL_bsg_mux_butterfly,VerihoggFormat,imported,False,1,basejump,44133,30,0.050098,0.044204,0.180653,33.508
bsg_misc_BaseJumpSTL_bsg_counter_dynamic_limit,VerihoggFormat,imported,False,1,basejump,43182,30,0.041325,0.05348,0.180558,33.664
bsg_noc_BaseJumpSTL_bsg_barrier,VerihoggFormat,imported,False,1,basejump,48521,30,0.031859,0.064833,0.187011,33.504
bsg_mem_BaseJumpSTL_bsg_mem_1rw_sync_banked,VerihoggFormat,imported,False,1,basejump,46390,30,0.043459,0.054211,0.18586,33.441
bsg_misc_BaseJumpSTL_bsg_lru_pseudo_tree_encode,VerihoggFormat,imported,False,1,basejump,44113,30,0.052603,0.039761,0.18158,33.215
bsg_misc_BaseJumpSTL_bsg_circular_ptr,VerihoggFormat,imported,False,1,basejump,45102,30,0.039859,0.056565,0.190139,33.449
bsg_misc_BaseJumpSTL_bsg_nand,VerihoggFormat,imported,False,1,basejump,42656,30,0.052558,0.042911,0.181313,33.199
bsg_cache_BaseJumpSTL_bsg_cache_to_axi_ordering,VerihoggFormat,imported,False,1,basejump,47777,30,0.057975,0.039273,0.191366,33.309
bsg_mem_BaseJumpSTL_bsg_mem_1r1w_sync,VerihoggFormat,imported,False,1,basejump,45768,30,0.035293,0.062102,0.185311,33.473
bsg_misc_BaseJumpSTL_bsg_counter_set_en,VerihoggFormat,imported,False,1,basejump,43091,30,0.037071,0.061931,0.186578,33.281
bsg_misc_BaseJumpSTL_bsg_expand_bitmask,VerihoggFormat,imported,False,1,basejump,43263,30,0.042127,0.049832,0.177207,33.539
bsg_misc_BaseJumpSTL_bsg_clkgate_optional,VerihoggFormat,imported,False,1,basejump,43548,30,0.038252,0.055017,0.17814,33.121
bsg_tag_BaseJumpSTL_bsg_tag_master,VerihoggFormat,imported,False,1,basejump,50029,30,0.041677,0.057303,0.192581,33.602
bsg_test_BaseJumpSTL_bsg_trace_replay,VerihoggFormat,imported,False,1,basejump,50060,30,0.034189,0.064692,0.193765,33.465
bsg_cache_BaseJumpSTL_bsg_cache_non_blocking,VerihoggFormat,imported,False,1,basejump,58795,30,0.021808,0.080739,0.213725,33.508
bsg_misc_BaseJumpSTL_bsg_lru_pseudo_tree_decode,VerihoggFormat,imported,False,1,basejump,43859,30,0.049866,0.048205,0.188261,33.309
bsg_test_BaseJumpSTL_bsg_nonsynth_dpi_clock_gen,VerihoggFormat,imported,False,1,basejump,44945,30,0.04113,0.05611,0.192257,33.543
bsg_link_BaseJumpSTL_bsg_link_sdr_upstream,VerihoggFormat,imported,False,1,basejump,45835,30,0.060271,0.035885,0.189083,33.527
bsg_misc_BaseJumpSTL_bsg_mux_segmented,VerihoggFormat,imported,False,1,basejump,43207,30,0.04835,0.044422,0.1792,33.555
bsg_dmc_BaseJumpSTL_bsg_dmc_controller,VerihoggFormat,imported,False,1,basejump,77528,30,0.057848,0.055665,0.24505,39.719
bsg_misc_BaseJumpSTL_bsg_idiv_iterative_controller,VerihoggFormat,imported,False,1,basejump,49372,30,0.046537,0.048241,0.185716,33.449
bsg_misc_BaseJumpSTL_bsg_array_reverse,VerihoggFormat,imported,False,1,basejump,42823,30,0.037284,0.058621,0.180265,33.617
bsg_comm_link_BaseJumpSTL_bsg_source_sync_channel_control_master_master,VerihoggFormat,imported,False,1,basejump,46585,30,0.036451,0.059674,0.188734,33.504
bsg_misc_BaseJumpSTL_bsg_gray_to_binary,VerihoggFormat,imported,False,1,basejump,43249,30,0.051139,0.050066,0.196661,33.301
bsg_misc_BaseJumpSTL_bsg_id_pool_with_reserve,VerihoggFormat,imported,False,1,basejump,45960,30,0.038876,0.056018,0.180329,33.406
bsg_mem_BaseJumpSTL_bsg_mem_1r1w_sync_mask_write_bit,VerihoggFormat,imported,False,1,basejump,46102,30,0.034769,0.066452,0.194009,33.52
bsg_dataflow_BaseJumpSTL_bsg_round_robin_1_to_n,VerihoggFormat,imported,False,1,basejump,44021,30,0.04432,0.049719,0.17832,33.582
bsg_dataflow_BaseJumpSTL_bsg_1_to_n_tagged,VerihoggFormat,imported,False,1,basejump,43828,30,0.031046,0.063393,0.180331,33.375
bsg_misc_BaseJumpSTL_bsg_defines,VerihoggFormat,imported,False,1,basejump,51958,30,0.056722,0.036253,0.177737,33.367
bsg_misc_BaseJumpSTL_bsg_idiv_unsigned_recip,VerihoggFormat,imported,False,1,basejump,44502,30,0.029552,0.066883,0.186167,33.289
bsg_dataflow_BaseJumpSTL_bsg_8b10b_encode_comb,VerihoggFormat,imported,False,1,basejump,45222,30,0.065204,0.034189,0.187629,33.352
bsg_misc_BaseJumpSTL_bsg_cycle_counter,VerihoggFormat,imported,False,1,basejump,42773,30,0.044994,0.049296,0.180273,33.211
bsg_mem_BaseJumpSTL_bsg_mem_1rw_sync_mask_write_byte,VerihoggFormat,imported,False,1,basejump,44261,30,0.057237,0.038027,0.184464,33.668
bsg_test_BaseJumpSTL_bsg_nonsynth_test_rom,VerihoggFormat,imported,False,1,basejump,43130,30,0.054195,0.039417,0.181161,33.383
bsg_cache_BaseJumpSTL_bsg_cache_non_blocking_mhu,VerihoggFormat,imported,False,1,basejump,69751,30,0.058642,0.048174,0.233787,39.816
bsg_link_BaseJumpSTL_bsg_link_sdr_downstream,VerihoggFormat,imported,False,1,basejump,46019,30,0.048368,0.047451,0.182096,33.32
bsg_clk_gen_BaseJumpSTL_bsg_edge_balanced_mux4,VerihoggFormat,imported,False,1,basejump,43098,30,0.05421,0.045549,0.188096,33.52
bsg_misc_BaseJumpSTL_bsg_tiehi,VerihoggFormat,imported,False,1,basejump,42643,30,0.037405,0.057411,0.181951,33.223
bsg_misc_BaseJumpSTL_bsg_mul_array,VerihoggFormat,imported,False,1,basejump,45086,30,0.060969,0.033491,0.183937,33.227
bsg_mem_BaseJumpSTL_bsg_mem_1r1w_one_hot,VerihoggFormat,imported,False,1,basejump,44278,30,0.048119,0.048734,0.184908,33.527
bsg_dataflow_BaseJumpSTL_bsg_two_buncher,VerihoggFormat,imported,False,1,basejump,45439,30,0.054574,0.04076,0.183733,33.465
bsg_cache_BaseJumpSTL_bsg_cache_to_test_dram,VerihoggFormat,imported,False,1,basejump,51770,30,0.054172,0.046104,0.198502,33.367
bsg_dataflow_BaseJumpSTL_bsg_pipeline_stall_collapse,VerihoggFormat,imported,False,1,basejump,44883,30,0.038775,0.063053,0.19331,33.504
bsg_mem_BaseJumpSTL_bsg_mem_3r1w_synth,VerihoggFormat,imported,False,1,basejump,44206,30,0.033226,0.064187,0.185808,33.559
bsg_dataflow_BaseJumpSTL_bsg_fifo_1r1w_small_hardened,VerihoggFormat,imported,False,1,basejump,47353,30,0.042658,0.05281,0.182908,33.672
bsg_misc_BaseJumpSTL_bsg_dlatch,VerihoggFormat,imported,False,1,basejump,42984,30,0.038321,0.058485,0.181839,33.203
hana_test_simulation_seq,VerihoggFormat,imported,True,0,yosys,29716,30,0.02159,0.028851,0.163472,39.555
hana_test_intermout,VerihoggFormat,imported,True,0,yosys,37332,30,0.031485,0.027465,0.202442,39.379
hana_test_simulation_nand,VerihoggFormat,imported,True,0,yosys,30087,30,0.024465,0.026477,0.167315,39.309
hana_test_simulation_decoder,VerihoggFormat,imported,True,0,yosys,40701,30,0.031238,0.02656,0.197076,39.664
hana_test_simulation_or,VerihoggFormat,imported,True,0,yosys,30177,30,0.034731,0.01709,0.167001,39.746
hana_test_simulation_inc,VerihoggFormat,imported,True,0,yosys,30112,30,0.03256,0.017191,0.169316,39.805
hana_test_simulation_xor,VerihoggFormat,imported,True,0,yosys,29945,30,0.022317,0.029471,0.167349,39.555
hana_test_simulation_and,VerihoggFormat,imported,True,0,yosys,30314,30,0.025785,0.026209,0.17174,39.66
hana_test_simulation_sop,VerihoggFormat,imported,True,0,yosys,30764,30,0.017677,0.034999,0.172084,39.789
hana_test_simulation_nor,VerihoggFormat,imported,True,0,yosys,29948,30,0.027848,0.023142,0.165675,39.527
hana_test_simulation_mux,VerihoggFormat,imported,True,0,yosys,33233,30,0.040284,0.017061,0.192557,39.461
hana_test_simulation_always,VerihoggFormat,imported,True,0,yosys,31685,30,0.030772,0.022167,0.174231,39.426
hana_test_simulation_buffer,VerihoggFormat,imported,True,0,yosys,29812,30,0.03044,0.020036,0.166717,39.832
hana_test_simulation_xnor,VerihoggFormat,imported,True,0,yosys,29954,30,0.027396,0.025229,0.168719,39.352
hana_test_parse2synthtrans,VerihoggFormat,imported,True,0,yosys,31581,30,0.035554,0.018501,0.17743,39.586
hana_test_simulation_techmap_tech,VerihoggFormat,imported,True,0,yosys,32889,30,0.026592,0.027935,0.181909,39.754
hana_test_simulation_techmap,VerihoggFormat,imported,True,0,yosys,33350,30,0.048464,0.007968,0.19415,39.48
hana_test_simulation_vlib,VerihoggFormat,imported,True,0,yosys,30977,30,0.02076,0.030882,0.169103,39.438
hana_test_simulation_shifter,VerihoggFormat,imported,True,0,yosys,30943,30,0.032172,0.019256,0.170106,39.582
expected_hdlconvertor_decoder_using_case,VerihoggFormat,imported,True,0,hdlconv,2128,30,0.004563,0.014088,0.023841,19.457
expected_hdlconvertor_generate_for,VerihoggFormat,imported,True,0,hdlconv,797,30,0.008216,0.009927,0.021857,19.219
expected_hdlconvertor_ram_sp_ar_sw,VerihoggFormat,imported,True,0,hdlconv,1964,30,0.011975,0.006886,0.023281,19.504
expected_hdlconvertor_test_verilog_primitives,VerihoggFormat,imported,True,0,hdlconv,1075,30,0.011599,0.006328,0.021611,19.477
expected_hdlconvertor_cam,VerihoggFormat,imported,True,0,hdlconv,2102,30,0.009653,0.009314,0.024623,21.527
expected_hdlconvertor_dlatch_reset,VerihoggFormat,imported,True,0,hdlconv,1188,30,0.010617,0.007119,0.020539,19.336
expected_hdlconvertor_pri_encoder_using_if,VerihoggFormat,imported,True,0,hdlconv,2556,30,0.012081,0.010435,0.034236,27.332
hdlconvertor_crc_functions,VerihoggFormat,imported,False,1,hdlconv,2127,30,0.009626,0.011323,0.031639,25.496
expected_hdlconvertor_define,VerihoggFormat,imported,True,0,hdlconv,669,30,0.01324,0.004473,0.020492,19.629
hdlconvertor_mem_base_object,VerihoggFormat,imported,True,0,hdlconv,573,30,0.004546,0.012874,0.01965,17.363
expected_hdlconvertor_uart,VerihoggFormat,imported,True,0,hdlconv,4629,30,0.004173,0.017327,0.032619,25.723
hdlconvertor_operator_type,VerihoggFormat,imported,True,0,hdlconv,473,30,0.007322,0.010555,0.019747,17.129
expected_hdlconvertor_dff_async_reset,VerihoggFormat,imported,True,0,hdlconv,1219,30,0.014282,0.004594,0.021855,19.117
expected_hdlconvertor_macro,VerihoggFormat,imported,True,0,hdlconv,580,30,0.010923,0.007125,0.020463,19.344
expected_hdlconvertor_pri_encoder_using_assign,VerihoggFormat,imported,False,71,hdlconv,1707,30,28.3735,1.670965,30.07625,20637.543
expected_hdlconvertor_ram_sp_sr_sw,VerihoggFormat,imported,True,0,hdlconv,2036,30,0.007583,0.010221,0.024071,19.488
expected_hdlconvertor_function_non_ansi,VerihoggFormat,imported,True,0,hdlconv,886,30,0.006801,0.011397,0.020677,19.293
expected_hdlconvertor_arbiter_tb,VerihoggFormat,imported,True,0,hdlconv,5152,30,0.016803,0.007191,0.047148,27.535
expected_hdlconvertor_rom_using_file,VerihoggFormat,imported,True,0,hdlconv,1062,30,0.004606,0.014216,0.022105,19.148
hdlconvertor_std2012_p90,VerihoggFormat,imported,True,0,hdlconv_std2012,653,30,0.010667,0.006998,0.019998,17.344
hdlconvertor_std2012_p142,VerihoggFormat,imported,True,0,hdlconv_std2012,517,30,0.011101,0.006449,0.019505,17.348
hdlconvertor_std2012_p84,VerihoggFormat,imported,True,0,hdlconv_std2012,468,30,0.008191,0.00943,0.019219,17.23
hdlconvertor_std2012_p94,VerihoggFormat,imported,True,0,hdlconv_std2012,1166,30,0.014469,0.003766,0.021717,19.562
hdlconvertor_std2012_p91,VerihoggFormat,imported,True,0,hdlconv_std2012,1037,30,0.007667,0.01112,0.022295,19.422
hdlconvertor_std2012_p139,VerihoggFormat,imported,True,0,hdlconv_std2012,690,30,0.005103,0.013166,0.021225,19.516
hdlconvertor_std2012_p753_1,VerihoggFormat,imported,True,0,hdlconv_std2012,915,30,0.007441,0.010449,0.021344,19.359
hdlconvertor_std2012_p148,VerihoggFormat,imported,True,0,hdlconv_std2012,843,30,0.005021,0.013375,0.021332,19.605
hdlconvertor_std2012_p49,VerihoggFormat,imported,True,0,hdlconv_std2012,467,30,0.01101,0.006684,0.019669,17.164
hdlconvertor_std2012_p154_2,VerihoggFormat,imported,True,0,hdlconv_std2012,545,30,0.007451,0.009528,0.018867,17.387
hdlconvertor_std2012_p134,VerihoggFormat,imported,True,0,hdlconv_std2012,1224,30,0.008442,0.010314,0.022349,19.422
hdlconvertor_std2012_p102,VerihoggFormat,imported,True,0,hdlconv_std2012,791,30,0.00497,0.013496,0.022189,19.414
hdlconvertor_std2012_p158,VerihoggFormat,imported,True,0,hdlconv_std2012,1155,30,0.004699,0.013536,0.022897,19.293
hdlconvertor_std2012_p88,VerihoggFormat,imported,True,0,hdlconv_std2012,771,30,0.011367,0.007073,0.021666,19.562
hdlconvertor_std2012_p753_2,VerihoggFormat,imported,True,0,hdlconv_std2012,1433,30,0.01225,0.006913,0.024957,21.082
hdlconvertor_std2012_p154_1,VerihoggFormat,imported,True,0,hdlconv_std2012,731,30,0.01779,0.0,0.02081,17.449
hdlconvertor_std2012_p58,VerihoggFormat,imported,True,0,hdlconv_std2012,946,30,0.010948,0.0066,0.021095,19.629
hdlconvertor_std2012_p160_1,VerihoggFormat,imported,True,0,hdlconv_std2012,1067,30,0.013298,0.003162,0.020687,19.422
hdlconvertor_std2012_p147,VerihoggFormat,imported,True,0,hdlconv_std2012,558,30,0.007802,0.009632,0.019845,17.52
hdlconvertor_std2012_p141,VerihoggFormat,imported,True,0,hdlconv_std2012,579,30,0.007216,0.009395,0.018776,17.562
RgGen,VerihoggFormat,cores,False,1,RgGen,196049,100,5.157439,0.303261,5.884048,1011.758
fx68k,VerihoggFormat,cores,False,1,fx68k,231305,100,0.149054,0.082949,0.812907,117.691
scr1,VerihoggFormat,cores,False,1,scr1,645848,100,0.248923,0.190164,1.536486,92.84
bp_multicore_1_cce_ucode,VerihoggFormat,cores,False,1,black-parrot,2017238,1000,4.60915,4.084668,39.662434,1483.621
bp_multicore_4_cce_ucode_cfg,VerihoggFormat,cores,False,1,black-parrot,2017246,1000,4.563065,4.111491,39.626887,1483.52
bp_multicore_4,VerihoggFormat,cores,False,1,black-parrot,2017208,1000,4.673427,3.996522,40.815871,1483.68
bp_unicore,VerihoggFormat,cores,False,1,black-parrot,2017196,1000,4.592523,4.097789,39.491005,1483.633
bp_default,VerihoggFormat,cores,False,1,black-parrot,2017196,1000,4.469981,4.232194,39.65816,1483.551
bp_multicore_1,VerihoggFormat,cores,False,1,black-parrot,2017208,1000,4.520292,4.149885,39.399144,1483.859
cva6_cv32a6_imac_sv32,VerihoggFormat,cores,False,1,ariane cva6,3251845,360,1.37873,1.139789,7.369102,331.926
cva6_cv64a6_imafdc_sv39,VerihoggFormat,cores,False,1,ariane cva6,3252153,360,1.40435,1.119676,7.337344,331.816
cva6_cv64a6_imafdc_sv39_hpdcache,VerihoggFormat,cores,False,1,ariane cva6,3252395,360,1.348661,1.189299,7.430011,332.156
cva6_tb_cv64a6_imafdc_sv39,VerihoggFormat,cores,False,1,ariane cva6,4108568,360,1.902847,1.887699,10.498191,420.648
cva6_cv64a6_imafdch_sv39,VerihoggFormat,cores,False,1,ariane cva6,3252133,360,1.383927,1.152418,7.393341,335.609
rsd,VerihoggFormat,cores,False,1,rsd,1104145,100,0.451179,0.690629,2.630728,127.086
TNoC,VerihoggFormat,cores,True,0,TNoC,128428,100,0.183905,0.252436,0.805125,29.848
